methodId,masterSeed,seedBlockIndex,lineageId,armId,stage,trial,cue,targetAction,chosenAction,correct,context
"fixed-one-factor","101","0","lineage-101","control","before","0","0","0","0","true","familiar"
"fixed-one-factor","101","0","lineage-101","control","before","1","0","0","0","true","familiar"
"fixed-one-factor","101","0","lineage-101","control","before","2","0","0","0","true","familiar"
"fixed-one-factor","101","0","lineage-101","control","before","3","0","0","0","true","familiar"
"fixed-one-factor","101","0","lineage-101","control","before","4","1","1","1","true","familiar"
"fixed-one-factor","101","0","lineage-101","control","before","5","0","0","0","true","familiar"
"fixed-one-factor","101","0","lineage-101","control","before","6","1","1","1","true","familiar"
"fixed-one-factor","101","0","lineage-101","control","before","7","0","0","0","true","familiar"
"fixed-one-factor","101","0","lineage-101","control","afterRegrowth","0","1","1","1","true","familiar"
"fixed-one-factor","101","0","lineage-101","control","afterRegrowth","1","0","0","0","true","familiar"
"fixed-one-factor","101","0","lineage-101","control","afterRegrowth","2","0","0","0","true","familiar"
"fixed-one-factor","101","0","lineage-101","control","afterRegrowth","3","0","0","0","true","familiar"
"fixed-one-factor","101","0","lineage-101","control","afterRegrowth","4","0","0","0","true","familiar"
"fixed-one-factor","101","0","lineage-101","control","afterRegrowth","5","0","0","0","true","familiar"
"fixed-one-factor","101","0","lineage-101","control","afterRegrowth","6","0","0","0","true","familiar"
"fixed-one-factor","101","0","lineage-101","control","afterRegrowth","7","0","0","0","true","familiar"
"fixed-one-factor","101","0","lineage-101","control","transfer","0","0","1","0","false","custom"
"fixed-one-factor","101","0","lineage-101","control","transfer","1","0","1","0","false","custom"
"fixed-one-factor","101","0","lineage-101","control","transfer","2","0","1","0","false","custom"
"fixed-one-factor","101","0","lineage-101","control","transfer","3","1","0","1","false","custom"
"fixed-one-factor","101","0","lineage-101","control","transfer","4","0","1","0","false","custom"
"fixed-one-factor","101","0","lineage-101","control","transfer","5","1","0","1","false","custom"
"fixed-one-factor","101","0","lineage-101","control","transfer","6","1","0","1","false","custom"
"fixed-one-factor","101","0","lineage-101","control","transfer","7","1","0","1","false","custom"
"fixed-one-factor","101","0","lineage-101","treatment","before","0","0","0","0","true","familiar"
"fixed-one-factor","101","0","lineage-101","treatment","before","1","0","0","0","true","familiar"
"fixed-one-factor","101","0","lineage-101","treatment","before","2","0","0","0","true","familiar"
"fixed-one-factor","101","0","lineage-101","treatment","before","3","0","0","0","true","familiar"
"fixed-one-factor","101","0","lineage-101","treatment","before","4","1","1","1","true","familiar"
"fixed-one-factor","101","0","lineage-101","treatment","before","5","0","0","0","true","familiar"
"fixed-one-factor","101","0","lineage-101","treatment","before","6","1","1","1","true","familiar"
"fixed-one-factor","101","0","lineage-101","treatment","before","7","0","0","0","true","familiar"
"fixed-one-factor","101","0","lineage-101","treatment","afterRegrowth","0","1","1","1","true","familiar"
"fixed-one-factor","101","0","lineage-101","treatment","afterRegrowth","1","0","0","0","true","familiar"
"fixed-one-factor","101","0","lineage-101","treatment","afterRegrowth","2","0","0","0","true","familiar"
"fixed-one-factor","101","0","lineage-101","treatment","afterRegrowth","3","0","0","0","true","familiar"
"fixed-one-factor","101","0","lineage-101","treatment","afterRegrowth","4","0","0","0","true","familiar"
"fixed-one-factor","101","0","lineage-101","treatment","afterRegrowth","5","0","0","0","true","familiar"
"fixed-one-factor","101","0","lineage-101","treatment","afterRegrowth","6","0","0","0","true","familiar"
"fixed-one-factor","101","0","lineage-101","treatment","afterRegrowth","7","0","0","0","true","familiar"
"fixed-one-factor","101","0","lineage-101","treatment","transfer","0","0","1","0","false","custom"
"fixed-one-factor","101","0","lineage-101","treatment","transfer","1","0","1","0","false","custom"
"fixed-one-factor","101","0","lineage-101","treatment","transfer","2","0","1","0","false","custom"
"fixed-one-factor","101","0","lineage-101","treatment","transfer","3","1","0","1","false","custom"
"fixed-one-factor","101","0","lineage-101","treatment","transfer","4","0","1","0","false","custom"
"fixed-one-factor","101","0","lineage-101","treatment","transfer","5","1","0","1","false","custom"
"fixed-one-factor","101","0","lineage-101","treatment","transfer","6","1","0","1","false","custom"
"fixed-one-factor","101","0","lineage-101","treatment","transfer","7","1","0","1","false","custom"
"fixed-one-factor","101","1","lineage-101","control","before","0","0","0","0","true","familiar"
"fixed-one-factor","101","1","lineage-101","control","before","1","0","0","0","true","familiar"
"fixed-one-factor","101","1","lineage-101","control","before","2","0","0","0","true","familiar"
"fixed-one-factor","101","1","lineage-101","control","before","3","0","0","0","true","familiar"
"fixed-one-factor","101","1","lineage-101","control","before","4","1","1","1","true","familiar"
"fixed-one-factor","101","1","lineage-101","control","before","5","0","0","0","true","familiar"
"fixed-one-factor","101","1","lineage-101","control","before","6","1","1","1","true","familiar"
"fixed-one-factor","101","1","lineage-101","control","before","7","0","0","0","true","familiar"
"fixed-one-factor","101","1","lineage-101","control","afterRegrowth","0","1","1","1","true","familiar"
"fixed-one-factor","101","1","lineage-101","control","afterRegrowth","1","0","0","0","true","familiar"
"fixed-one-factor","101","1","lineage-101","control","afterRegrowth","2","0","0","0","true","familiar"
"fixed-one-factor","101","1","lineage-101","control","afterRegrowth","3","0","0","0","true","familiar"
"fixed-one-factor","101","1","lineage-101","control","afterRegrowth","4","0","0","0","true","familiar"
"fixed-one-factor","101","1","lineage-101","control","afterRegrowth","5","0","0","0","true","familiar"
"fixed-one-factor","101","1","lineage-101","control","afterRegrowth","6","0","0","0","true","familiar"
"fixed-one-factor","101","1","lineage-101","control","afterRegrowth","7","0","0","0","true","familiar"
"fixed-one-factor","101","1","lineage-101","control","transfer","0","0","1","0","false","custom"
"fixed-one-factor","101","1","lineage-101","control","transfer","1","0","1","0","false","custom"
"fixed-one-factor","101","1","lineage-101","control","transfer","2","0","1","0","false","custom"
"fixed-one-factor","101","1","lineage-101","control","transfer","3","1","0","1","false","custom"
"fixed-one-factor","101","1","lineage-101","control","transfer","4","0","1","0","false","custom"
"fixed-one-factor","101","1","lineage-101","control","transfer","5","1","0","1","false","custom"
"fixed-one-factor","101","1","lineage-101","control","transfer","6","1","0","1","false","custom"
"fixed-one-factor","101","1","lineage-101","control","transfer","7","1","0","1","false","custom"
"fixed-one-factor","101","1","lineage-101","treatment","before","0","0","0","0","true","familiar"
"fixed-one-factor","101","1","lineage-101","treatment","before","1","0","0","0","true","familiar"
"fixed-one-factor","101","1","lineage-101","treatment","before","2","0","0","0","true","familiar"
"fixed-one-factor","101","1","lineage-101","treatment","before","3","0","0","0","true","familiar"
"fixed-one-factor","101","1","lineage-101","treatment","before","4","1","1","1","true","familiar"
"fixed-one-factor","101","1","lineage-101","treatment","before","5","0","0","0","true","familiar"
"fixed-one-factor","101","1","lineage-101","treatment","before","6","1","1","1","true","familiar"
"fixed-one-factor","101","1","lineage-101","treatment","before","7","0","0","0","true","familiar"
"fixed-one-factor","101","1","lineage-101","treatment","afterRegrowth","0","1","1","1","true","familiar"
"fixed-one-factor","101","1","lineage-101","treatment","afterRegrowth","1","0","0","0","true","familiar"
"fixed-one-factor","101","1","lineage-101","treatment","afterRegrowth","2","0","0","0","true","familiar"
"fixed-one-factor","101","1","lineage-101","treatment","afterRegrowth","3","0","0","0","true","familiar"
"fixed-one-factor","101","1","lineage-101","treatment","afterRegrowth","4","0","0","0","true","familiar"
"fixed-one-factor","101","1","lineage-101","treatment","afterRegrowth","5","0","0","0","true","familiar"
"fixed-one-factor","101","1","lineage-101","treatment","afterRegrowth","6","0","0","0","true","familiar"
"fixed-one-factor","101","1","lineage-101","treatment","afterRegrowth","7","0","0","0","true","familiar"
"fixed-one-factor","101","1","lineage-101","treatment","transfer","0","0","1","0","false","custom"
"fixed-one-factor","101","1","lineage-101","treatment","transfer","1","0","1","0","false","custom"
"fixed-one-factor","101","1","lineage-101","treatment","transfer","2","0","1","0","false","custom"
"fixed-one-factor","101","1","lineage-101","treatment","transfer","3","1","0","1","false","custom"
"fixed-one-factor","101","1","lineage-101","treatment","transfer","4","0","1","0","false","custom"
"fixed-one-factor","101","1","lineage-101","treatment","transfer","5","1","0","1","false","custom"
"fixed-one-factor","101","1","lineage-101","treatment","transfer","6","1","0","1","false","custom"
"fixed-one-factor","101","1","lineage-101","treatment","transfer","7","1","0","1","false","custom"
"fixed-one-factor","101","2","lineage-101","control","before","0","0","0","0","true","familiar"
"fixed-one-factor","101","2","lineage-101","control","before","1","0","0","0","true","familiar"
"fixed-one-factor","101","2","lineage-101","control","before","2","0","0","0","true","familiar"
"fixed-one-factor","101","2","lineage-101","control","before","3","0","0","0","true","familiar"
"fixed-one-factor","101","2","lineage-101","control","before","4","1","1","1","true","familiar"
"fixed-one-factor","101","2","lineage-101","control","before","5","0","0","0","true","familiar"
"fixed-one-factor","101","2","lineage-101","control","before","6","1","1","1","true","familiar"
"fixed-one-factor","101","2","lineage-101","control","before","7","0","0","0","true","familiar"
"fixed-one-factor","101","2","lineage-101","control","afterRegrowth","0","1","1","1","true","familiar"
"fixed-one-factor","101","2","lineage-101","control","afterRegrowth","1","0","0","0","true","familiar"
"fixed-one-factor","101","2","lineage-101","control","afterRegrowth","2","0","0","0","true","familiar"
"fixed-one-factor","101","2","lineage-101","control","afterRegrowth","3","0","0","0","true","familiar"
"fixed-one-factor","101","2","lineage-101","control","afterRegrowth","4","0","0","0","true","familiar"
"fixed-one-factor","101","2","lineage-101","control","afterRegrowth","5","0","0","0","true","familiar"
"fixed-one-factor","101","2","lineage-101","control","afterRegrowth","6","0","0","0","true","familiar"
"fixed-one-factor","101","2","lineage-101","control","afterRegrowth","7","0","0","0","true","familiar"
"fixed-one-factor","101","2","lineage-101","control","transfer","0","0","1","0","false","custom"
"fixed-one-factor","101","2","lineage-101","control","transfer","1","0","1","0","false","custom"
"fixed-one-factor","101","2","lineage-101","control","transfer","2","0","1","0","false","custom"
"fixed-one-factor","101","2","lineage-101","control","transfer","3","1","0","1","false","custom"
"fixed-one-factor","101","2","lineage-101","control","transfer","4","0","1","0","false","custom"
"fixed-one-factor","101","2","lineage-101","control","transfer","5","1","0","1","false","custom"
"fixed-one-factor","101","2","lineage-101","control","transfer","6","1","0","1","false","custom"
"fixed-one-factor","101","2","lineage-101","control","transfer","7","1","0","1","false","custom"
"fixed-one-factor","101","2","lineage-101","treatment","before","0","0","0","0","true","familiar"
"fixed-one-factor","101","2","lineage-101","treatment","before","1","0","0","0","true","familiar"
"fixed-one-factor","101","2","lineage-101","treatment","before","2","0","0","0","true","familiar"
"fixed-one-factor","101","2","lineage-101","treatment","before","3","0","0","0","true","familiar"
"fixed-one-factor","101","2","lineage-101","treatment","before","4","1","1","1","true","familiar"
"fixed-one-factor","101","2","lineage-101","treatment","before","5","0","0","0","true","familiar"
"fixed-one-factor","101","2","lineage-101","treatment","before","6","1","1","1","true","familiar"
"fixed-one-factor","101","2","lineage-101","treatment","before","7","0","0","0","true","familiar"
"fixed-one-factor","101","2","lineage-101","treatment","afterRegrowth","0","1","1","1","true","familiar"
"fixed-one-factor","101","2","lineage-101","treatment","afterRegrowth","1","0","0","0","true","familiar"
"fixed-one-factor","101","2","lineage-101","treatment","afterRegrowth","2","0","0","0","true","familiar"
"fixed-one-factor","101","2","lineage-101","treatment","afterRegrowth","3","0","0","0","true","familiar"
"fixed-one-factor","101","2","lineage-101","treatment","afterRegrowth","4","0","0","0","true","familiar"
"fixed-one-factor","101","2","lineage-101","treatment","afterRegrowth","5","0","0","0","true","familiar"
"fixed-one-factor","101","2","lineage-101","treatment","afterRegrowth","6","0","0","0","true","familiar"
"fixed-one-factor","101","2","lineage-101","treatment","afterRegrowth","7","0","0","0","true","familiar"
"fixed-one-factor","101","2","lineage-101","treatment","transfer","0","0","1","0","false","custom"
"fixed-one-factor","101","2","lineage-101","treatment","transfer","1","0","1","0","false","custom"
"fixed-one-factor","101","2","lineage-101","treatment","transfer","2","0","1","0","false","custom"
"fixed-one-factor","101","2","lineage-101","treatment","transfer","3","1","0","1","false","custom"
"fixed-one-factor","101","2","lineage-101","treatment","transfer","4","0","1","0","false","custom"
"fixed-one-factor","101","2","lineage-101","treatment","transfer","5","1","0","1","false","custom"
"fixed-one-factor","101","2","lineage-101","treatment","transfer","6","1","0","1","false","custom"
"fixed-one-factor","101","2","lineage-101","treatment","transfer","7","1","0","1","false","custom"
"fixed-one-factor","101","3","lineage-101","control","before","0","0","0","0","true","familiar"
"fixed-one-factor","101","3","lineage-101","control","before","1","0","0","0","true","familiar"
"fixed-one-factor","101","3","lineage-101","control","before","2","0","0","0","true","familiar"
"fixed-one-factor","101","3","lineage-101","control","before","3","0","0","0","true","familiar"
"fixed-one-factor","101","3","lineage-101","control","before","4","1","1","1","true","familiar"
"fixed-one-factor","101","3","lineage-101","control","before","5","0","0","0","true","familiar"
"fixed-one-factor","101","3","lineage-101","control","before","6","1","1","1","true","familiar"
"fixed-one-factor","101","3","lineage-101","control","before","7","0","0","0","true","familiar"
"fixed-one-factor","101","3","lineage-101","control","afterRegrowth","0","1","1","1","true","familiar"
"fixed-one-factor","101","3","lineage-101","control","afterRegrowth","1","0","0","0","true","familiar"
"fixed-one-factor","101","3","lineage-101","control","afterRegrowth","2","0","0","0","true","familiar"
"fixed-one-factor","101","3","lineage-101","control","afterRegrowth","3","0","0","0","true","familiar"
"fixed-one-factor","101","3","lineage-101","control","afterRegrowth","4","0","0","0","true","familiar"
"fixed-one-factor","101","3","lineage-101","control","afterRegrowth","5","0","0","0","true","familiar"
"fixed-one-factor","101","3","lineage-101","control","afterRegrowth","6","0","0","0","true","familiar"
"fixed-one-factor","101","3","lineage-101","control","afterRegrowth","7","0","0","0","true","familiar"
"fixed-one-factor","101","3","lineage-101","control","transfer","0","0","1","0","false","custom"
"fixed-one-factor","101","3","lineage-101","control","transfer","1","0","1","0","false","custom"
"fixed-one-factor","101","3","lineage-101","control","transfer","2","0","1","0","false","custom"
"fixed-one-factor","101","3","lineage-101","control","transfer","3","1","0","1","false","custom"
"fixed-one-factor","101","3","lineage-101","control","transfer","4","0","1","0","false","custom"
"fixed-one-factor","101","3","lineage-101","control","transfer","5","1","0","1","false","custom"
"fixed-one-factor","101","3","lineage-101","control","transfer","6","1","0","1","false","custom"
"fixed-one-factor","101","3","lineage-101","control","transfer","7","1","0","1","false","custom"
"fixed-one-factor","101","3","lineage-101","treatment","before","0","0","0","0","true","familiar"
"fixed-one-factor","101","3","lineage-101","treatment","before","1","0","0","0","true","familiar"
"fixed-one-factor","101","3","lineage-101","treatment","before","2","0","0","0","true","familiar"
"fixed-one-factor","101","3","lineage-101","treatment","before","3","0","0","0","true","familiar"
"fixed-one-factor","101","3","lineage-101","treatment","before","4","1","1","1","true","familiar"
"fixed-one-factor","101","3","lineage-101","treatment","before","5","0","0","0","true","familiar"
"fixed-one-factor","101","3","lineage-101","treatment","before","6","1","1","1","true","familiar"
"fixed-one-factor","101","3","lineage-101","treatment","before","7","0","0","0","true","familiar"
"fixed-one-factor","101","3","lineage-101","treatment","afterRegrowth","0","1","1","1","true","familiar"
"fixed-one-factor","101","3","lineage-101","treatment","afterRegrowth","1","0","0","0","true","familiar"
"fixed-one-factor","101","3","lineage-101","treatment","afterRegrowth","2","0","0","0","true","familiar"
"fixed-one-factor","101","3","lineage-101","treatment","afterRegrowth","3","0","0","0","true","familiar"
"fixed-one-factor","101","3","lineage-101","treatment","afterRegrowth","4","0","0","0","true","familiar"
"fixed-one-factor","101","3","lineage-101","treatment","afterRegrowth","5","0","0","0","true","familiar"
"fixed-one-factor","101","3","lineage-101","treatment","afterRegrowth","6","0","0","0","true","familiar"
"fixed-one-factor","101","3","lineage-101","treatment","afterRegrowth","7","0","0","0","true","familiar"
"fixed-one-factor","101","3","lineage-101","treatment","transfer","0","0","1","0","false","custom"
"fixed-one-factor","101","3","lineage-101","treatment","transfer","1","0","1","0","false","custom"
"fixed-one-factor","101","3","lineage-101","treatment","transfer","2","0","1","0","false","custom"
"fixed-one-factor","101","3","lineage-101","treatment","transfer","3","1","0","1","false","custom"
"fixed-one-factor","101","3","lineage-101","treatment","transfer","4","0","1","0","false","custom"
"fixed-one-factor","101","3","lineage-101","treatment","transfer","5","1","0","1","false","custom"
"fixed-one-factor","101","3","lineage-101","treatment","transfer","6","1","0","1","false","custom"
"fixed-one-factor","101","3","lineage-101","treatment","transfer","7","1","0","1","false","custom"
"fixed-one-factor","101","4","lineage-101","control","before","0","0","0","0","true","familiar"
"fixed-one-factor","101","4","lineage-101","control","before","1","0","0","0","true","familiar"
"fixed-one-factor","101","4","lineage-101","control","before","2","0","0","0","true","familiar"
"fixed-one-factor","101","4","lineage-101","control","before","3","0","0","0","true","familiar"
"fixed-one-factor","101","4","lineage-101","control","before","4","1","1","1","true","familiar"
"fixed-one-factor","101","4","lineage-101","control","before","5","0","0","0","true","familiar"
"fixed-one-factor","101","4","lineage-101","control","before","6","1","1","1","true","familiar"
"fixed-one-factor","101","4","lineage-101","control","before","7","0","0","0","true","familiar"
"fixed-one-factor","101","4","lineage-101","control","afterRegrowth","0","1","1","1","true","familiar"
"fixed-one-factor","101","4","lineage-101","control","afterRegrowth","1","0","0","0","true","familiar"
"fixed-one-factor","101","4","lineage-101","control","afterRegrowth","2","0","0","0","true","familiar"
"fixed-one-factor","101","4","lineage-101","control","afterRegrowth","3","0","0","0","true","familiar"
"fixed-one-factor","101","4","lineage-101","control","afterRegrowth","4","0","0","0","true","familiar"
"fixed-one-factor","101","4","lineage-101","control","afterRegrowth","5","0","0","0","true","familiar"
"fixed-one-factor","101","4","lineage-101","control","afterRegrowth","6","0","0","0","true","familiar"
"fixed-one-factor","101","4","lineage-101","control","afterRegrowth","7","0","0","0","true","familiar"
"fixed-one-factor","101","4","lineage-101","control","transfer","0","0","1","0","false","custom"
"fixed-one-factor","101","4","lineage-101","control","transfer","1","0","1","0","false","custom"
"fixed-one-factor","101","4","lineage-101","control","transfer","2","0","1","0","false","custom"
"fixed-one-factor","101","4","lineage-101","control","transfer","3","1","0","1","false","custom"
"fixed-one-factor","101","4","lineage-101","control","transfer","4","0","1","0","false","custom"
"fixed-one-factor","101","4","lineage-101","control","transfer","5","1","0","1","false","custom"
"fixed-one-factor","101","4","lineage-101","control","transfer","6","1","0","1","false","custom"
"fixed-one-factor","101","4","lineage-101","control","transfer","7","1","0","1","false","custom"
"fixed-one-factor","101","4","lineage-101","treatment","before","0","0","0","0","true","familiar"
"fixed-one-factor","101","4","lineage-101","treatment","before","1","0","0","0","true","familiar"
"fixed-one-factor","101","4","lineage-101","treatment","before","2","0","0","0","true","familiar"
"fixed-one-factor","101","4","lineage-101","treatment","before","3","0","0","0","true","familiar"
"fixed-one-factor","101","4","lineage-101","treatment","before","4","1","1","1","true","familiar"
"fixed-one-factor","101","4","lineage-101","treatment","before","5","0","0","0","true","familiar"
"fixed-one-factor","101","4","lineage-101","treatment","before","6","1","1","1","true","familiar"
"fixed-one-factor","101","4","lineage-101","treatment","before","7","0","0","0","true","familiar"
"fixed-one-factor","101","4","lineage-101","treatment","afterRegrowth","0","1","1","1","true","familiar"
"fixed-one-factor","101","4","lineage-101","treatment","afterRegrowth","1","0","0","0","true","familiar"
"fixed-one-factor","101","4","lineage-101","treatment","afterRegrowth","2","0","0","0","true","familiar"
"fixed-one-factor","101","4","lineage-101","treatment","afterRegrowth","3","0","0","0","true","familiar"
"fixed-one-factor","101","4","lineage-101","treatment","afterRegrowth","4","0","0","0","true","familiar"
"fixed-one-factor","101","4","lineage-101","treatment","afterRegrowth","5","0","0","0","true","familiar"
"fixed-one-factor","101","4","lineage-101","treatment","afterRegrowth","6","0","0","0","true","familiar"
"fixed-one-factor","101","4","lineage-101","treatment","afterRegrowth","7","0","0","0","true","familiar"
"fixed-one-factor","101","4","lineage-101","treatment","transfer","0","0","1","0","false","custom"
"fixed-one-factor","101","4","lineage-101","treatment","transfer","1","0","1","0","false","custom"
"fixed-one-factor","101","4","lineage-101","treatment","transfer","2","0","1","0","false","custom"
"fixed-one-factor","101","4","lineage-101","treatment","transfer","3","1","0","1","false","custom"
"fixed-one-factor","101","4","lineage-101","treatment","transfer","4","0","1","0","false","custom"
"fixed-one-factor","101","4","lineage-101","treatment","transfer","5","1","0","1","false","custom"
"fixed-one-factor","101","4","lineage-101","treatment","transfer","6","1","0","1","false","custom"
"fixed-one-factor","101","4","lineage-101","treatment","transfer","7","1","0","1","false","custom"
"fixed-factorial","101","0","lineage-101","control","before","0","0","0","0","true","familiar"
"fixed-factorial","101","0","lineage-101","control","before","1","0","0","0","true","familiar"
"fixed-factorial","101","0","lineage-101","control","before","2","0","0","0","true","familiar"
"fixed-factorial","101","0","lineage-101","control","before","3","0","0","0","true","familiar"
"fixed-factorial","101","0","lineage-101","control","before","4","1","1","1","true","familiar"
"fixed-factorial","101","0","lineage-101","control","before","5","0","0","0","true","familiar"
"fixed-factorial","101","0","lineage-101","control","before","6","1","1","1","true","familiar"
"fixed-factorial","101","0","lineage-101","control","before","7","0","0","0","true","familiar"
"fixed-factorial","101","0","lineage-101","control","afterRegrowth","0","1","1","1","true","familiar"
"fixed-factorial","101","0","lineage-101","control","afterRegrowth","1","0","0","0","true","familiar"
"fixed-factorial","101","0","lineage-101","control","afterRegrowth","2","0","0","0","true","familiar"
"fixed-factorial","101","0","lineage-101","control","afterRegrowth","3","0","0","0","true","familiar"
"fixed-factorial","101","0","lineage-101","control","afterRegrowth","4","0","0","0","true","familiar"
"fixed-factorial","101","0","lineage-101","control","afterRegrowth","5","0","0","0","true","familiar"
"fixed-factorial","101","0","lineage-101","control","afterRegrowth","6","0","0","0","true","familiar"
"fixed-factorial","101","0","lineage-101","control","afterRegrowth","7","0","0","0","true","familiar"
"fixed-factorial","101","0","lineage-101","control","transfer","0","0","1","0","false","custom"
"fixed-factorial","101","0","lineage-101","control","transfer","1","0","1","0","false","custom"
"fixed-factorial","101","0","lineage-101","control","transfer","2","0","1","0","false","custom"
"fixed-factorial","101","0","lineage-101","control","transfer","3","1","0","1","false","custom"
"fixed-factorial","101","0","lineage-101","control","transfer","4","0","1","0","false","custom"
"fixed-factorial","101","0","lineage-101","control","transfer","5","1","0","1","false","custom"
"fixed-factorial","101","0","lineage-101","control","transfer","6","1","0","1","false","custom"
"fixed-factorial","101","0","lineage-101","control","transfer","7","1","0","1","false","custom"
"fixed-factorial","101","0","lineage-101","treatment","before","0","0","0","0","true","familiar"
"fixed-factorial","101","0","lineage-101","treatment","before","1","0","0","0","true","familiar"
"fixed-factorial","101","0","lineage-101","treatment","before","2","0","0","0","true","familiar"
"fixed-factorial","101","0","lineage-101","treatment","before","3","0","0","0","true","familiar"
"fixed-factorial","101","0","lineage-101","treatment","before","4","1","1","1","true","familiar"
"fixed-factorial","101","0","lineage-101","treatment","before","5","0","0","0","true","familiar"
"fixed-factorial","101","0","lineage-101","treatment","before","6","1","1","1","true","familiar"
"fixed-factorial","101","0","lineage-101","treatment","before","7","0","0","0","true","familiar"
"fixed-factorial","101","0","lineage-101","treatment","afterRegrowth","0","1","1","1","true","familiar"
"fixed-factorial","101","0","lineage-101","treatment","afterRegrowth","1","0","0","0","true","familiar"
"fixed-factorial","101","0","lineage-101","treatment","afterRegrowth","2","0","0","0","true","familiar"
"fixed-factorial","101","0","lineage-101","treatment","afterRegrowth","3","0","0","0","true","familiar"
"fixed-factorial","101","0","lineage-101","treatment","afterRegrowth","4","0","0","0","true","familiar"
"fixed-factorial","101","0","lineage-101","treatment","afterRegrowth","5","0","0","0","true","familiar"
"fixed-factorial","101","0","lineage-101","treatment","afterRegrowth","6","0","0","0","true","familiar"
"fixed-factorial","101","0","lineage-101","treatment","afterRegrowth","7","0","0","0","true","familiar"
"fixed-factorial","101","0","lineage-101","treatment","transfer","0","0","1","0","false","custom"
"fixed-factorial","101","0","lineage-101","treatment","transfer","1","0","1","0","false","custom"
"fixed-factorial","101","0","lineage-101","treatment","transfer","2","0","1","0","false","custom"
"fixed-factorial","101","0","lineage-101","treatment","transfer","3","1","0","1","false","custom"
"fixed-factorial","101","0","lineage-101","treatment","transfer","4","0","1","0","false","custom"
"fixed-factorial","101","0","lineage-101","treatment","transfer","5","1","0","1","false","custom"
"fixed-factorial","101","0","lineage-101","treatment","transfer","6","1","0","1","false","custom"
"fixed-factorial","101","0","lineage-101","treatment","transfer","7","1","0","1","false","custom"
"fixed-factorial","101","1","lineage-101","control","before","0","0","0","0","true","familiar"
"fixed-factorial","101","1","lineage-101","control","before","1","0","0","0","true","familiar"
"fixed-factorial","101","1","lineage-101","control","before","2","0","0","0","true","familiar"
"fixed-factorial","101","1","lineage-101","control","before","3","0","0","0","true","familiar"
"fixed-factorial","101","1","lineage-101","control","before","4","1","1","1","true","familiar"
"fixed-factorial","101","1","lineage-101","control","before","5","0","0","0","true","familiar"
"fixed-factorial","101","1","lineage-101","control","before","6","1","1","1","true","familiar"
"fixed-factorial","101","1","lineage-101","control","before","7","0","0","0","true","familiar"
"fixed-factorial","101","1","lineage-101","control","afterRegrowth","0","1","1","1","true","familiar"
"fixed-factorial","101","1","lineage-101","control","afterRegrowth","1","0","0","0","true","familiar"
"fixed-factorial","101","1","lineage-101","control","afterRegrowth","2","0","0","0","true","familiar"
"fixed-factorial","101","1","lineage-101","control","afterRegrowth","3","0","0","0","true","familiar"
"fixed-factorial","101","1","lineage-101","control","afterRegrowth","4","0","0","0","true","familiar"
"fixed-factorial","101","1","lineage-101","control","afterRegrowth","5","0","0","0","true","familiar"
"fixed-factorial","101","1","lineage-101","control","afterRegrowth","6","0","0","0","true","familiar"
"fixed-factorial","101","1","lineage-101","control","afterRegrowth","7","0","0","0","true","familiar"
"fixed-factorial","101","1","lineage-101","control","transfer","0","0","1","0","false","custom"
"fixed-factorial","101","1","lineage-101","control","transfer","1","0","1","0","false","custom"
"fixed-factorial","101","1","lineage-101","control","transfer","2","0","1","0","false","custom"
"fixed-factorial","101","1","lineage-101","control","transfer","3","1","0","1","false","custom"
"fixed-factorial","101","1","lineage-101","control","transfer","4","0","1","0","false","custom"
"fixed-factorial","101","1","lineage-101","control","transfer","5","1","0","1","false","custom"
"fixed-factorial","101","1","lineage-101","control","transfer","6","1","0","1","false","custom"
"fixed-factorial","101","1","lineage-101","control","transfer","7","1","0","1","false","custom"
"fixed-factorial","101","1","lineage-101","treatment","before","0","0","0","0","true","familiar"
"fixed-factorial","101","1","lineage-101","treatment","before","1","0","0","0","true","familiar"
"fixed-factorial","101","1","lineage-101","treatment","before","2","0","0","0","true","familiar"
"fixed-factorial","101","1","lineage-101","treatment","before","3","0","0","0","true","familiar"
"fixed-factorial","101","1","lineage-101","treatment","before","4","1","1","1","true","familiar"
"fixed-factorial","101","1","lineage-101","treatment","before","5","0","0","0","true","familiar"
"fixed-factorial","101","1","lineage-101","treatment","before","6","1","1","1","true","familiar"
"fixed-factorial","101","1","lineage-101","treatment","before","7","0","0","0","true","familiar"
"fixed-factorial","101","1","lineage-101","treatment","afterRegrowth","0","1","1","1","true","familiar"
"fixed-factorial","101","1","lineage-101","treatment","afterRegrowth","1","0","0","0","true","familiar"
"fixed-factorial","101","1","lineage-101","treatment","afterRegrowth","2","0","0","0","true","familiar"
"fixed-factorial","101","1","lineage-101","treatment","afterRegrowth","3","0","0","0","true","familiar"
"fixed-factorial","101","1","lineage-101","treatment","afterRegrowth","4","0","0","0","true","familiar"
"fixed-factorial","101","1","lineage-101","treatment","afterRegrowth","5","0","0","0","true","familiar"
"fixed-factorial","101","1","lineage-101","treatment","afterRegrowth","6","0","0","0","true","familiar"
"fixed-factorial","101","1","lineage-101","treatment","afterRegrowth","7","0","0","0","true","familiar"
"fixed-factorial","101","1","lineage-101","treatment","transfer","0","0","1","0","false","custom"
"fixed-factorial","101","1","lineage-101","treatment","transfer","1","0","1","0","false","custom"
"fixed-factorial","101","1","lineage-101","treatment","transfer","2","0","1","0","false","custom"
"fixed-factorial","101","1","lineage-101","treatment","transfer","3","1","0","1","false","custom"
"fixed-factorial","101","1","lineage-101","treatment","transfer","4","0","1","0","false","custom"
"fixed-factorial","101","1","lineage-101","treatment","transfer","5","1","0","1","false","custom"
"fixed-factorial","101","1","lineage-101","treatment","transfer","6","1","0","1","false","custom"
"fixed-factorial","101","1","lineage-101","treatment","transfer","7","1","0","1","false","custom"
"fixed-factorial","101","2","lineage-101","control","before","0","0","0","0","true","familiar"
"fixed-factorial","101","2","lineage-101","control","before","1","0","0","0","true","familiar"
"fixed-factorial","101","2","lineage-101","control","before","2","0","0","0","true","familiar"
"fixed-factorial","101","2","lineage-101","control","before","3","0","0","0","true","familiar"
"fixed-factorial","101","2","lineage-101","control","before","4","1","1","1","true","familiar"
"fixed-factorial","101","2","lineage-101","control","before","5","0","0","0","true","familiar"
"fixed-factorial","101","2","lineage-101","control","before","6","1","1","1","true","familiar"
"fixed-factorial","101","2","lineage-101","control","before","7","0","0","0","true","familiar"
"fixed-factorial","101","2","lineage-101","control","afterRegrowth","0","1","1","1","true","familiar"
"fixed-factorial","101","2","lineage-101","control","afterRegrowth","1","0","0","0","true","familiar"
"fixed-factorial","101","2","lineage-101","control","afterRegrowth","2","0","0","0","true","familiar"
"fixed-factorial","101","2","lineage-101","control","afterRegrowth","3","0","0","0","true","familiar"
"fixed-factorial","101","2","lineage-101","control","afterRegrowth","4","0","0","0","true","familiar"
"fixed-factorial","101","2","lineage-101","control","afterRegrowth","5","0","0","0","true","familiar"
"fixed-factorial","101","2","lineage-101","control","afterRegrowth","6","0","0","0","true","familiar"
"fixed-factorial","101","2","lineage-101","control","afterRegrowth","7","0","0","0","true","familiar"
"fixed-factorial","101","2","lineage-101","control","transfer","0","0","1","0","false","custom"
"fixed-factorial","101","2","lineage-101","control","transfer","1","0","1","0","false","custom"
"fixed-factorial","101","2","lineage-101","control","transfer","2","0","1","0","false","custom"
"fixed-factorial","101","2","lineage-101","control","transfer","3","1","0","1","false","custom"
"fixed-factorial","101","2","lineage-101","control","transfer","4","0","1","0","false","custom"
"fixed-factorial","101","2","lineage-101","control","transfer","5","1","0","1","false","custom"
"fixed-factorial","101","2","lineage-101","control","transfer","6","1","0","1","false","custom"
"fixed-factorial","101","2","lineage-101","control","transfer","7","1","0","1","false","custom"
"fixed-factorial","101","2","lineage-101","treatment","before","0","0","0","0","true","familiar"
"fixed-factorial","101","2","lineage-101","treatment","before","1","0","0","0","true","familiar"
"fixed-factorial","101","2","lineage-101","treatment","before","2","0","0","0","true","familiar"
"fixed-factorial","101","2","lineage-101","treatment","before","3","0","0","0","true","familiar"
"fixed-factorial","101","2","lineage-101","treatment","before","4","1","1","1","true","familiar"
"fixed-factorial","101","2","lineage-101","treatment","before","5","0","0","0","true","familiar"
"fixed-factorial","101","2","lineage-101","treatment","before","6","1","1","1","true","familiar"
"fixed-factorial","101","2","lineage-101","treatment","before","7","0","0","0","true","familiar"
"fixed-factorial","101","2","lineage-101","treatment","afterRegrowth","0","1","1","1","true","familiar"
"fixed-factorial","101","2","lineage-101","treatment","afterRegrowth","1","0","0","0","true","familiar"
"fixed-factorial","101","2","lineage-101","treatment","afterRegrowth","2","0","0","0","true","familiar"
"fixed-factorial","101","2","lineage-101","treatment","afterRegrowth","3","0","0","0","true","familiar"
"fixed-factorial","101","2","lineage-101","treatment","afterRegrowth","4","0","0","0","true","familiar"
"fixed-factorial","101","2","lineage-101","treatment","afterRegrowth","5","0","0","0","true","familiar"
"fixed-factorial","101","2","lineage-101","treatment","afterRegrowth","6","0","0","0","true","familiar"
"fixed-factorial","101","2","lineage-101","treatment","afterRegrowth","7","0","0","0","true","familiar"
"fixed-factorial","101","2","lineage-101","treatment","transfer","0","0","1","0","false","custom"
"fixed-factorial","101","2","lineage-101","treatment","transfer","1","0","1","0","false","custom"
"fixed-factorial","101","2","lineage-101","treatment","transfer","2","0","1","0","false","custom"
"fixed-factorial","101","2","lineage-101","treatment","transfer","3","1","0","1","false","custom"
"fixed-factorial","101","2","lineage-101","treatment","transfer","4","0","1","0","false","custom"
"fixed-factorial","101","2","lineage-101","treatment","transfer","5","1","0","1","false","custom"
"fixed-factorial","101","2","lineage-101","treatment","transfer","6","1","0","1","false","custom"
"fixed-factorial","101","2","lineage-101","treatment","transfer","7","1","0","1","false","custom"
"fixed-factorial","101","3","lineage-101","control","before","0","0","0","0","true","familiar"
"fixed-factorial","101","3","lineage-101","control","before","1","0","0","0","true","familiar"
"fixed-factorial","101","3","lineage-101","control","before","2","0","0","0","true","familiar"
"fixed-factorial","101","3","lineage-101","control","before","3","0","0","0","true","familiar"
"fixed-factorial","101","3","lineage-101","control","before","4","1","1","1","true","familiar"
"fixed-factorial","101","3","lineage-101","control","before","5","0","0","0","true","familiar"
"fixed-factorial","101","3","lineage-101","control","before","6","1","1","1","true","familiar"
"fixed-factorial","101","3","lineage-101","control","before","7","0","0","0","true","familiar"
"fixed-factorial","101","3","lineage-101","control","afterRegrowth","0","1","1","1","true","familiar"
"fixed-factorial","101","3","lineage-101","control","afterRegrowth","1","0","0","0","true","familiar"
"fixed-factorial","101","3","lineage-101","control","afterRegrowth","2","0","0","0","true","familiar"
"fixed-factorial","101","3","lineage-101","control","afterRegrowth","3","0","0","0","true","familiar"
"fixed-factorial","101","3","lineage-101","control","afterRegrowth","4","0","0","0","true","familiar"
"fixed-factorial","101","3","lineage-101","control","afterRegrowth","5","0","0","0","true","familiar"
"fixed-factorial","101","3","lineage-101","control","afterRegrowth","6","0","0","0","true","familiar"
"fixed-factorial","101","3","lineage-101","control","afterRegrowth","7","0","0","0","true","familiar"
"fixed-factorial","101","3","lineage-101","control","transfer","0","0","1","0","false","custom"
"fixed-factorial","101","3","lineage-101","control","transfer","1","0","1","0","false","custom"
"fixed-factorial","101","3","lineage-101","control","transfer","2","0","1","0","false","custom"
"fixed-factorial","101","3","lineage-101","control","transfer","3","1","0","1","false","custom"
"fixed-factorial","101","3","lineage-101","control","transfer","4","0","1","0","false","custom"
"fixed-factorial","101","3","lineage-101","control","transfer","5","1","0","1","false","custom"
"fixed-factorial","101","3","lineage-101","control","transfer","6","1","0","1","false","custom"
"fixed-factorial","101","3","lineage-101","control","transfer","7","1","0","1","false","custom"
"fixed-factorial","101","3","lineage-101","treatment","before","0","0","0","0","true","familiar"
"fixed-factorial","101","3","lineage-101","treatment","before","1","0","0","0","true","familiar"
"fixed-factorial","101","3","lineage-101","treatment","before","2","0","0","0","true","familiar"
"fixed-factorial","101","3","lineage-101","treatment","before","3","0","0","0","true","familiar"
"fixed-factorial","101","3","lineage-101","treatment","before","4","1","1","1","true","familiar"
"fixed-factorial","101","3","lineage-101","treatment","before","5","0","0","0","true","familiar"
"fixed-factorial","101","3","lineage-101","treatment","before","6","1","1","1","true","familiar"
"fixed-factorial","101","3","lineage-101","treatment","before","7","0","0","0","true","familiar"
"fixed-factorial","101","3","lineage-101","treatment","afterRegrowth","0","1","1","1","true","familiar"
"fixed-factorial","101","3","lineage-101","treatment","afterRegrowth","1","0","0","0","true","familiar"
"fixed-factorial","101","3","lineage-101","treatment","afterRegrowth","2","0","0","0","true","familiar"
"fixed-factorial","101","3","lineage-101","treatment","afterRegrowth","3","0","0","0","true","familiar"
"fixed-factorial","101","3","lineage-101","treatment","afterRegrowth","4","0","0","0","true","familiar"
"fixed-factorial","101","3","lineage-101","treatment","afterRegrowth","5","0","0","0","true","familiar"
"fixed-factorial","101","3","lineage-101","treatment","afterRegrowth","6","0","0","0","true","familiar"
"fixed-factorial","101","3","lineage-101","treatment","afterRegrowth","7","0","0","0","true","familiar"
"fixed-factorial","101","3","lineage-101","treatment","transfer","0","0","1","0","false","custom"
"fixed-factorial","101","3","lineage-101","treatment","transfer","1","0","1","0","false","custom"
"fixed-factorial","101","3","lineage-101","treatment","transfer","2","0","1","0","false","custom"
"fixed-factorial","101","3","lineage-101","treatment","transfer","3","1","0","1","false","custom"
"fixed-factorial","101","3","lineage-101","treatment","transfer","4","0","1","0","false","custom"
"fixed-factorial","101","3","lineage-101","treatment","transfer","5","1","0","1","false","custom"
"fixed-factorial","101","3","lineage-101","treatment","transfer","6","1","0","1","false","custom"
"fixed-factorial","101","3","lineage-101","treatment","transfer","7","1","0","1","false","custom"
"fixed-factorial","101","4","lineage-101","control","before","0","0","0","0","true","familiar"
"fixed-factorial","101","4","lineage-101","control","before","1","0","0","0","true","familiar"
"fixed-factorial","101","4","lineage-101","control","before","2","0","0","0","true","familiar"
"fixed-factorial","101","4","lineage-101","control","before","3","0","0","0","true","familiar"
"fixed-factorial","101","4","lineage-101","control","before","4","1","1","1","true","familiar"
"fixed-factorial","101","4","lineage-101","control","before","5","0","0","0","true","familiar"
"fixed-factorial","101","4","lineage-101","control","before","6","1","1","1","true","familiar"
"fixed-factorial","101","4","lineage-101","control","before","7","0","0","0","true","familiar"
"fixed-factorial","101","4","lineage-101","control","afterRegrowth","0","1","1","1","true","familiar"
"fixed-factorial","101","4","lineage-101","control","afterRegrowth","1","0","0","0","true","familiar"
"fixed-factorial","101","4","lineage-101","control","afterRegrowth","2","0","0","0","true","familiar"
"fixed-factorial","101","4","lineage-101","control","afterRegrowth","3","0","0","0","true","familiar"
"fixed-factorial","101","4","lineage-101","control","afterRegrowth","4","0","0","0","true","familiar"
"fixed-factorial","101","4","lineage-101","control","afterRegrowth","5","0","0","0","true","familiar"
"fixed-factorial","101","4","lineage-101","control","afterRegrowth","6","0","0","0","true","familiar"
"fixed-factorial","101","4","lineage-101","control","afterRegrowth","7","0","0","0","true","familiar"
"fixed-factorial","101","4","lineage-101","control","transfer","0","0","1","0","false","custom"
"fixed-factorial","101","4","lineage-101","control","transfer","1","0","1","0","false","custom"
"fixed-factorial","101","4","lineage-101","control","transfer","2","0","1","0","false","custom"
"fixed-factorial","101","4","lineage-101","control","transfer","3","1","0","1","false","custom"
"fixed-factorial","101","4","lineage-101","control","transfer","4","0","1","0","false","custom"
"fixed-factorial","101","4","lineage-101","control","transfer","5","1","0","1","false","custom"
"fixed-factorial","101","4","lineage-101","control","transfer","6","1","0","1","false","custom"
"fixed-factorial","101","4","lineage-101","control","transfer","7","1","0","1","false","custom"
"fixed-factorial","101","4","lineage-101","treatment","before","0","0","0","0","true","familiar"
"fixed-factorial","101","4","lineage-101","treatment","before","1","0","0","0","true","familiar"
"fixed-factorial","101","4","lineage-101","treatment","before","2","0","0","0","true","familiar"
"fixed-factorial","101","4","lineage-101","treatment","before","3","0","0","0","true","familiar"
"fixed-factorial","101","4","lineage-101","treatment","before","4","1","1","1","true","familiar"
"fixed-factorial","101","4","lineage-101","treatment","before","5","0","0","0","true","familiar"
"fixed-factorial","101","4","lineage-101","treatment","before","6","1","1","1","true","familiar"
"fixed-factorial","101","4","lineage-101","treatment","before","7","0","0","0","true","familiar"
"fixed-factorial","101","4","lineage-101","treatment","afterRegrowth","0","1","1","1","true","familiar"
"fixed-factorial","101","4","lineage-101","treatment","afterRegrowth","1","0","0","0","true","familiar"
"fixed-factorial","101","4","lineage-101","treatment","afterRegrowth","2","0","0","0","true","familiar"
"fixed-factorial","101","4","lineage-101","treatment","afterRegrowth","3","0","0","0","true","familiar"
"fixed-factorial","101","4","lineage-101","treatment","afterRegrowth","4","0","0","0","true","familiar"
"fixed-factorial","101","4","lineage-101","treatment","afterRegrowth","5","0","0","0","true","familiar"
"fixed-factorial","101","4","lineage-101","treatment","afterRegrowth","6","0","0","0","true","familiar"
"fixed-factorial","101","4","lineage-101","treatment","afterRegrowth","7","0","0","0","true","familiar"
"fixed-factorial","101","4","lineage-101","treatment","transfer","0","0","1","0","false","custom"
"fixed-factorial","101","4","lineage-101","treatment","transfer","1","0","1","0","false","custom"
"fixed-factorial","101","4","lineage-101","treatment","transfer","2","0","1","0","false","custom"
"fixed-factorial","101","4","lineage-101","treatment","transfer","3","1","0","1","false","custom"
"fixed-factorial","101","4","lineage-101","treatment","transfer","4","0","1","0","false","custom"
"fixed-factorial","101","4","lineage-101","treatment","transfer","5","1","0","1","false","custom"
"fixed-factorial","101","4","lineage-101","treatment","transfer","6","1","0","1","false","custom"
"fixed-factorial","101","4","lineage-101","treatment","transfer","7","1","0","1","false","custom"
"random-equal-budget","101","0","lineage-101","control","before","0","0","0","0","true","familiar"
"random-equal-budget","101","0","lineage-101","control","before","1","0","0","0","true","familiar"
"random-equal-budget","101","0","lineage-101","control","before","2","0","0","0","true","familiar"
"random-equal-budget","101","0","lineage-101","control","before","3","0","0","0","true","familiar"
"random-equal-budget","101","0","lineage-101","control","before","4","1","1","1","true","familiar"
"random-equal-budget","101","0","lineage-101","control","before","5","0","0","0","true","familiar"
"random-equal-budget","101","0","lineage-101","control","before","6","1","1","1","true","familiar"
"random-equal-budget","101","0","lineage-101","control","before","7","0","0","0","true","familiar"
"random-equal-budget","101","0","lineage-101","control","afterRegrowth","0","1","1","1","true","familiar"
"random-equal-budget","101","0","lineage-101","control","afterRegrowth","1","0","0","0","true","familiar"
"random-equal-budget","101","0","lineage-101","control","afterRegrowth","2","0","0","0","true","familiar"
"random-equal-budget","101","0","lineage-101","control","afterRegrowth","3","0","0","0","true","familiar"
"random-equal-budget","101","0","lineage-101","control","afterRegrowth","4","0","0","0","true","familiar"
"random-equal-budget","101","0","lineage-101","control","afterRegrowth","5","0","0","0","true","familiar"
"random-equal-budget","101","0","lineage-101","control","afterRegrowth","6","0","0","0","true","familiar"
"random-equal-budget","101","0","lineage-101","control","afterRegrowth","7","0","0","0","true","familiar"
"random-equal-budget","101","0","lineage-101","control","transfer","0","0","1","0","false","custom"
"random-equal-budget","101","0","lineage-101","control","transfer","1","0","1","0","false","custom"
"random-equal-budget","101","0","lineage-101","control","transfer","2","0","1","0","false","custom"
"random-equal-budget","101","0","lineage-101","control","transfer","3","1","0","1","false","custom"
"random-equal-budget","101","0","lineage-101","control","transfer","4","0","1","0","false","custom"
"random-equal-budget","101","0","lineage-101","control","transfer","5","1","0","1","false","custom"
"random-equal-budget","101","0","lineage-101","control","transfer","6","1","0","1","false","custom"
"random-equal-budget","101","0","lineage-101","control","transfer","7","1","0","1","false","custom"
"random-equal-budget","101","0","lineage-101","treatment","before","0","0","0","0","true","familiar"
"random-equal-budget","101","0","lineage-101","treatment","before","1","0","0","0","true","familiar"
"random-equal-budget","101","0","lineage-101","treatment","before","2","0","0","0","true","familiar"
"random-equal-budget","101","0","lineage-101","treatment","before","3","0","0","0","true","familiar"
"random-equal-budget","101","0","lineage-101","treatment","before","4","1","1","1","true","familiar"
"random-equal-budget","101","0","lineage-101","treatment","before","5","0","0","0","true","familiar"
"random-equal-budget","101","0","lineage-101","treatment","before","6","1","1","1","true","familiar"
"random-equal-budget","101","0","lineage-101","treatment","before","7","0","0","0","true","familiar"
"random-equal-budget","101","0","lineage-101","treatment","afterRegrowth","0","1","1","1","true","familiar"
"random-equal-budget","101","0","lineage-101","treatment","afterRegrowth","1","0","0","0","true","familiar"
"random-equal-budget","101","0","lineage-101","treatment","afterRegrowth","2","0","0","0","true","familiar"
"random-equal-budget","101","0","lineage-101","treatment","afterRegrowth","3","0","0","0","true","familiar"
"random-equal-budget","101","0","lineage-101","treatment","afterRegrowth","4","0","0","0","true","familiar"
"random-equal-budget","101","0","lineage-101","treatment","afterRegrowth","5","0","0","0","true","familiar"
"random-equal-budget","101","0","lineage-101","treatment","afterRegrowth","6","0","0","0","true","familiar"
"random-equal-budget","101","0","lineage-101","treatment","afterRegrowth","7","0","0","0","true","familiar"
"random-equal-budget","101","0","lineage-101","treatment","transfer","0","0","1","0","false","custom"
"random-equal-budget","101","0","lineage-101","treatment","transfer","1","0","1","0","false","custom"
"random-equal-budget","101","0","lineage-101","treatment","transfer","2","0","1","0","false","custom"
"random-equal-budget","101","0","lineage-101","treatment","transfer","3","1","0","1","false","custom"
"random-equal-budget","101","0","lineage-101","treatment","transfer","4","0","1","0","false","custom"
"random-equal-budget","101","0","lineage-101","treatment","transfer","5","1","0","1","false","custom"
"random-equal-budget","101","0","lineage-101","treatment","transfer","6","1","0","1","false","custom"
"random-equal-budget","101","0","lineage-101","treatment","transfer","7","1","0","1","false","custom"
"random-equal-budget","101","1","lineage-101","control","before","0","0","0","0","true","familiar"
"random-equal-budget","101","1","lineage-101","control","before","1","0","0","0","true","familiar"
"random-equal-budget","101","1","lineage-101","control","before","2","0","0","0","true","familiar"
"random-equal-budget","101","1","lineage-101","control","before","3","0","0","0","true","familiar"
"random-equal-budget","101","1","lineage-101","control","before","4","1","1","1","true","familiar"
"random-equal-budget","101","1","lineage-101","control","before","5","0","0","0","true","familiar"
"random-equal-budget","101","1","lineage-101","control","before","6","1","1","1","true","familiar"
"random-equal-budget","101","1","lineage-101","control","before","7","0","0","0","true","familiar"
"random-equal-budget","101","1","lineage-101","control","afterRegrowth","0","1","1","1","true","familiar"
"random-equal-budget","101","1","lineage-101","control","afterRegrowth","1","0","0","0","true","familiar"
"random-equal-budget","101","1","lineage-101","control","afterRegrowth","2","0","0","0","true","familiar"
"random-equal-budget","101","1","lineage-101","control","afterRegrowth","3","0","0","0","true","familiar"
"random-equal-budget","101","1","lineage-101","control","afterRegrowth","4","0","0","0","true","familiar"
"random-equal-budget","101","1","lineage-101","control","afterRegrowth","5","0","0","0","true","familiar"
"random-equal-budget","101","1","lineage-101","control","afterRegrowth","6","0","0","0","true","familiar"
"random-equal-budget","101","1","lineage-101","control","afterRegrowth","7","0","0","0","true","familiar"
"random-equal-budget","101","1","lineage-101","control","transfer","0","0","1","0","false","custom"
"random-equal-budget","101","1","lineage-101","control","transfer","1","0","1","0","false","custom"
"random-equal-budget","101","1","lineage-101","control","transfer","2","0","1","0","false","custom"
"random-equal-budget","101","1","lineage-101","control","transfer","3","1","0","1","false","custom"
"random-equal-budget","101","1","lineage-101","control","transfer","4","0","1","0","false","custom"
"random-equal-budget","101","1","lineage-101","control","transfer","5","1","0","1","false","custom"
"random-equal-budget","101","1","lineage-101","control","transfer","6","1","0","1","false","custom"
"random-equal-budget","101","1","lineage-101","control","transfer","7","1","0","1","false","custom"
"random-equal-budget","101","1","lineage-101","treatment","before","0","0","0","0","true","familiar"
"random-equal-budget","101","1","lineage-101","treatment","before","1","0","0","0","true","familiar"
"random-equal-budget","101","1","lineage-101","treatment","before","2","0","0","0","true","familiar"
"random-equal-budget","101","1","lineage-101","treatment","before","3","0","0","0","true","familiar"
"random-equal-budget","101","1","lineage-101","treatment","before","4","1","1","1","true","familiar"
"random-equal-budget","101","1","lineage-101","treatment","before","5","0","0","0","true","familiar"
"random-equal-budget","101","1","lineage-101","treatment","before","6","1","1","1","true","familiar"
"random-equal-budget","101","1","lineage-101","treatment","before","7","0","0","0","true","familiar"
"random-equal-budget","101","1","lineage-101","treatment","afterRegrowth","0","1","1","1","true","familiar"
"random-equal-budget","101","1","lineage-101","treatment","afterRegrowth","1","0","0","0","true","familiar"
"random-equal-budget","101","1","lineage-101","treatment","afterRegrowth","2","0","0","0","true","familiar"
"random-equal-budget","101","1","lineage-101","treatment","afterRegrowth","3","0","0","0","true","familiar"
"random-equal-budget","101","1","lineage-101","treatment","afterRegrowth","4","0","0","0","true","familiar"
"random-equal-budget","101","1","lineage-101","treatment","afterRegrowth","5","0","0","0","true","familiar"
"random-equal-budget","101","1","lineage-101","treatment","afterRegrowth","6","0","0","0","true","familiar"
"random-equal-budget","101","1","lineage-101","treatment","afterRegrowth","7","0","0","0","true","familiar"
"random-equal-budget","101","1","lineage-101","treatment","transfer","0","0","1","0","false","custom"
"random-equal-budget","101","1","lineage-101","treatment","transfer","1","0","1","0","false","custom"
"random-equal-budget","101","1","lineage-101","treatment","transfer","2","0","1","0","false","custom"
"random-equal-budget","101","1","lineage-101","treatment","transfer","3","1","0","1","false","custom"
"random-equal-budget","101","1","lineage-101","treatment","transfer","4","0","1","0","false","custom"
"random-equal-budget","101","1","lineage-101","treatment","transfer","5","1","0","1","false","custom"
"random-equal-budget","101","1","lineage-101","treatment","transfer","6","1","0","1","false","custom"
"random-equal-budget","101","1","lineage-101","treatment","transfer","7","1","0","1","false","custom"
"random-equal-budget","101","2","lineage-101","control","before","0","0","0","0","true","familiar"
"random-equal-budget","101","2","lineage-101","control","before","1","0","0","0","true","familiar"
"random-equal-budget","101","2","lineage-101","control","before","2","0","0","0","true","familiar"
"random-equal-budget","101","2","lineage-101","control","before","3","0","0","0","true","familiar"
"random-equal-budget","101","2","lineage-101","control","before","4","1","1","1","true","familiar"
"random-equal-budget","101","2","lineage-101","control","before","5","0","0","0","true","familiar"
"random-equal-budget","101","2","lineage-101","control","before","6","1","1","1","true","familiar"
"random-equal-budget","101","2","lineage-101","control","before","7","0","0","0","true","familiar"
"random-equal-budget","101","2","lineage-101","control","afterRegrowth","0","1","1","1","true","familiar"
"random-equal-budget","101","2","lineage-101","control","afterRegrowth","1","0","0","0","true","familiar"
"random-equal-budget","101","2","lineage-101","control","afterRegrowth","2","0","0","0","true","familiar"
"random-equal-budget","101","2","lineage-101","control","afterRegrowth","3","0","0","0","true","familiar"
"random-equal-budget","101","2","lineage-101","control","afterRegrowth","4","0","0","0","true","familiar"
"random-equal-budget","101","2","lineage-101","control","afterRegrowth","5","0","0","0","true","familiar"
"random-equal-budget","101","2","lineage-101","control","afterRegrowth","6","0","0","0","true","familiar"
"random-equal-budget","101","2","lineage-101","control","afterRegrowth","7","0","0","0","true","familiar"
"random-equal-budget","101","2","lineage-101","control","transfer","0","0","1","0","false","custom"
"random-equal-budget","101","2","lineage-101","control","transfer","1","0","1","0","false","custom"
"random-equal-budget","101","2","lineage-101","control","transfer","2","0","1","0","false","custom"
"random-equal-budget","101","2","lineage-101","control","transfer","3","1","0","1","false","custom"
"random-equal-budget","101","2","lineage-101","control","transfer","4","0","1","0","false","custom"
"random-equal-budget","101","2","lineage-101","control","transfer","5","1","0","1","false","custom"
"random-equal-budget","101","2","lineage-101","control","transfer","6","1","0","1","false","custom"
"random-equal-budget","101","2","lineage-101","control","transfer","7","1","0","1","false","custom"
"random-equal-budget","101","2","lineage-101","treatment","before","0","0","0","0","true","familiar"
"random-equal-budget","101","2","lineage-101","treatment","before","1","0","0","0","true","familiar"
"random-equal-budget","101","2","lineage-101","treatment","before","2","0","0","0","true","familiar"
"random-equal-budget","101","2","lineage-101","treatment","before","3","0","0","0","true","familiar"
"random-equal-budget","101","2","lineage-101","treatment","before","4","1","1","1","true","familiar"
"random-equal-budget","101","2","lineage-101","treatment","before","5","0","0","0","true","familiar"
"random-equal-budget","101","2","lineage-101","treatment","before","6","1","1","1","true","familiar"
"random-equal-budget","101","2","lineage-101","treatment","before","7","0","0","0","true","familiar"
"random-equal-budget","101","2","lineage-101","treatment","afterRegrowth","0","1","1","1","true","familiar"
"random-equal-budget","101","2","lineage-101","treatment","afterRegrowth","1","0","0","0","true","familiar"
"random-equal-budget","101","2","lineage-101","treatment","afterRegrowth","2","0","0","0","true","familiar"
"random-equal-budget","101","2","lineage-101","treatment","afterRegrowth","3","0","0","0","true","familiar"
"random-equal-budget","101","2","lineage-101","treatment","afterRegrowth","4","0","0","0","true","familiar"
"random-equal-budget","101","2","lineage-101","treatment","afterRegrowth","5","0","0","0","true","familiar"
"random-equal-budget","101","2","lineage-101","treatment","afterRegrowth","6","0","0","0","true","familiar"
"random-equal-budget","101","2","lineage-101","treatment","afterRegrowth","7","0","0","0","true","familiar"
"random-equal-budget","101","2","lineage-101","treatment","transfer","0","0","1","0","false","custom"
"random-equal-budget","101","2","lineage-101","treatment","transfer","1","0","1","0","false","custom"
"random-equal-budget","101","2","lineage-101","treatment","transfer","2","0","1","0","false","custom"
"random-equal-budget","101","2","lineage-101","treatment","transfer","3","1","0","1","false","custom"
"random-equal-budget","101","2","lineage-101","treatment","transfer","4","0","1","0","false","custom"
"random-equal-budget","101","2","lineage-101","treatment","transfer","5","1","0","1","false","custom"
"random-equal-budget","101","2","lineage-101","treatment","transfer","6","1","0","1","false","custom"
"random-equal-budget","101","2","lineage-101","treatment","transfer","7","1","0","1","false","custom"
"random-equal-budget","101","3","lineage-101","control","before","0","0","0","0","true","familiar"
"random-equal-budget","101","3","lineage-101","control","before","1","0","0","0","true","familiar"
"random-equal-budget","101","3","lineage-101","control","before","2","0","0","0","true","familiar"
"random-equal-budget","101","3","lineage-101","control","before","3","0","0","0","true","familiar"
"random-equal-budget","101","3","lineage-101","control","before","4","1","1","1","true","familiar"
"random-equal-budget","101","3","lineage-101","control","before","5","0","0","0","true","familiar"
"random-equal-budget","101","3","lineage-101","control","before","6","1","1","1","true","familiar"
"random-equal-budget","101","3","lineage-101","control","before","7","0","0","0","true","familiar"
"random-equal-budget","101","3","lineage-101","control","afterRegrowth","0","1","1","1","true","familiar"
"random-equal-budget","101","3","lineage-101","control","afterRegrowth","1","0","0","0","true","familiar"
"random-equal-budget","101","3","lineage-101","control","afterRegrowth","2","0","0","0","true","familiar"
"random-equal-budget","101","3","lineage-101","control","afterRegrowth","3","0","0","0","true","familiar"
"random-equal-budget","101","3","lineage-101","control","afterRegrowth","4","0","0","0","true","familiar"
"random-equal-budget","101","3","lineage-101","control","afterRegrowth","5","0","0","0","true","familiar"
"random-equal-budget","101","3","lineage-101","control","afterRegrowth","6","0","0","0","true","familiar"
"random-equal-budget","101","3","lineage-101","control","afterRegrowth","7","0","0","0","true","familiar"
"random-equal-budget","101","3","lineage-101","control","transfer","0","0","1","0","false","custom"
"random-equal-budget","101","3","lineage-101","control","transfer","1","0","1","0","false","custom"
"random-equal-budget","101","3","lineage-101","control","transfer","2","0","1","0","false","custom"
"random-equal-budget","101","3","lineage-101","control","transfer","3","1","0","1","false","custom"
"random-equal-budget","101","3","lineage-101","control","transfer","4","0","1","0","false","custom"
"random-equal-budget","101","3","lineage-101","control","transfer","5","1","0","1","false","custom"
"random-equal-budget","101","3","lineage-101","control","transfer","6","1","0","1","false","custom"
"random-equal-budget","101","3","lineage-101","control","transfer","7","1","0","1","false","custom"
"random-equal-budget","101","3","lineage-101","treatment","before","0","0","0","0","true","familiar"
"random-equal-budget","101","3","lineage-101","treatment","before","1","0","0","0","true","familiar"
"random-equal-budget","101","3","lineage-101","treatment","before","2","0","0","0","true","familiar"
"random-equal-budget","101","3","lineage-101","treatment","before","3","0","0","0","true","familiar"
"random-equal-budget","101","3","lineage-101","treatment","before","4","1","1","1","true","familiar"
"random-equal-budget","101","3","lineage-101","treatment","before","5","0","0","0","true","familiar"
"random-equal-budget","101","3","lineage-101","treatment","before","6","1","1","1","true","familiar"
"random-equal-budget","101","3","lineage-101","treatment","before","7","0","0","0","true","familiar"
"random-equal-budget","101","3","lineage-101","treatment","afterRegrowth","0","1","1","1","true","familiar"
"random-equal-budget","101","3","lineage-101","treatment","afterRegrowth","1","0","0","0","true","familiar"
"random-equal-budget","101","3","lineage-101","treatment","afterRegrowth","2","0","0","0","true","familiar"
"random-equal-budget","101","3","lineage-101","treatment","afterRegrowth","3","0","0","0","true","familiar"
"random-equal-budget","101","3","lineage-101","treatment","afterRegrowth","4","0","0","0","true","familiar"
"random-equal-budget","101","3","lineage-101","treatment","afterRegrowth","5","0","0","0","true","familiar"
"random-equal-budget","101","3","lineage-101","treatment","afterRegrowth","6","0","0","0","true","familiar"
"random-equal-budget","101","3","lineage-101","treatment","afterRegrowth","7","0","0","0","true","familiar"
"random-equal-budget","101","3","lineage-101","treatment","transfer","0","0","1","0","false","custom"
"random-equal-budget","101","3","lineage-101","treatment","transfer","1","0","1","0","false","custom"
"random-equal-budget","101","3","lineage-101","treatment","transfer","2","0","1","0","false","custom"
"random-equal-budget","101","3","lineage-101","treatment","transfer","3","1","0","1","false","custom"
"random-equal-budget","101","3","lineage-101","treatment","transfer","4","0","1","0","false","custom"
"random-equal-budget","101","3","lineage-101","treatment","transfer","5","1","0","1","false","custom"
"random-equal-budget","101","3","lineage-101","treatment","transfer","6","1","0","1","false","custom"
"random-equal-budget","101","3","lineage-101","treatment","transfer","7","1","0","1","false","custom"
"random-equal-budget","101","4","lineage-101","control","before","0","0","0","0","true","familiar"
"random-equal-budget","101","4","lineage-101","control","before","1","0","0","0","true","familiar"
"random-equal-budget","101","4","lineage-101","control","before","2","0","0","0","true","familiar"
"random-equal-budget","101","4","lineage-101","control","before","3","0","0","0","true","familiar"
"random-equal-budget","101","4","lineage-101","control","before","4","1","1","1","true","familiar"
"random-equal-budget","101","4","lineage-101","control","before","5","0","0","0","true","familiar"
"random-equal-budget","101","4","lineage-101","control","before","6","1","1","1","true","familiar"
"random-equal-budget","101","4","lineage-101","control","before","7","0","0","0","true","familiar"
"random-equal-budget","101","4","lineage-101","control","afterRegrowth","0","1","1","1","true","familiar"
"random-equal-budget","101","4","lineage-101","control","afterRegrowth","1","0","0","0","true","familiar"
"random-equal-budget","101","4","lineage-101","control","afterRegrowth","2","0","0","0","true","familiar"
"random-equal-budget","101","4","lineage-101","control","afterRegrowth","3","0","0","0","true","familiar"
"random-equal-budget","101","4","lineage-101","control","afterRegrowth","4","0","0","0","true","familiar"
"random-equal-budget","101","4","lineage-101","control","afterRegrowth","5","0","0","0","true","familiar"
"random-equal-budget","101","4","lineage-101","control","afterRegrowth","6","0","0","0","true","familiar"
"random-equal-budget","101","4","lineage-101","control","afterRegrowth","7","0","0","0","true","familiar"
"random-equal-budget","101","4","lineage-101","control","transfer","0","0","1","0","false","custom"
"random-equal-budget","101","4","lineage-101","control","transfer","1","0","1","0","false","custom"
"random-equal-budget","101","4","lineage-101","control","transfer","2","0","1","0","false","custom"
"random-equal-budget","101","4","lineage-101","control","transfer","3","1","0","1","false","custom"
"random-equal-budget","101","4","lineage-101","control","transfer","4","0","1","0","false","custom"
"random-equal-budget","101","4","lineage-101","control","transfer","5","1","0","1","false","custom"
"random-equal-budget","101","4","lineage-101","control","transfer","6","1","0","1","false","custom"
"random-equal-budget","101","4","lineage-101","control","transfer","7","1","0","1","false","custom"
"random-equal-budget","101","4","lineage-101","treatment","before","0","0","0","0","true","familiar"
"random-equal-budget","101","4","lineage-101","treatment","before","1","0","0","0","true","familiar"
"random-equal-budget","101","4","lineage-101","treatment","before","2","0","0","0","true","familiar"
"random-equal-budget","101","4","lineage-101","treatment","before","3","0","0","0","true","familiar"
"random-equal-budget","101","4","lineage-101","treatment","before","4","1","1","1","true","familiar"
"random-equal-budget","101","4","lineage-101","treatment","before","5","0","0","0","true","familiar"
"random-equal-budget","101","4","lineage-101","treatment","before","6","1","1","1","true","familiar"
"random-equal-budget","101","4","lineage-101","treatment","before","7","0","0","0","true","familiar"
"random-equal-budget","101","4","lineage-101","treatment","afterRegrowth","0","1","1","1","true","familiar"
"random-equal-budget","101","4","lineage-101","treatment","afterRegrowth","1","0","0","0","true","familiar"
"random-equal-budget","101","4","lineage-101","treatment","afterRegrowth","2","0","0","0","true","familiar"
"random-equal-budget","101","4","lineage-101","treatment","afterRegrowth","3","0","0","0","true","familiar"
"random-equal-budget","101","4","lineage-101","treatment","afterRegrowth","4","0","0","0","true","familiar"
"random-equal-budget","101","4","lineage-101","treatment","afterRegrowth","5","0","0","0","true","familiar"
"random-equal-budget","101","4","lineage-101","treatment","afterRegrowth","6","0","0","0","true","familiar"
"random-equal-budget","101","4","lineage-101","treatment","afterRegrowth","7","0","0","0","true","familiar"
"random-equal-budget","101","4","lineage-101","treatment","transfer","0","0","1","0","false","custom"
"random-equal-budget","101","4","lineage-101","treatment","transfer","1","0","1","0","false","custom"
"random-equal-budget","101","4","lineage-101","treatment","transfer","2","0","1","0","false","custom"
"random-equal-budget","101","4","lineage-101","treatment","transfer","3","1","0","1","false","custom"
"random-equal-budget","101","4","lineage-101","treatment","transfer","4","0","1","0","false","custom"
"random-equal-budget","101","4","lineage-101","treatment","transfer","5","1","0","1","false","custom"
"random-equal-budget","101","4","lineage-101","treatment","transfer","6","1","0","1","false","custom"
"random-equal-budget","101","4","lineage-101","treatment","transfer","7","1","0","1","false","custom"
"frozen-grammar-information-gain","101","0","lineage-101","control","before","0","0","0","0","true","familiar"
"frozen-grammar-information-gain","101","0","lineage-101","control","before","1","0","0","0","true","familiar"
"frozen-grammar-information-gain","101","0","lineage-101","control","before","2","0","0","0","true","familiar"
"frozen-grammar-information-gain","101","0","lineage-101","control","before","3","0","0","0","true","familiar"
"frozen-grammar-information-gain","101","0","lineage-101","control","before","4","1","1","1","true","familiar"
"frozen-grammar-information-gain","101","0","lineage-101","control","before","5","0","0","0","true","familiar"
"frozen-grammar-information-gain","101","0","lineage-101","control","before","6","1","1","1","true","familiar"
"frozen-grammar-information-gain","101","0","lineage-101","control","before","7","0","0","0","true","familiar"
"frozen-grammar-information-gain","101","0","lineage-101","control","afterRegrowth","0","1","1","1","true","familiar"
"frozen-grammar-information-gain","101","0","lineage-101","control","afterRegrowth","1","0","0","0","true","familiar"
"frozen-grammar-information-gain","101","0","lineage-101","control","afterRegrowth","2","0","0","0","true","familiar"
"frozen-grammar-information-gain","101","0","lineage-101","control","afterRegrowth","3","0","0","0","true","familiar"
"frozen-grammar-information-gain","101","0","lineage-101","control","afterRegrowth","4","0","0","0","true","familiar"
"frozen-grammar-information-gain","101","0","lineage-101","control","afterRegrowth","5","0","0","0","true","familiar"
"frozen-grammar-information-gain","101","0","lineage-101","control","afterRegrowth","6","0","0","0","true","familiar"
"frozen-grammar-information-gain","101","0","lineage-101","control","afterRegrowth","7","0","0","0","true","familiar"
"frozen-grammar-information-gain","101","0","lineage-101","control","transfer","0","0","1","0","false","custom"
"frozen-grammar-information-gain","101","0","lineage-101","control","transfer","1","0","1","0","false","custom"
"frozen-grammar-information-gain","101","0","lineage-101","control","transfer","2","0","1","0","false","custom"
"frozen-grammar-information-gain","101","0","lineage-101","control","transfer","3","1","0","1","false","custom"
"frozen-grammar-information-gain","101","0","lineage-101","control","transfer","4","0","1","0","false","custom"
"frozen-grammar-information-gain","101","0","lineage-101","control","transfer","5","1","0","1","false","custom"
"frozen-grammar-information-gain","101","0","lineage-101","control","transfer","6","1","0","1","false","custom"
"frozen-grammar-information-gain","101","0","lineage-101","control","transfer","7","1","0","1","false","custom"
"frozen-grammar-information-gain","101","0","lineage-101","treatment","before","0","0","0","0","true","familiar"
"frozen-grammar-information-gain","101","0","lineage-101","treatment","before","1","0","0","0","true","familiar"
"frozen-grammar-information-gain","101","0","lineage-101","treatment","before","2","0","0","0","true","familiar"
"frozen-grammar-information-gain","101","0","lineage-101","treatment","before","3","0","0","0","true","familiar"
"frozen-grammar-information-gain","101","0","lineage-101","treatment","before","4","1","1","1","true","familiar"
"frozen-grammar-information-gain","101","0","lineage-101","treatment","before","5","0","0","0","true","familiar"
"frozen-grammar-information-gain","101","0","lineage-101","treatment","before","6","1","1","1","true","familiar"
"frozen-grammar-information-gain","101","0","lineage-101","treatment","before","7","0","0","0","true","familiar"
"frozen-grammar-information-gain","101","0","lineage-101","treatment","afterRegrowth","0","1","1","1","true","familiar"
"frozen-grammar-information-gain","101","0","lineage-101","treatment","afterRegrowth","1","0","0","0","true","familiar"
"frozen-grammar-information-gain","101","0","lineage-101","treatment","afterRegrowth","2","0","0","0","true","familiar"
"frozen-grammar-information-gain","101","0","lineage-101","treatment","afterRegrowth","3","0","0","0","true","familiar"
"frozen-grammar-information-gain","101","0","lineage-101","treatment","afterRegrowth","4","0","0","0","true","familiar"
"frozen-grammar-information-gain","101","0","lineage-101","treatment","afterRegrowth","5","0","0","0","true","familiar"
"frozen-grammar-information-gain","101","0","lineage-101","treatment","afterRegrowth","6","0","0","0","true","familiar"
"frozen-grammar-information-gain","101","0","lineage-101","treatment","afterRegrowth","7","0","0","0","true","familiar"
"frozen-grammar-information-gain","101","0","lineage-101","treatment","transfer","0","0","1","0","false","custom"
"frozen-grammar-information-gain","101","0","lineage-101","treatment","transfer","1","0","1","0","false","custom"
"frozen-grammar-information-gain","101","0","lineage-101","treatment","transfer","2","0","1","0","false","custom"
"frozen-grammar-information-gain","101","0","lineage-101","treatment","transfer","3","1","0","1","false","custom"
"frozen-grammar-information-gain","101","0","lineage-101","treatment","transfer","4","0","1","0","false","custom"
"frozen-grammar-information-gain","101","0","lineage-101","treatment","transfer","5","1","0","1","false","custom"
"frozen-grammar-information-gain","101","0","lineage-101","treatment","transfer","6","1","0","1","false","custom"
"frozen-grammar-information-gain","101","0","lineage-101","treatment","transfer","7","1","0","1","false","custom"
"frozen-grammar-information-gain","101","1","lineage-101","control","before","0","0","0","0","true","familiar"
"frozen-grammar-information-gain","101","1","lineage-101","control","before","1","0","0","0","true","familiar"
"frozen-grammar-information-gain","101","1","lineage-101","control","before","2","0","0","0","true","familiar"
"frozen-grammar-information-gain","101","1","lineage-101","control","before","3","0","0","0","true","familiar"
"frozen-grammar-information-gain","101","1","lineage-101","control","before","4","1","1","1","true","familiar"
"frozen-grammar-information-gain","101","1","lineage-101","control","before","5","0","0","0","true","familiar"
"frozen-grammar-information-gain","101","1","lineage-101","control","before","6","1","1","1","true","familiar"
"frozen-grammar-information-gain","101","1","lineage-101","control","before","7","0","0","0","true","familiar"
"frozen-grammar-information-gain","101","1","lineage-101","control","afterRegrowth","0","1","1","1","true","familiar"
"frozen-grammar-information-gain","101","1","lineage-101","control","afterRegrowth","1","0","0","0","true","familiar"
"frozen-grammar-information-gain","101","1","lineage-101","control","afterRegrowth","2","0","0","0","true","familiar"
"frozen-grammar-information-gain","101","1","lineage-101","control","afterRegrowth","3","0","0","0","true","familiar"
"frozen-grammar-information-gain","101","1","lineage-101","control","afterRegrowth","4","0","0","0","true","familiar"
"frozen-grammar-information-gain","101","1","lineage-101","control","afterRegrowth","5","0","0","0","true","familiar"
"frozen-grammar-information-gain","101","1","lineage-101","control","afterRegrowth","6","0","0","0","true","familiar"
"frozen-grammar-information-gain","101","1","lineage-101","control","afterRegrowth","7","0","0","0","true","familiar"
"frozen-grammar-information-gain","101","1","lineage-101","control","transfer","0","0","1","0","false","custom"
"frozen-grammar-information-gain","101","1","lineage-101","control","transfer","1","0","1","0","false","custom"
"frozen-grammar-information-gain","101","1","lineage-101","control","transfer","2","0","1","0","false","custom"
"frozen-grammar-information-gain","101","1","lineage-101","control","transfer","3","1","0","1","false","custom"
"frozen-grammar-information-gain","101","1","lineage-101","control","transfer","4","0","1","0","false","custom"
"frozen-grammar-information-gain","101","1","lineage-101","control","transfer","5","1","0","1","false","custom"
"frozen-grammar-information-gain","101","1","lineage-101","control","transfer","6","1","0","1","false","custom"
"frozen-grammar-information-gain","101","1","lineage-101","control","transfer","7","1","0","1","false","custom"
"frozen-grammar-information-gain","101","1","lineage-101","treatment","before","0","0","0","0","true","familiar"
"frozen-grammar-information-gain","101","1","lineage-101","treatment","before","1","0","0","0","true","familiar"
"frozen-grammar-information-gain","101","1","lineage-101","treatment","before","2","0","0","0","true","familiar"
"frozen-grammar-information-gain","101","1","lineage-101","treatment","before","3","0","0","0","true","familiar"
"frozen-grammar-information-gain","101","1","lineage-101","treatment","before","4","1","1","1","true","familiar"
"frozen-grammar-information-gain","101","1","lineage-101","treatment","before","5","0","0","0","true","familiar"
"frozen-grammar-information-gain","101","1","lineage-101","treatment","before","6","1","1","1","true","familiar"
"frozen-grammar-information-gain","101","1","lineage-101","treatment","before","7","0","0","0","true","familiar"
"frozen-grammar-information-gain","101","1","lineage-101","treatment","afterRegrowth","0","1","1","1","true","familiar"
"frozen-grammar-information-gain","101","1","lineage-101","treatment","afterRegrowth","1","0","0","0","true","familiar"
"frozen-grammar-information-gain","101","1","lineage-101","treatment","afterRegrowth","2","0","0","0","true","familiar"
"frozen-grammar-information-gain","101","1","lineage-101","treatment","afterRegrowth","3","0","0","0","true","familiar"
"frozen-grammar-information-gain","101","1","lineage-101","treatment","afterRegrowth","4","0","0","0","true","familiar"
"frozen-grammar-information-gain","101","1","lineage-101","treatment","afterRegrowth","5","0","0","0","true","familiar"
"frozen-grammar-information-gain","101","1","lineage-101","treatment","afterRegrowth","6","0","0","0","true","familiar"
"frozen-grammar-information-gain","101","1","lineage-101","treatment","afterRegrowth","7","0","0","0","true","familiar"
"frozen-grammar-information-gain","101","1","lineage-101","treatment","transfer","0","0","1","0","false","custom"
"frozen-grammar-information-gain","101","1","lineage-101","treatment","transfer","1","0","1","0","false","custom"
"frozen-grammar-information-gain","101","1","lineage-101","treatment","transfer","2","0","1","0","false","custom"
"frozen-grammar-information-gain","101","1","lineage-101","treatment","transfer","3","1","0","1","false","custom"
"frozen-grammar-information-gain","101","1","lineage-101","treatment","transfer","4","0","1","0","false","custom"
"frozen-grammar-information-gain","101","1","lineage-101","treatment","transfer","5","1","0","1","false","custom"
"frozen-grammar-information-gain","101","1","lineage-101","treatment","transfer","6","1","0","1","false","custom"
"frozen-grammar-information-gain","101","1","lineage-101","treatment","transfer","7","1","0","1","false","custom"
"frozen-grammar-information-gain","101","2","lineage-101","control","before","0","0","0","0","true","familiar"
"frozen-grammar-information-gain","101","2","lineage-101","control","before","1","0","0","0","true","familiar"
"frozen-grammar-information-gain","101","2","lineage-101","control","before","2","0","0","0","true","familiar"
"frozen-grammar-information-gain","101","2","lineage-101","control","before","3","0","0","0","true","familiar"
"frozen-grammar-information-gain","101","2","lineage-101","control","before","4","1","1","1","true","familiar"
"frozen-grammar-information-gain","101","2","lineage-101","control","before","5","0","0","0","true","familiar"
"frozen-grammar-information-gain","101","2","lineage-101","control","before","6","1","1","1","true","familiar"
"frozen-grammar-information-gain","101","2","lineage-101","control","before","7","0","0","0","true","familiar"
"frozen-grammar-information-gain","101","2","lineage-101","control","afterRegrowth","0","1","1","1","true","familiar"
"frozen-grammar-information-gain","101","2","lineage-101","control","afterRegrowth","1","0","0","0","true","familiar"
"frozen-grammar-information-gain","101","2","lineage-101","control","afterRegrowth","2","0","0","0","true","familiar"
"frozen-grammar-information-gain","101","2","lineage-101","control","afterRegrowth","3","0","0","0","true","familiar"
"frozen-grammar-information-gain","101","2","lineage-101","control","afterRegrowth","4","0","0","0","true","familiar"
"frozen-grammar-information-gain","101","2","lineage-101","control","afterRegrowth","5","0","0","0","true","familiar"
"frozen-grammar-information-gain","101","2","lineage-101","control","afterRegrowth","6","0","0","0","true","familiar"
"frozen-grammar-information-gain","101","2","lineage-101","control","afterRegrowth","7","0","0","0","true","familiar"
"frozen-grammar-information-gain","101","2","lineage-101","control","transfer","0","0","1","0","false","custom"
"frozen-grammar-information-gain","101","2","lineage-101","control","transfer","1","0","1","0","false","custom"
"frozen-grammar-information-gain","101","2","lineage-101","control","transfer","2","0","1","0","false","custom"
"frozen-grammar-information-gain","101","2","lineage-101","control","transfer","3","1","0","1","false","custom"
"frozen-grammar-information-gain","101","2","lineage-101","control","transfer","4","0","1","0","false","custom"
"frozen-grammar-information-gain","101","2","lineage-101","control","transfer","5","1","0","1","false","custom"
"frozen-grammar-information-gain","101","2","lineage-101","control","transfer","6","1","0","1","false","custom"
"frozen-grammar-information-gain","101","2","lineage-101","control","transfer","7","1","0","1","false","custom"
"frozen-grammar-information-gain","101","2","lineage-101","treatment","before","0","0","0","0","true","familiar"
"frozen-grammar-information-gain","101","2","lineage-101","treatment","before","1","0","0","0","true","familiar"
"frozen-grammar-information-gain","101","2","lineage-101","treatment","before","2","0","0","0","true","familiar"
"frozen-grammar-information-gain","101","2","lineage-101","treatment","before","3","0","0","0","true","familiar"
"frozen-grammar-information-gain","101","2","lineage-101","treatment","before","4","1","1","1","true","familiar"
"frozen-grammar-information-gain","101","2","lineage-101","treatment","before","5","0","0","0","true","familiar"
"frozen-grammar-information-gain","101","2","lineage-101","treatment","before","6","1","1","1","true","familiar"
"frozen-grammar-information-gain","101","2","lineage-101","treatment","before","7","0","0","0","true","familiar"
"frozen-grammar-information-gain","101","2","lineage-101","treatment","afterRegrowth","0","1","1","1","true","familiar"
"frozen-grammar-information-gain","101","2","lineage-101","treatment","afterRegrowth","1","0","0","0","true","familiar"
"frozen-grammar-information-gain","101","2","lineage-101","treatment","afterRegrowth","2","0","0","0","true","familiar"
"frozen-grammar-information-gain","101","2","lineage-101","treatment","afterRegrowth","3","0","0","0","true","familiar"
"frozen-grammar-information-gain","101","2","lineage-101","treatment","afterRegrowth","4","0","0","0","true","familiar"
"frozen-grammar-information-gain","101","2","lineage-101","treatment","afterRegrowth","5","0","0","0","true","familiar"
"frozen-grammar-information-gain","101","2","lineage-101","treatment","afterRegrowth","6","0","0","0","true","familiar"
"frozen-grammar-information-gain","101","2","lineage-101","treatment","afterRegrowth","7","0","0","0","true","familiar"
"frozen-grammar-information-gain","101","2","lineage-101","treatment","transfer","0","0","1","0","false","custom"
"frozen-grammar-information-gain","101","2","lineage-101","treatment","transfer","1","0","1","0","false","custom"
"frozen-grammar-information-gain","101","2","lineage-101","treatment","transfer","2","0","1","0","false","custom"
"frozen-grammar-information-gain","101","2","lineage-101","treatment","transfer","3","1","0","1","false","custom"
"frozen-grammar-information-gain","101","2","lineage-101","treatment","transfer","4","0","1","0","false","custom"
"frozen-grammar-information-gain","101","2","lineage-101","treatment","transfer","5","1","0","1","false","custom"
"frozen-grammar-information-gain","101","2","lineage-101","treatment","transfer","6","1","0","1","false","custom"
"frozen-grammar-information-gain","101","2","lineage-101","treatment","transfer","7","1","0","1","false","custom"
"frozen-grammar-information-gain","101","3","lineage-101","control","before","0","0","0","0","true","familiar"
"frozen-grammar-information-gain","101","3","lineage-101","control","before","1","0","0","0","true","familiar"
"frozen-grammar-information-gain","101","3","lineage-101","control","before","2","0","0","0","true","familiar"
"frozen-grammar-information-gain","101","3","lineage-101","control","before","3","0","0","0","true","familiar"
"frozen-grammar-information-gain","101","3","lineage-101","control","before","4","1","1","1","true","familiar"
"frozen-grammar-information-gain","101","3","lineage-101","control","before","5","0","0","0","true","familiar"
"frozen-grammar-information-gain","101","3","lineage-101","control","before","6","1","1","1","true","familiar"
"frozen-grammar-information-gain","101","3","lineage-101","control","before","7","0","0","0","true","familiar"
"frozen-grammar-information-gain","101","3","lineage-101","control","afterRegrowth","0","1","1","1","true","familiar"
"frozen-grammar-information-gain","101","3","lineage-101","control","afterRegrowth","1","0","0","0","true","familiar"
"frozen-grammar-information-gain","101","3","lineage-101","control","afterRegrowth","2","0","0","0","true","familiar"
"frozen-grammar-information-gain","101","3","lineage-101","control","afterRegrowth","3","0","0","0","true","familiar"
"frozen-grammar-information-gain","101","3","lineage-101","control","afterRegrowth","4","0","0","0","true","familiar"
"frozen-grammar-information-gain","101","3","lineage-101","control","afterRegrowth","5","0","0","0","true","familiar"
"frozen-grammar-information-gain","101","3","lineage-101","control","afterRegrowth","6","0","0","0","true","familiar"
"frozen-grammar-information-gain","101","3","lineage-101","control","afterRegrowth","7","0","0","0","true","familiar"
"frozen-grammar-information-gain","101","3","lineage-101","control","transfer","0","0","1","0","false","custom"
"frozen-grammar-information-gain","101","3","lineage-101","control","transfer","1","0","1","0","false","custom"
"frozen-grammar-information-gain","101","3","lineage-101","control","transfer","2","0","1","0","false","custom"
"frozen-grammar-information-gain","101","3","lineage-101","control","transfer","3","1","0","1","false","custom"
"frozen-grammar-information-gain","101","3","lineage-101","control","transfer","4","0","1","0","false","custom"
"frozen-grammar-information-gain","101","3","lineage-101","control","transfer","5","1","0","1","false","custom"
"frozen-grammar-information-gain","101","3","lineage-101","control","transfer","6","1","0","1","false","custom"
"frozen-grammar-information-gain","101","3","lineage-101","control","transfer","7","1","0","1","false","custom"
"frozen-grammar-information-gain","101","3","lineage-101","treatment","before","0","0","0","0","true","familiar"
"frozen-grammar-information-gain","101","3","lineage-101","treatment","before","1","0","0","0","true","familiar"
"frozen-grammar-information-gain","101","3","lineage-101","treatment","before","2","0","0","0","true","familiar"
"frozen-grammar-information-gain","101","3","lineage-101","treatment","before","3","0","0","0","true","familiar"
"frozen-grammar-information-gain","101","3","lineage-101","treatment","before","4","1","1","1","true","familiar"
"frozen-grammar-information-gain","101","3","lineage-101","treatment","before","5","0","0","0","true","familiar"
"frozen-grammar-information-gain","101","3","lineage-101","treatment","before","6","1","1","1","true","familiar"
"frozen-grammar-information-gain","101","3","lineage-101","treatment","before","7","0","0","0","true","familiar"
"frozen-grammar-information-gain","101","3","lineage-101","treatment","afterRegrowth","0","1","1","1","true","familiar"
"frozen-grammar-information-gain","101","3","lineage-101","treatment","afterRegrowth","1","0","0","0","true","familiar"
"frozen-grammar-information-gain","101","3","lineage-101","treatment","afterRegrowth","2","0","0","0","true","familiar"
"frozen-grammar-information-gain","101","3","lineage-101","treatment","afterRegrowth","3","0","0","0","true","familiar"
"frozen-grammar-information-gain","101","3","lineage-101","treatment","afterRegrowth","4","0","0","0","true","familiar"
"frozen-grammar-information-gain","101","3","lineage-101","treatment","afterRegrowth","5","0","0","0","true","familiar"
"frozen-grammar-information-gain","101","3","lineage-101","treatment","afterRegrowth","6","0","0","0","true","familiar"
"frozen-grammar-information-gain","101","3","lineage-101","treatment","afterRegrowth","7","0","0","0","true","familiar"
"frozen-grammar-information-gain","101","3","lineage-101","treatment","transfer","0","0","1","0","false","custom"
"frozen-grammar-information-gain","101","3","lineage-101","treatment","transfer","1","0","1","0","false","custom"
"frozen-grammar-information-gain","101","3","lineage-101","treatment","transfer","2","0","1","0","false","custom"
"frozen-grammar-information-gain","101","3","lineage-101","treatment","transfer","3","1","0","1","false","custom"
"frozen-grammar-information-gain","101","3","lineage-101","treatment","transfer","4","0","1","0","false","custom"
"frozen-grammar-information-gain","101","3","lineage-101","treatment","transfer","5","1","0","1","false","custom"
"frozen-grammar-information-gain","101","3","lineage-101","treatment","transfer","6","1","0","1","false","custom"
"frozen-grammar-information-gain","101","3","lineage-101","treatment","transfer","7","1","0","1","false","custom"
"frozen-grammar-information-gain","101","4","lineage-101","control","before","0","0","0","0","true","familiar"
"frozen-grammar-information-gain","101","4","lineage-101","control","before","1","0","0","0","true","familiar"
"frozen-grammar-information-gain","101","4","lineage-101","control","before","2","0","0","0","true","familiar"
"frozen-grammar-information-gain","101","4","lineage-101","control","before","3","0","0","0","true","familiar"
"frozen-grammar-information-gain","101","4","lineage-101","control","before","4","1","1","1","true","familiar"
"frozen-grammar-information-gain","101","4","lineage-101","control","before","5","0","0","0","true","familiar"
"frozen-grammar-information-gain","101","4","lineage-101","control","before","6","1","1","1","true","familiar"
"frozen-grammar-information-gain","101","4","lineage-101","control","before","7","0","0","0","true","familiar"
"frozen-grammar-information-gain","101","4","lineage-101","control","afterRegrowth","0","1","1","1","true","familiar"
"frozen-grammar-information-gain","101","4","lineage-101","control","afterRegrowth","1","0","0","0","true","familiar"
"frozen-grammar-information-gain","101","4","lineage-101","control","afterRegrowth","2","0","0","0","true","familiar"
"frozen-grammar-information-gain","101","4","lineage-101","control","afterRegrowth","3","0","0","0","true","familiar"
"frozen-grammar-information-gain","101","4","lineage-101","control","afterRegrowth","4","0","0","0","true","familiar"
"frozen-grammar-information-gain","101","4","lineage-101","control","afterRegrowth","5","0","0","0","true","familiar"
"frozen-grammar-information-gain","101","4","lineage-101","control","afterRegrowth","6","0","0","0","true","familiar"
"frozen-grammar-information-gain","101","4","lineage-101","control","afterRegrowth","7","0","0","0","true","familiar"
"frozen-grammar-information-gain","101","4","lineage-101","control","transfer","0","0","1","0","false","custom"
"frozen-grammar-information-gain","101","4","lineage-101","control","transfer","1","0","1","0","false","custom"
"frozen-grammar-information-gain","101","4","lineage-101","control","transfer","2","0","1","0","false","custom"
"frozen-grammar-information-gain","101","4","lineage-101","control","transfer","3","1","0","1","false","custom"
"frozen-grammar-information-gain","101","4","lineage-101","control","transfer","4","0","1","0","false","custom"
"frozen-grammar-information-gain","101","4","lineage-101","control","transfer","5","1","0","1","false","custom"
"frozen-grammar-information-gain","101","4","lineage-101","control","transfer","6","1","0","1","false","custom"
"frozen-grammar-information-gain","101","4","lineage-101","control","transfer","7","1","0","1","false","custom"
"frozen-grammar-information-gain","101","4","lineage-101","treatment","before","0","0","0","0","true","familiar"
"frozen-grammar-information-gain","101","4","lineage-101","treatment","before","1","0","0","0","true","familiar"
"frozen-grammar-information-gain","101","4","lineage-101","treatment","before","2","0","0","0","true","familiar"
"frozen-grammar-information-gain","101","4","lineage-101","treatment","before","3","0","0","0","true","familiar"
"frozen-grammar-information-gain","101","4","lineage-101","treatment","before","4","1","1","1","true","familiar"
"frozen-grammar-information-gain","101","4","lineage-101","treatment","before","5","0","0","0","true","familiar"
"frozen-grammar-information-gain","101","4","lineage-101","treatment","before","6","1","1","1","true","familiar"
"frozen-grammar-information-gain","101","4","lineage-101","treatment","before","7","0","0","0","true","familiar"
"frozen-grammar-information-gain","101","4","lineage-101","treatment","afterRegrowth","0","1","1","1","true","familiar"
"frozen-grammar-information-gain","101","4","lineage-101","treatment","afterRegrowth","1","0","0","0","true","familiar"
"frozen-grammar-information-gain","101","4","lineage-101","treatment","afterRegrowth","2","0","0","0","true","familiar"
"frozen-grammar-information-gain","101","4","lineage-101","treatment","afterRegrowth","3","0","0","0","true","familiar"
"frozen-grammar-information-gain","101","4","lineage-101","treatment","afterRegrowth","4","0","0","0","true","familiar"
"frozen-grammar-information-gain","101","4","lineage-101","treatment","afterRegrowth","5","0","0","0","true","familiar"
"frozen-grammar-information-gain","101","4","lineage-101","treatment","afterRegrowth","6","0","0","0","true","familiar"
"frozen-grammar-information-gain","101","4","lineage-101","treatment","afterRegrowth","7","0","0","0","true","familiar"
"frozen-grammar-information-gain","101","4","lineage-101","treatment","transfer","0","0","1","0","false","custom"
"frozen-grammar-information-gain","101","4","lineage-101","treatment","transfer","1","0","1","0","false","custom"
"frozen-grammar-information-gain","101","4","lineage-101","treatment","transfer","2","0","1","0","false","custom"
"frozen-grammar-information-gain","101","4","lineage-101","treatment","transfer","3","1","0","1","false","custom"
"frozen-grammar-information-gain","101","4","lineage-101","treatment","transfer","4","0","1","0","false","custom"
"frozen-grammar-information-gain","101","4","lineage-101","treatment","transfer","5","1","0","1","false","custom"
"frozen-grammar-information-gain","101","4","lineage-101","treatment","transfer","6","1","0","1","false","custom"
"frozen-grammar-information-gain","101","4","lineage-101","treatment","transfer","7","1","0","1","false","custom"
"adaptive-revisable-grammar","101","0","lineage-101","control","before","0","0","0","0","true","familiar"
"adaptive-revisable-grammar","101","0","lineage-101","control","before","1","0","0","0","true","familiar"
"adaptive-revisable-grammar","101","0","lineage-101","control","before","2","0","0","0","true","familiar"
"adaptive-revisable-grammar","101","0","lineage-101","control","before","3","0","0","0","true","familiar"
"adaptive-revisable-grammar","101","0","lineage-101","control","before","4","1","1","1","true","familiar"
"adaptive-revisable-grammar","101","0","lineage-101","control","before","5","0","0","0","true","familiar"
"adaptive-revisable-grammar","101","0","lineage-101","control","before","6","1","1","1","true","familiar"
"adaptive-revisable-grammar","101","0","lineage-101","control","before","7","0","0","0","true","familiar"
"adaptive-revisable-grammar","101","0","lineage-101","control","afterRegrowth","0","1","1","1","true","familiar"
"adaptive-revisable-grammar","101","0","lineage-101","control","afterRegrowth","1","0","0","0","true","familiar"
"adaptive-revisable-grammar","101","0","lineage-101","control","afterRegrowth","2","0","0","0","true","familiar"
"adaptive-revisable-grammar","101","0","lineage-101","control","afterRegrowth","3","0","0","0","true","familiar"
"adaptive-revisable-grammar","101","0","lineage-101","control","afterRegrowth","4","0","0","0","true","familiar"
"adaptive-revisable-grammar","101","0","lineage-101","control","afterRegrowth","5","0","0","0","true","familiar"
"adaptive-revisable-grammar","101","0","lineage-101","control","afterRegrowth","6","0","0","0","true","familiar"
"adaptive-revisable-grammar","101","0","lineage-101","control","afterRegrowth","7","0","0","0","true","familiar"
"adaptive-revisable-grammar","101","0","lineage-101","control","transfer","0","0","1","0","false","custom"
"adaptive-revisable-grammar","101","0","lineage-101","control","transfer","1","0","1","0","false","custom"
"adaptive-revisable-grammar","101","0","lineage-101","control","transfer","2","0","1","0","false","custom"
"adaptive-revisable-grammar","101","0","lineage-101","control","transfer","3","1","0","1","false","custom"
"adaptive-revisable-grammar","101","0","lineage-101","control","transfer","4","0","1","0","false","custom"
"adaptive-revisable-grammar","101","0","lineage-101","control","transfer","5","1","0","1","false","custom"
"adaptive-revisable-grammar","101","0","lineage-101","control","transfer","6","1","0","1","false","custom"
"adaptive-revisable-grammar","101","0","lineage-101","control","transfer","7","1","0","1","false","custom"
"adaptive-revisable-grammar","101","0","lineage-101","treatment","before","0","0","0","0","true","familiar"
"adaptive-revisable-grammar","101","0","lineage-101","treatment","before","1","0","0","0","true","familiar"
"adaptive-revisable-grammar","101","0","lineage-101","treatment","before","2","0","0","0","true","familiar"
"adaptive-revisable-grammar","101","0","lineage-101","treatment","before","3","0","0","0","true","familiar"
"adaptive-revisable-grammar","101","0","lineage-101","treatment","before","4","1","1","1","true","familiar"
"adaptive-revisable-grammar","101","0","lineage-101","treatment","before","5","0","0","0","true","familiar"
"adaptive-revisable-grammar","101","0","lineage-101","treatment","before","6","1","1","1","true","familiar"
"adaptive-revisable-grammar","101","0","lineage-101","treatment","before","7","0","0","0","true","familiar"
"adaptive-revisable-grammar","101","0","lineage-101","treatment","afterRegrowth","0","1","1","1","true","familiar"
"adaptive-revisable-grammar","101","0","lineage-101","treatment","afterRegrowth","1","0","0","0","true","familiar"
"adaptive-revisable-grammar","101","0","lineage-101","treatment","afterRegrowth","2","0","0","0","true","familiar"
"adaptive-revisable-grammar","101","0","lineage-101","treatment","afterRegrowth","3","0","0","0","true","familiar"
"adaptive-revisable-grammar","101","0","lineage-101","treatment","afterRegrowth","4","0","0","0","true","familiar"
"adaptive-revisable-grammar","101","0","lineage-101","treatment","afterRegrowth","5","0","0","0","true","familiar"
"adaptive-revisable-grammar","101","0","lineage-101","treatment","afterRegrowth","6","0","0","0","true","familiar"
"adaptive-revisable-grammar","101","0","lineage-101","treatment","afterRegrowth","7","0","0","0","true","familiar"
"adaptive-revisable-grammar","101","0","lineage-101","treatment","transfer","0","0","1","0","false","custom"
"adaptive-revisable-grammar","101","0","lineage-101","treatment","transfer","1","0","1","0","false","custom"
"adaptive-revisable-grammar","101","0","lineage-101","treatment","transfer","2","0","1","0","false","custom"
"adaptive-revisable-grammar","101","0","lineage-101","treatment","transfer","3","1","0","1","false","custom"
"adaptive-revisable-grammar","101","0","lineage-101","treatment","transfer","4","0","1","0","false","custom"
"adaptive-revisable-grammar","101","0","lineage-101","treatment","transfer","5","1","0","1","false","custom"
"adaptive-revisable-grammar","101","0","lineage-101","treatment","transfer","6","1","0","1","false","custom"
"adaptive-revisable-grammar","101","0","lineage-101","treatment","transfer","7","1","0","1","false","custom"
"adaptive-revisable-grammar","101","1","lineage-101","control","before","0","0","0","0","true","familiar"
"adaptive-revisable-grammar","101","1","lineage-101","control","before","1","0","0","0","true","familiar"
"adaptive-revisable-grammar","101","1","lineage-101","control","before","2","0","0","0","true","familiar"
"adaptive-revisable-grammar","101","1","lineage-101","control","before","3","0","0","0","true","familiar"
"adaptive-revisable-grammar","101","1","lineage-101","control","before","4","1","1","1","true","familiar"
"adaptive-revisable-grammar","101","1","lineage-101","control","before","5","0","0","0","true","familiar"
"adaptive-revisable-grammar","101","1","lineage-101","control","before","6","1","1","1","true","familiar"
"adaptive-revisable-grammar","101","1","lineage-101","control","before","7","0","0","0","true","familiar"
"adaptive-revisable-grammar","101","1","lineage-101","control","afterRegrowth","0","1","1","1","true","familiar"
"adaptive-revisable-grammar","101","1","lineage-101","control","afterRegrowth","1","0","0","0","true","familiar"
"adaptive-revisable-grammar","101","1","lineage-101","control","afterRegrowth","2","0","0","0","true","familiar"
"adaptive-revisable-grammar","101","1","lineage-101","control","afterRegrowth","3","0","0","0","true","familiar"
"adaptive-revisable-grammar","101","1","lineage-101","control","afterRegrowth","4","0","0","0","true","familiar"
"adaptive-revisable-grammar","101","1","lineage-101","control","afterRegrowth","5","0","0","0","true","familiar"
"adaptive-revisable-grammar","101","1","lineage-101","control","afterRegrowth","6","0","0","0","true","familiar"
"adaptive-revisable-grammar","101","1","lineage-101","control","afterRegrowth","7","0","0","0","true","familiar"
"adaptive-revisable-grammar","101","1","lineage-101","control","transfer","0","0","1","0","false","custom"
"adaptive-revisable-grammar","101","1","lineage-101","control","transfer","1","0","1","0","false","custom"
"adaptive-revisable-grammar","101","1","lineage-101","control","transfer","2","0","1","0","false","custom"
"adaptive-revisable-grammar","101","1","lineage-101","control","transfer","3","1","0","1","false","custom"
"adaptive-revisable-grammar","101","1","lineage-101","control","transfer","4","0","1","0","false","custom"
"adaptive-revisable-grammar","101","1","lineage-101","control","transfer","5","1","0","1","false","custom"
"adaptive-revisable-grammar","101","1","lineage-101","control","transfer","6","1","0","1","false","custom"
"adaptive-revisable-grammar","101","1","lineage-101","control","transfer","7","1","0","1","false","custom"
"adaptive-revisable-grammar","101","1","lineage-101","treatment","before","0","0","0","0","true","familiar"
"adaptive-revisable-grammar","101","1","lineage-101","treatment","before","1","0","0","0","true","familiar"
"adaptive-revisable-grammar","101","1","lineage-101","treatment","before","2","0","0","0","true","familiar"
"adaptive-revisable-grammar","101","1","lineage-101","treatment","before","3","0","0","0","true","familiar"
"adaptive-revisable-grammar","101","1","lineage-101","treatment","before","4","1","1","1","true","familiar"
"adaptive-revisable-grammar","101","1","lineage-101","treatment","before","5","0","0","0","true","familiar"
"adaptive-revisable-grammar","101","1","lineage-101","treatment","before","6","1","1","1","true","familiar"
"adaptive-revisable-grammar","101","1","lineage-101","treatment","before","7","0","0","0","true","familiar"
"adaptive-revisable-grammar","101","1","lineage-101","treatment","afterRegrowth","0","1","1","1","true","familiar"
"adaptive-revisable-grammar","101","1","lineage-101","treatment","afterRegrowth","1","0","0","0","true","familiar"
"adaptive-revisable-grammar","101","1","lineage-101","treatment","afterRegrowth","2","0","0","0","true","familiar"
"adaptive-revisable-grammar","101","1","lineage-101","treatment","afterRegrowth","3","0","0","0","true","familiar"
"adaptive-revisable-grammar","101","1","lineage-101","treatment","afterRegrowth","4","0","0","0","true","familiar"
"adaptive-revisable-grammar","101","1","lineage-101","treatment","afterRegrowth","5","0","0","0","true","familiar"
"adaptive-revisable-grammar","101","1","lineage-101","treatment","afterRegrowth","6","0","0","0","true","familiar"
"adaptive-revisable-grammar","101","1","lineage-101","treatment","afterRegrowth","7","0","0","0","true","familiar"
"adaptive-revisable-grammar","101","1","lineage-101","treatment","transfer","0","0","1","0","false","custom"
"adaptive-revisable-grammar","101","1","lineage-101","treatment","transfer","1","0","1","0","false","custom"
"adaptive-revisable-grammar","101","1","lineage-101","treatment","transfer","2","0","1","0","false","custom"
"adaptive-revisable-grammar","101","1","lineage-101","treatment","transfer","3","1","0","1","false","custom"
"adaptive-revisable-grammar","101","1","lineage-101","treatment","transfer","4","0","1","0","false","custom"
"adaptive-revisable-grammar","101","1","lineage-101","treatment","transfer","5","1","0","1","false","custom"
"adaptive-revisable-grammar","101","1","lineage-101","treatment","transfer","6","1","0","1","false","custom"
"adaptive-revisable-grammar","101","1","lineage-101","treatment","transfer","7","1","0","1","false","custom"
"adaptive-revisable-grammar","101","2","lineage-101","control","before","0","0","0","0","true","familiar"
"adaptive-revisable-grammar","101","2","lineage-101","control","before","1","0","0","0","true","familiar"
"adaptive-revisable-grammar","101","2","lineage-101","control","before","2","0","0","0","true","familiar"
"adaptive-revisable-grammar","101","2","lineage-101","control","before","3","0","0","0","true","familiar"
"adaptive-revisable-grammar","101","2","lineage-101","control","before","4","1","1","1","true","familiar"
"adaptive-revisable-grammar","101","2","lineage-101","control","before","5","0","0","0","true","familiar"
"adaptive-revisable-grammar","101","2","lineage-101","control","before","6","1","1","1","true","familiar"
"adaptive-revisable-grammar","101","2","lineage-101","control","before","7","0","0","0","true","familiar"
"adaptive-revisable-grammar","101","2","lineage-101","control","afterRegrowth","0","1","1","1","true","familiar"
"adaptive-revisable-grammar","101","2","lineage-101","control","afterRegrowth","1","0","0","0","true","familiar"
"adaptive-revisable-grammar","101","2","lineage-101","control","afterRegrowth","2","0","0","0","true","familiar"
"adaptive-revisable-grammar","101","2","lineage-101","control","afterRegrowth","3","0","0","0","true","familiar"
"adaptive-revisable-grammar","101","2","lineage-101","control","afterRegrowth","4","0","0","0","true","familiar"
"adaptive-revisable-grammar","101","2","lineage-101","control","afterRegrowth","5","0","0","0","true","familiar"
"adaptive-revisable-grammar","101","2","lineage-101","control","afterRegrowth","6","0","0","0","true","familiar"
"adaptive-revisable-grammar","101","2","lineage-101","control","afterRegrowth","7","0","0","0","true","familiar"
"adaptive-revisable-grammar","101","2","lineage-101","control","transfer","0","0","1","0","false","custom"
"adaptive-revisable-grammar","101","2","lineage-101","control","transfer","1","0","1","0","false","custom"
"adaptive-revisable-grammar","101","2","lineage-101","control","transfer","2","0","1","0","false","custom"
"adaptive-revisable-grammar","101","2","lineage-101","control","transfer","3","1","0","1","false","custom"
"adaptive-revisable-grammar","101","2","lineage-101","control","transfer","4","0","1","0","false","custom"
"adaptive-revisable-grammar","101","2","lineage-101","control","transfer","5","1","0","1","false","custom"
"adaptive-revisable-grammar","101","2","lineage-101","control","transfer","6","1","0","1","false","custom"
"adaptive-revisable-grammar","101","2","lineage-101","control","transfer","7","1","0","1","false","custom"
"adaptive-revisable-grammar","101","2","lineage-101","treatment","before","0","0","0","0","true","familiar"
"adaptive-revisable-grammar","101","2","lineage-101","treatment","before","1","0","0","0","true","familiar"
"adaptive-revisable-grammar","101","2","lineage-101","treatment","before","2","0","0","0","true","familiar"
"adaptive-revisable-grammar","101","2","lineage-101","treatment","before","3","0","0","0","true","familiar"
"adaptive-revisable-grammar","101","2","lineage-101","treatment","before","4","1","1","1","true","familiar"
"adaptive-revisable-grammar","101","2","lineage-101","treatment","before","5","0","0","0","true","familiar"
"adaptive-revisable-grammar","101","2","lineage-101","treatment","before","6","1","1","1","true","familiar"
"adaptive-revisable-grammar","101","2","lineage-101","treatment","before","7","0","0","0","true","familiar"
"adaptive-revisable-grammar","101","2","lineage-101","treatment","afterRegrowth","0","1","1","1","true","familiar"
"adaptive-revisable-grammar","101","2","lineage-101","treatment","afterRegrowth","1","0","0","0","true","familiar"
"adaptive-revisable-grammar","101","2","lineage-101","treatment","afterRegrowth","2","0","0","0","true","familiar"
"adaptive-revisable-grammar","101","2","lineage-101","treatment","afterRegrowth","3","0","0","0","true","familiar"
"adaptive-revisable-grammar","101","2","lineage-101","treatment","afterRegrowth","4","0","0","0","true","familiar"
"adaptive-revisable-grammar","101","2","lineage-101","treatment","afterRegrowth","5","0","0","0","true","familiar"
"adaptive-revisable-grammar","101","2","lineage-101","treatment","afterRegrowth","6","0","0","0","true","familiar"
"adaptive-revisable-grammar","101","2","lineage-101","treatment","afterRegrowth","7","0","0","0","true","familiar"
"adaptive-revisable-grammar","101","2","lineage-101","treatment","transfer","0","0","1","0","false","custom"
"adaptive-revisable-grammar","101","2","lineage-101","treatment","transfer","1","0","1","0","false","custom"
"adaptive-revisable-grammar","101","2","lineage-101","treatment","transfer","2","0","1","0","false","custom"
"adaptive-revisable-grammar","101","2","lineage-101","treatment","transfer","3","1","0","1","false","custom"
"adaptive-revisable-grammar","101","2","lineage-101","treatment","transfer","4","0","1","0","false","custom"
"adaptive-revisable-grammar","101","2","lineage-101","treatment","transfer","5","1","0","1","false","custom"
"adaptive-revisable-grammar","101","2","lineage-101","treatment","transfer","6","1","0","1","false","custom"
"adaptive-revisable-grammar","101","2","lineage-101","treatment","transfer","7","1","0","1","false","custom"
"adaptive-revisable-grammar","101","3","lineage-101","control","before","0","0","0","0","true","familiar"
"adaptive-revisable-grammar","101","3","lineage-101","control","before","1","0","0","0","true","familiar"
"adaptive-revisable-grammar","101","3","lineage-101","control","before","2","0","0","0","true","familiar"
"adaptive-revisable-grammar","101","3","lineage-101","control","before","3","0","0","0","true","familiar"
"adaptive-revisable-grammar","101","3","lineage-101","control","before","4","1","1","1","true","familiar"
"adaptive-revisable-grammar","101","3","lineage-101","control","before","5","0","0","0","true","familiar"
"adaptive-revisable-grammar","101","3","lineage-101","control","before","6","1","1","1","true","familiar"
"adaptive-revisable-grammar","101","3","lineage-101","control","before","7","0","0","0","true","familiar"
"adaptive-revisable-grammar","101","3","lineage-101","control","afterRegrowth","0","1","1","1","true","familiar"
"adaptive-revisable-grammar","101","3","lineage-101","control","afterRegrowth","1","0","0","0","true","familiar"
"adaptive-revisable-grammar","101","3","lineage-101","control","afterRegrowth","2","0","0","0","true","familiar"
"adaptive-revisable-grammar","101","3","lineage-101","control","afterRegrowth","3","0","0","0","true","familiar"
"adaptive-revisable-grammar","101","3","lineage-101","control","afterRegrowth","4","0","0","0","true","familiar"
"adaptive-revisable-grammar","101","3","lineage-101","control","afterRegrowth","5","0","0","0","true","familiar"
"adaptive-revisable-grammar","101","3","lineage-101","control","afterRegrowth","6","0","0","0","true","familiar"
"adaptive-revisable-grammar","101","3","lineage-101","control","afterRegrowth","7","0","0","0","true","familiar"
"adaptive-revisable-grammar","101","3","lineage-101","control","transfer","0","0","1","0","false","custom"
"adaptive-revisable-grammar","101","3","lineage-101","control","transfer","1","0","1","0","false","custom"
"adaptive-revisable-grammar","101","3","lineage-101","control","transfer","2","0","1","0","false","custom"
"adaptive-revisable-grammar","101","3","lineage-101","control","transfer","3","1","0","1","false","custom"
"adaptive-revisable-grammar","101","3","lineage-101","control","transfer","4","0","1","0","false","custom"
"adaptive-revisable-grammar","101","3","lineage-101","control","transfer","5","1","0","1","false","custom"
"adaptive-revisable-grammar","101","3","lineage-101","control","transfer","6","1","0","1","false","custom"
"adaptive-revisable-grammar","101","3","lineage-101","control","transfer","7","1","0","1","false","custom"
"adaptive-revisable-grammar","101","3","lineage-101","treatment","before","0","0","0","0","true","familiar"
"adaptive-revisable-grammar","101","3","lineage-101","treatment","before","1","0","0","0","true","familiar"
"adaptive-revisable-grammar","101","3","lineage-101","treatment","before","2","0","0","0","true","familiar"
"adaptive-revisable-grammar","101","3","lineage-101","treatment","before","3","0","0","0","true","familiar"
"adaptive-revisable-grammar","101","3","lineage-101","treatment","before","4","1","1","1","true","familiar"
"adaptive-revisable-grammar","101","3","lineage-101","treatment","before","5","0","0","0","true","familiar"
"adaptive-revisable-grammar","101","3","lineage-101","treatment","before","6","1","1","1","true","familiar"
"adaptive-revisable-grammar","101","3","lineage-101","treatment","before","7","0","0","0","true","familiar"
"adaptive-revisable-grammar","101","3","lineage-101","treatment","afterRegrowth","0","1","1","1","true","familiar"
"adaptive-revisable-grammar","101","3","lineage-101","treatment","afterRegrowth","1","0","0","0","true","familiar"
"adaptive-revisable-grammar","101","3","lineage-101","treatment","afterRegrowth","2","0","0","0","true","familiar"
"adaptive-revisable-grammar","101","3","lineage-101","treatment","afterRegrowth","3","0","0","0","true","familiar"
"adaptive-revisable-grammar","101","3","lineage-101","treatment","afterRegrowth","4","0","0","0","true","familiar"
"adaptive-revisable-grammar","101","3","lineage-101","treatment","afterRegrowth","5","0","0","0","true","familiar"
"adaptive-revisable-grammar","101","3","lineage-101","treatment","afterRegrowth","6","0","0","0","true","familiar"
"adaptive-revisable-grammar","101","3","lineage-101","treatment","afterRegrowth","7","0","0","0","true","familiar"
"adaptive-revisable-grammar","101","3","lineage-101","treatment","transfer","0","0","1","0","false","custom"
"adaptive-revisable-grammar","101","3","lineage-101","treatment","transfer","1","0","1","0","false","custom"
"adaptive-revisable-grammar","101","3","lineage-101","treatment","transfer","2","0","1","0","false","custom"
"adaptive-revisable-grammar","101","3","lineage-101","treatment","transfer","3","1","0","1","false","custom"
"adaptive-revisable-grammar","101","3","lineage-101","treatment","transfer","4","0","1","0","false","custom"
"adaptive-revisable-grammar","101","3","lineage-101","treatment","transfer","5","1","0","1","false","custom"
"adaptive-revisable-grammar","101","3","lineage-101","treatment","transfer","6","1","0","1","false","custom"
"adaptive-revisable-grammar","101","3","lineage-101","treatment","transfer","7","1","0","1","false","custom"
"adaptive-revisable-grammar","101","4","lineage-101","control","before","0","0","0","0","true","familiar"
"adaptive-revisable-grammar","101","4","lineage-101","control","before","1","0","0","0","true","familiar"
"adaptive-revisable-grammar","101","4","lineage-101","control","before","2","0","0","0","true","familiar"
"adaptive-revisable-grammar","101","4","lineage-101","control","before","3","0","0","0","true","familiar"
"adaptive-revisable-grammar","101","4","lineage-101","control","before","4","1","1","1","true","familiar"
"adaptive-revisable-grammar","101","4","lineage-101","control","before","5","0","0","0","true","familiar"
"adaptive-revisable-grammar","101","4","lineage-101","control","before","6","1","1","1","true","familiar"
"adaptive-revisable-grammar","101","4","lineage-101","control","before","7","0","0","0","true","familiar"
"adaptive-revisable-grammar","101","4","lineage-101","control","afterRegrowth","0","1","1","1","true","familiar"
"adaptive-revisable-grammar","101","4","lineage-101","control","afterRegrowth","1","0","0","0","true","familiar"
"adaptive-revisable-grammar","101","4","lineage-101","control","afterRegrowth","2","0","0","0","true","familiar"
"adaptive-revisable-grammar","101","4","lineage-101","control","afterRegrowth","3","0","0","0","true","familiar"
"adaptive-revisable-grammar","101","4","lineage-101","control","afterRegrowth","4","0","0","0","true","familiar"
"adaptive-revisable-grammar","101","4","lineage-101","control","afterRegrowth","5","0","0","0","true","familiar"
"adaptive-revisable-grammar","101","4","lineage-101","control","afterRegrowth","6","0","0","0","true","familiar"
"adaptive-revisable-grammar","101","4","lineage-101","control","afterRegrowth","7","0","0","0","true","familiar"
"adaptive-revisable-grammar","101","4","lineage-101","control","transfer","0","0","1","0","false","custom"
"adaptive-revisable-grammar","101","4","lineage-101","control","transfer","1","0","1","0","false","custom"
"adaptive-revisable-grammar","101","4","lineage-101","control","transfer","2","0","1","0","false","custom"
"adaptive-revisable-grammar","101","4","lineage-101","control","transfer","3","1","0","1","false","custom"
"adaptive-revisable-grammar","101","4","lineage-101","control","transfer","4","0","1","0","false","custom"
"adaptive-revisable-grammar","101","4","lineage-101","control","transfer","5","1","0","1","false","custom"
"adaptive-revisable-grammar","101","4","lineage-101","control","transfer","6","1","0","1","false","custom"
"adaptive-revisable-grammar","101","4","lineage-101","control","transfer","7","1","0","1","false","custom"
"adaptive-revisable-grammar","101","4","lineage-101","treatment","before","0","0","0","0","true","familiar"
"adaptive-revisable-grammar","101","4","lineage-101","treatment","before","1","0","0","0","true","familiar"
"adaptive-revisable-grammar","101","4","lineage-101","treatment","before","2","0","0","0","true","familiar"
"adaptive-revisable-grammar","101","4","lineage-101","treatment","before","3","0","0","0","true","familiar"
"adaptive-revisable-grammar","101","4","lineage-101","treatment","before","4","1","1","1","true","familiar"
"adaptive-revisable-grammar","101","4","lineage-101","treatment","before","5","0","0","0","true","familiar"
"adaptive-revisable-grammar","101","4","lineage-101","treatment","before","6","1","1","1","true","familiar"
"adaptive-revisable-grammar","101","4","lineage-101","treatment","before","7","0","0","0","true","familiar"
"adaptive-revisable-grammar","101","4","lineage-101","treatment","afterRegrowth","0","1","1","1","true","familiar"
"adaptive-revisable-grammar","101","4","lineage-101","treatment","afterRegrowth","1","0","0","0","true","familiar"
"adaptive-revisable-grammar","101","4","lineage-101","treatment","afterRegrowth","2","0","0","0","true","familiar"
"adaptive-revisable-grammar","101","4","lineage-101","treatment","afterRegrowth","3","0","0","0","true","familiar"
"adaptive-revisable-grammar","101","4","lineage-101","treatment","afterRegrowth","4","0","0","0","true","familiar"
"adaptive-revisable-grammar","101","4","lineage-101","treatment","afterRegrowth","5","0","0","0","true","familiar"
"adaptive-revisable-grammar","101","4","lineage-101","treatment","afterRegrowth","6","0","0","0","true","familiar"
"adaptive-revisable-grammar","101","4","lineage-101","treatment","afterRegrowth","7","0","0","0","true","familiar"
"adaptive-revisable-grammar","101","4","lineage-101","treatment","transfer","0","0","1","0","false","custom"
"adaptive-revisable-grammar","101","4","lineage-101","treatment","transfer","1","0","1","0","false","custom"
"adaptive-revisable-grammar","101","4","lineage-101","treatment","transfer","2","0","1","0","false","custom"
"adaptive-revisable-grammar","101","4","lineage-101","treatment","transfer","3","1","0","1","false","custom"
"adaptive-revisable-grammar","101","4","lineage-101","treatment","transfer","4","0","1","0","false","custom"
"adaptive-revisable-grammar","101","4","lineage-101","treatment","transfer","5","1","0","1","false","custom"
"adaptive-revisable-grammar","101","4","lineage-101","treatment","transfer","6","1","0","1","false","custom"
"adaptive-revisable-grammar","101","4","lineage-101","treatment","transfer","7","1","0","1","false","custom"
"fixed-one-factor","202","5","lineage-202","control","before","0","0","0","0","true","familiar"
"fixed-one-factor","202","5","lineage-202","control","before","1","1","1","1","true","familiar"
"fixed-one-factor","202","5","lineage-202","control","before","2","1","1","1","true","familiar"
"fixed-one-factor","202","5","lineage-202","control","before","3","1","1","1","true","familiar"
"fixed-one-factor","202","5","lineage-202","control","before","4","1","1","1","true","familiar"
"fixed-one-factor","202","5","lineage-202","control","before","5","0","0","0","true","familiar"
"fixed-one-factor","202","5","lineage-202","control","before","6","1","1","1","true","familiar"
"fixed-one-factor","202","5","lineage-202","control","before","7","1","1","1","true","familiar"
"fixed-one-factor","202","5","lineage-202","control","afterRegrowth","0","1","1","1","true","familiar"
"fixed-one-factor","202","5","lineage-202","control","afterRegrowth","1","1","1","1","true","familiar"
"fixed-one-factor","202","5","lineage-202","control","afterRegrowth","2","0","0","0","true","familiar"
"fixed-one-factor","202","5","lineage-202","control","afterRegrowth","3","1","1","1","true","familiar"
"fixed-one-factor","202","5","lineage-202","control","afterRegrowth","4","1","1","1","true","familiar"
"fixed-one-factor","202","5","lineage-202","control","afterRegrowth","5","0","0","0","true","familiar"
"fixed-one-factor","202","5","lineage-202","control","afterRegrowth","6","1","1","1","true","familiar"
"fixed-one-factor","202","5","lineage-202","control","afterRegrowth","7","1","1","1","true","familiar"
"fixed-one-factor","202","5","lineage-202","control","transfer","0","0","1","0","false","custom"
"fixed-one-factor","202","5","lineage-202","control","transfer","1","1","0","1","false","custom"
"fixed-one-factor","202","5","lineage-202","control","transfer","2","1","0","1","false","custom"
"fixed-one-factor","202","5","lineage-202","control","transfer","3","1","0","1","false","custom"
"fixed-one-factor","202","5","lineage-202","control","transfer","4","0","1","0","false","custom"
"fixed-one-factor","202","5","lineage-202","control","transfer","5","1","0","1","false","custom"
"fixed-one-factor","202","5","lineage-202","control","transfer","6","1","0","1","false","custom"
"fixed-one-factor","202","5","lineage-202","control","transfer","7","0","1","0","false","custom"
"fixed-one-factor","202","5","lineage-202","treatment","before","0","0","0","0","true","familiar"
"fixed-one-factor","202","5","lineage-202","treatment","before","1","1","1","1","true","familiar"
"fixed-one-factor","202","5","lineage-202","treatment","before","2","1","1","1","true","familiar"
"fixed-one-factor","202","5","lineage-202","treatment","before","3","1","1","1","true","familiar"
"fixed-one-factor","202","5","lineage-202","treatment","before","4","1","1","1","true","familiar"
"fixed-one-factor","202","5","lineage-202","treatment","before","5","0","0","0","true","familiar"
"fixed-one-factor","202","5","lineage-202","treatment","before","6","1","1","1","true","familiar"
"fixed-one-factor","202","5","lineage-202","treatment","before","7","1","1","1","true","familiar"
"fixed-one-factor","202","5","lineage-202","treatment","afterRegrowth","0","1","1","1","true","familiar"
"fixed-one-factor","202","5","lineage-202","treatment","afterRegrowth","1","1","1","1","true","familiar"
"fixed-one-factor","202","5","lineage-202","treatment","afterRegrowth","2","0","0","0","true","familiar"
"fixed-one-factor","202","5","lineage-202","treatment","afterRegrowth","3","1","1","1","true","familiar"
"fixed-one-factor","202","5","lineage-202","treatment","afterRegrowth","4","1","1","1","true","familiar"
"fixed-one-factor","202","5","lineage-202","treatment","afterRegrowth","5","0","0","0","true","familiar"
"fixed-one-factor","202","5","lineage-202","treatment","afterRegrowth","6","1","1","1","true","familiar"
"fixed-one-factor","202","5","lineage-202","treatment","afterRegrowth","7","1","1","1","true","familiar"
"fixed-one-factor","202","5","lineage-202","treatment","transfer","0","0","1","0","false","custom"
"fixed-one-factor","202","5","lineage-202","treatment","transfer","1","1","0","1","false","custom"
"fixed-one-factor","202","5","lineage-202","treatment","transfer","2","1","0","1","false","custom"
"fixed-one-factor","202","5","lineage-202","treatment","transfer","3","1","0","1","false","custom"
"fixed-one-factor","202","5","lineage-202","treatment","transfer","4","0","1","0","false","custom"
"fixed-one-factor","202","5","lineage-202","treatment","transfer","5","1","0","1","false","custom"
"fixed-one-factor","202","5","lineage-202","treatment","transfer","6","1","0","1","false","custom"
"fixed-one-factor","202","5","lineage-202","treatment","transfer","7","0","1","0","false","custom"
"fixed-one-factor","202","6","lineage-202","control","before","0","0","0","0","true","familiar"
"fixed-one-factor","202","6","lineage-202","control","before","1","1","1","1","true","familiar"
"fixed-one-factor","202","6","lineage-202","control","before","2","1","1","1","true","familiar"
"fixed-one-factor","202","6","lineage-202","control","before","3","1","1","1","true","familiar"
"fixed-one-factor","202","6","lineage-202","control","before","4","1","1","1","true","familiar"
"fixed-one-factor","202","6","lineage-202","control","before","5","0","0","0","true","familiar"
"fixed-one-factor","202","6","lineage-202","control","before","6","1","1","1","true","familiar"
"fixed-one-factor","202","6","lineage-202","control","before","7","1","1","1","true","familiar"
"fixed-one-factor","202","6","lineage-202","control","afterRegrowth","0","1","1","1","true","familiar"
"fixed-one-factor","202","6","lineage-202","control","afterRegrowth","1","1","1","1","true","familiar"
"fixed-one-factor","202","6","lineage-202","control","afterRegrowth","2","0","0","0","true","familiar"
"fixed-one-factor","202","6","lineage-202","control","afterRegrowth","3","1","1","1","true","familiar"
"fixed-one-factor","202","6","lineage-202","control","afterRegrowth","4","1","1","1","true","familiar"
"fixed-one-factor","202","6","lineage-202","control","afterRegrowth","5","0","0","0","true","familiar"
"fixed-one-factor","202","6","lineage-202","control","afterRegrowth","6","1","1","1","true","familiar"
"fixed-one-factor","202","6","lineage-202","control","afterRegrowth","7","1","1","1","true","familiar"
"fixed-one-factor","202","6","lineage-202","control","transfer","0","0","1","0","false","custom"
"fixed-one-factor","202","6","lineage-202","control","transfer","1","1","0","1","false","custom"
"fixed-one-factor","202","6","lineage-202","control","transfer","2","1","0","1","false","custom"
"fixed-one-factor","202","6","lineage-202","control","transfer","3","1","0","1","false","custom"
"fixed-one-factor","202","6","lineage-202","control","transfer","4","0","1","0","false","custom"
"fixed-one-factor","202","6","lineage-202","control","transfer","5","1","0","1","false","custom"
"fixed-one-factor","202","6","lineage-202","control","transfer","6","1","0","1","false","custom"
"fixed-one-factor","202","6","lineage-202","control","transfer","7","0","1","0","false","custom"
"fixed-one-factor","202","6","lineage-202","treatment","before","0","0","0","0","true","familiar"
"fixed-one-factor","202","6","lineage-202","treatment","before","1","1","1","1","true","familiar"
"fixed-one-factor","202","6","lineage-202","treatment","before","2","1","1","1","true","familiar"
"fixed-one-factor","202","6","lineage-202","treatment","before","3","1","1","1","true","familiar"
"fixed-one-factor","202","6","lineage-202","treatment","before","4","1","1","1","true","familiar"
"fixed-one-factor","202","6","lineage-202","treatment","before","5","0","0","0","true","familiar"
"fixed-one-factor","202","6","lineage-202","treatment","before","6","1","1","1","true","familiar"
"fixed-one-factor","202","6","lineage-202","treatment","before","7","1","1","1","true","familiar"
"fixed-one-factor","202","6","lineage-202","treatment","afterRegrowth","0","1","1","1","true","familiar"
"fixed-one-factor","202","6","lineage-202","treatment","afterRegrowth","1","1","1","1","true","familiar"
"fixed-one-factor","202","6","lineage-202","treatment","afterRegrowth","2","0","0","0","true","familiar"
"fixed-one-factor","202","6","lineage-202","treatment","afterRegrowth","3","1","1","1","true","familiar"
"fixed-one-factor","202","6","lineage-202","treatment","afterRegrowth","4","1","1","1","true","familiar"
"fixed-one-factor","202","6","lineage-202","treatment","afterRegrowth","5","0","0","0","true","familiar"
"fixed-one-factor","202","6","lineage-202","treatment","afterRegrowth","6","1","1","1","true","familiar"
"fixed-one-factor","202","6","lineage-202","treatment","afterRegrowth","7","1","1","1","true","familiar"
"fixed-one-factor","202","6","lineage-202","treatment","transfer","0","0","1","0","false","custom"
"fixed-one-factor","202","6","lineage-202","treatment","transfer","1","1","0","1","false","custom"
"fixed-one-factor","202","6","lineage-202","treatment","transfer","2","1","0","1","false","custom"
"fixed-one-factor","202","6","lineage-202","treatment","transfer","3","1","0","1","false","custom"
"fixed-one-factor","202","6","lineage-202","treatment","transfer","4","0","1","0","false","custom"
"fixed-one-factor","202","6","lineage-202","treatment","transfer","5","1","0","1","false","custom"
"fixed-one-factor","202","6","lineage-202","treatment","transfer","6","1","0","1","false","custom"
"fixed-one-factor","202","6","lineage-202","treatment","transfer","7","0","1","0","false","custom"
"fixed-one-factor","202","7","lineage-202","control","before","0","0","0","0","true","familiar"
"fixed-one-factor","202","7","lineage-202","control","before","1","1","1","1","true","familiar"
"fixed-one-factor","202","7","lineage-202","control","before","2","1","1","1","true","familiar"
"fixed-one-factor","202","7","lineage-202","control","before","3","1","1","1","true","familiar"
"fixed-one-factor","202","7","lineage-202","control","before","4","1","1","1","true","familiar"
"fixed-one-factor","202","7","lineage-202","control","before","5","0","0","0","true","familiar"
"fixed-one-factor","202","7","lineage-202","control","before","6","1","1","1","true","familiar"
"fixed-one-factor","202","7","lineage-202","control","before","7","1","1","1","true","familiar"
"fixed-one-factor","202","7","lineage-202","control","afterRegrowth","0","1","1","1","true","familiar"
"fixed-one-factor","202","7","lineage-202","control","afterRegrowth","1","1","1","1","true","familiar"
"fixed-one-factor","202","7","lineage-202","control","afterRegrowth","2","0","0","0","true","familiar"
"fixed-one-factor","202","7","lineage-202","control","afterRegrowth","3","1","1","1","true","familiar"
"fixed-one-factor","202","7","lineage-202","control","afterRegrowth","4","1","1","1","true","familiar"
"fixed-one-factor","202","7","lineage-202","control","afterRegrowth","5","0","0","0","true","familiar"
"fixed-one-factor","202","7","lineage-202","control","afterRegrowth","6","1","1","1","true","familiar"
"fixed-one-factor","202","7","lineage-202","control","afterRegrowth","7","1","1","1","true","familiar"
"fixed-one-factor","202","7","lineage-202","control","transfer","0","0","1","0","false","custom"
"fixed-one-factor","202","7","lineage-202","control","transfer","1","1","0","1","false","custom"
"fixed-one-factor","202","7","lineage-202","control","transfer","2","1","0","1","false","custom"
"fixed-one-factor","202","7","lineage-202","control","transfer","3","1","0","1","false","custom"
"fixed-one-factor","202","7","lineage-202","control","transfer","4","0","1","0","false","custom"
"fixed-one-factor","202","7","lineage-202","control","transfer","5","1","0","1","false","custom"
"fixed-one-factor","202","7","lineage-202","control","transfer","6","1","0","1","false","custom"
"fixed-one-factor","202","7","lineage-202","control","transfer","7","0","1","0","false","custom"
"fixed-one-factor","202","7","lineage-202","treatment","before","0","0","0","0","true","familiar"
"fixed-one-factor","202","7","lineage-202","treatment","before","1","1","1","1","true","familiar"
"fixed-one-factor","202","7","lineage-202","treatment","before","2","1","1","1","true","familiar"
"fixed-one-factor","202","7","lineage-202","treatment","before","3","1","1","1","true","familiar"
"fixed-one-factor","202","7","lineage-202","treatment","before","4","1","1","1","true","familiar"
"fixed-one-factor","202","7","lineage-202","treatment","before","5","0","0","0","true","familiar"
"fixed-one-factor","202","7","lineage-202","treatment","before","6","1","1","1","true","familiar"
"fixed-one-factor","202","7","lineage-202","treatment","before","7","1","1","1","true","familiar"
"fixed-one-factor","202","7","lineage-202","treatment","afterRegrowth","0","1","1","1","true","familiar"
"fixed-one-factor","202","7","lineage-202","treatment","afterRegrowth","1","1","1","1","true","familiar"
"fixed-one-factor","202","7","lineage-202","treatment","afterRegrowth","2","0","0","0","true","familiar"
"fixed-one-factor","202","7","lineage-202","treatment","afterRegrowth","3","1","1","1","true","familiar"
"fixed-one-factor","202","7","lineage-202","treatment","afterRegrowth","4","1","1","1","true","familiar"
"fixed-one-factor","202","7","lineage-202","treatment","afterRegrowth","5","0","0","0","true","familiar"
"fixed-one-factor","202","7","lineage-202","treatment","afterRegrowth","6","1","1","1","true","familiar"
"fixed-one-factor","202","7","lineage-202","treatment","afterRegrowth","7","1","1","1","true","familiar"
"fixed-one-factor","202","7","lineage-202","treatment","transfer","0","0","1","0","false","custom"
"fixed-one-factor","202","7","lineage-202","treatment","transfer","1","1","0","1","false","custom"
"fixed-one-factor","202","7","lineage-202","treatment","transfer","2","1","0","1","false","custom"
"fixed-one-factor","202","7","lineage-202","treatment","transfer","3","1","0","1","false","custom"
"fixed-one-factor","202","7","lineage-202","treatment","transfer","4","0","1","0","false","custom"
"fixed-one-factor","202","7","lineage-202","treatment","transfer","5","1","0","1","false","custom"
"fixed-one-factor","202","7","lineage-202","treatment","transfer","6","1","0","1","false","custom"
"fixed-one-factor","202","7","lineage-202","treatment","transfer","7","0","1","0","false","custom"
"fixed-one-factor","202","8","lineage-202","control","before","0","0","0","0","true","familiar"
"fixed-one-factor","202","8","lineage-202","control","before","1","1","1","1","true","familiar"
"fixed-one-factor","202","8","lineage-202","control","before","2","1","1","1","true","familiar"
"fixed-one-factor","202","8","lineage-202","control","before","3","1","1","1","true","familiar"
"fixed-one-factor","202","8","lineage-202","control","before","4","1","1","1","true","familiar"
"fixed-one-factor","202","8","lineage-202","control","before","5","0","0","0","true","familiar"
"fixed-one-factor","202","8","lineage-202","control","before","6","1","1","1","true","familiar"
"fixed-one-factor","202","8","lineage-202","control","before","7","1","1","1","true","familiar"
"fixed-one-factor","202","8","lineage-202","control","afterRegrowth","0","1","1","1","true","familiar"
"fixed-one-factor","202","8","lineage-202","control","afterRegrowth","1","1","1","1","true","familiar"
"fixed-one-factor","202","8","lineage-202","control","afterRegrowth","2","0","0","0","true","familiar"
"fixed-one-factor","202","8","lineage-202","control","afterRegrowth","3","1","1","1","true","familiar"
"fixed-one-factor","202","8","lineage-202","control","afterRegrowth","4","1","1","1","true","familiar"
"fixed-one-factor","202","8","lineage-202","control","afterRegrowth","5","0","0","0","true","familiar"
"fixed-one-factor","202","8","lineage-202","control","afterRegrowth","6","1","1","1","true","familiar"
"fixed-one-factor","202","8","lineage-202","control","afterRegrowth","7","1","1","1","true","familiar"
"fixed-one-factor","202","8","lineage-202","control","transfer","0","0","1","0","false","custom"
"fixed-one-factor","202","8","lineage-202","control","transfer","1","1","0","1","false","custom"
"fixed-one-factor","202","8","lineage-202","control","transfer","2","1","0","1","false","custom"
"fixed-one-factor","202","8","lineage-202","control","transfer","3","1","0","1","false","custom"
"fixed-one-factor","202","8","lineage-202","control","transfer","4","0","1","0","false","custom"
"fixed-one-factor","202","8","lineage-202","control","transfer","5","1","0","1","false","custom"
"fixed-one-factor","202","8","lineage-202","control","transfer","6","1","0","1","false","custom"
"fixed-one-factor","202","8","lineage-202","control","transfer","7","0","1","0","false","custom"
"fixed-one-factor","202","8","lineage-202","treatment","before","0","0","0","0","true","familiar"
"fixed-one-factor","202","8","lineage-202","treatment","before","1","1","1","1","true","familiar"
"fixed-one-factor","202","8","lineage-202","treatment","before","2","1","1","1","true","familiar"
"fixed-one-factor","202","8","lineage-202","treatment","before","3","1","1","1","true","familiar"
"fixed-one-factor","202","8","lineage-202","treatment","before","4","1","1","1","true","familiar"
"fixed-one-factor","202","8","lineage-202","treatment","before","5","0","0","0","true","familiar"
"fixed-one-factor","202","8","lineage-202","treatment","before","6","1","1","1","true","familiar"
"fixed-one-factor","202","8","lineage-202","treatment","before","7","1","1","1","true","familiar"
"fixed-one-factor","202","8","lineage-202","treatment","afterRegrowth","0","1","1","1","true","familiar"
"fixed-one-factor","202","8","lineage-202","treatment","afterRegrowth","1","1","1","1","true","familiar"
"fixed-one-factor","202","8","lineage-202","treatment","afterRegrowth","2","0","0","0","true","familiar"
"fixed-one-factor","202","8","lineage-202","treatment","afterRegrowth","3","1","1","1","true","familiar"
"fixed-one-factor","202","8","lineage-202","treatment","afterRegrowth","4","1","1","1","true","familiar"
"fixed-one-factor","202","8","lineage-202","treatment","afterRegrowth","5","0","0","0","true","familiar"
"fixed-one-factor","202","8","lineage-202","treatment","afterRegrowth","6","1","1","1","true","familiar"
"fixed-one-factor","202","8","lineage-202","treatment","afterRegrowth","7","1","1","1","true","familiar"
"fixed-one-factor","202","8","lineage-202","treatment","transfer","0","0","1","0","false","custom"
"fixed-one-factor","202","8","lineage-202","treatment","transfer","1","1","0","1","false","custom"
"fixed-one-factor","202","8","lineage-202","treatment","transfer","2","1","0","1","false","custom"
"fixed-one-factor","202","8","lineage-202","treatment","transfer","3","1","0","1","false","custom"
"fixed-one-factor","202","8","lineage-202","treatment","transfer","4","0","1","0","false","custom"
"fixed-one-factor","202","8","lineage-202","treatment","transfer","5","1","0","1","false","custom"
"fixed-one-factor","202","8","lineage-202","treatment","transfer","6","1","0","1","false","custom"
"fixed-one-factor","202","8","lineage-202","treatment","transfer","7","0","1","0","false","custom"
"fixed-one-factor","202","9","lineage-202","control","before","0","0","0","0","true","familiar"
"fixed-one-factor","202","9","lineage-202","control","before","1","1","1","1","true","familiar"
"fixed-one-factor","202","9","lineage-202","control","before","2","1","1","1","true","familiar"
"fixed-one-factor","202","9","lineage-202","control","before","3","1","1","1","true","familiar"
"fixed-one-factor","202","9","lineage-202","control","before","4","1","1","1","true","familiar"
"fixed-one-factor","202","9","lineage-202","control","before","5","0","0","0","true","familiar"
"fixed-one-factor","202","9","lineage-202","control","before","6","1","1","1","true","familiar"
"fixed-one-factor","202","9","lineage-202","control","before","7","1","1","1","true","familiar"
"fixed-one-factor","202","9","lineage-202","control","afterRegrowth","0","1","1","1","true","familiar"
"fixed-one-factor","202","9","lineage-202","control","afterRegrowth","1","1","1","1","true","familiar"
"fixed-one-factor","202","9","lineage-202","control","afterRegrowth","2","0","0","0","true","familiar"
"fixed-one-factor","202","9","lineage-202","control","afterRegrowth","3","1","1","1","true","familiar"
"fixed-one-factor","202","9","lineage-202","control","afterRegrowth","4","1","1","1","true","familiar"
"fixed-one-factor","202","9","lineage-202","control","afterRegrowth","5","0","0","0","true","familiar"
"fixed-one-factor","202","9","lineage-202","control","afterRegrowth","6","1","1","1","true","familiar"
"fixed-one-factor","202","9","lineage-202","control","afterRegrowth","7","1","1","1","true","familiar"
"fixed-one-factor","202","9","lineage-202","control","transfer","0","0","1","0","false","custom"
"fixed-one-factor","202","9","lineage-202","control","transfer","1","1","0","1","false","custom"
"fixed-one-factor","202","9","lineage-202","control","transfer","2","1","0","1","false","custom"
"fixed-one-factor","202","9","lineage-202","control","transfer","3","1","0","1","false","custom"
"fixed-one-factor","202","9","lineage-202","control","transfer","4","0","1","0","false","custom"
"fixed-one-factor","202","9","lineage-202","control","transfer","5","1","0","1","false","custom"
"fixed-one-factor","202","9","lineage-202","control","transfer","6","1","0","1","false","custom"
"fixed-one-factor","202","9","lineage-202","control","transfer","7","0","1","0","false","custom"
"fixed-one-factor","202","9","lineage-202","treatment","before","0","0","0","0","true","familiar"
"fixed-one-factor","202","9","lineage-202","treatment","before","1","1","1","1","true","familiar"
"fixed-one-factor","202","9","lineage-202","treatment","before","2","1","1","1","true","familiar"
"fixed-one-factor","202","9","lineage-202","treatment","before","3","1","1","1","true","familiar"
"fixed-one-factor","202","9","lineage-202","treatment","before","4","1","1","1","true","familiar"
"fixed-one-factor","202","9","lineage-202","treatment","before","5","0","0","0","true","familiar"
"fixed-one-factor","202","9","lineage-202","treatment","before","6","1","1","1","true","familiar"
"fixed-one-factor","202","9","lineage-202","treatment","before","7","1","1","1","true","familiar"
"fixed-one-factor","202","9","lineage-202","treatment","afterRegrowth","0","1","1","1","true","familiar"
"fixed-one-factor","202","9","lineage-202","treatment","afterRegrowth","1","1","1","1","true","familiar"
"fixed-one-factor","202","9","lineage-202","treatment","afterRegrowth","2","0","0","0","true","familiar"
"fixed-one-factor","202","9","lineage-202","treatment","afterRegrowth","3","1","1","1","true","familiar"
"fixed-one-factor","202","9","lineage-202","treatment","afterRegrowth","4","1","1","1","true","familiar"
"fixed-one-factor","202","9","lineage-202","treatment","afterRegrowth","5","0","0","0","true","familiar"
"fixed-one-factor","202","9","lineage-202","treatment","afterRegrowth","6","1","1","1","true","familiar"
"fixed-one-factor","202","9","lineage-202","treatment","afterRegrowth","7","1","1","1","true","familiar"
"fixed-one-factor","202","9","lineage-202","treatment","transfer","0","0","1","0","false","custom"
"fixed-one-factor","202","9","lineage-202","treatment","transfer","1","1","0","1","false","custom"
"fixed-one-factor","202","9","lineage-202","treatment","transfer","2","1","0","1","false","custom"
"fixed-one-factor","202","9","lineage-202","treatment","transfer","3","1","0","1","false","custom"
"fixed-one-factor","202","9","lineage-202","treatment","transfer","4","0","1","0","false","custom"
"fixed-one-factor","202","9","lineage-202","treatment","transfer","5","1","0","1","false","custom"
"fixed-one-factor","202","9","lineage-202","treatment","transfer","6","1","0","1","false","custom"
"fixed-one-factor","202","9","lineage-202","treatment","transfer","7","0","1","0","false","custom"
"fixed-factorial","202","5","lineage-202","control","before","0","0","0","0","true","familiar"
"fixed-factorial","202","5","lineage-202","control","before","1","1","1","1","true","familiar"
"fixed-factorial","202","5","lineage-202","control","before","2","1","1","1","true","familiar"
"fixed-factorial","202","5","lineage-202","control","before","3","1","1","1","true","familiar"
"fixed-factorial","202","5","lineage-202","control","before","4","1","1","1","true","familiar"
"fixed-factorial","202","5","lineage-202","control","before","5","0","0","0","true","familiar"
"fixed-factorial","202","5","lineage-202","control","before","6","1","1","1","true","familiar"
"fixed-factorial","202","5","lineage-202","control","before","7","1","1","1","true","familiar"
"fixed-factorial","202","5","lineage-202","control","afterRegrowth","0","1","1","1","true","familiar"
"fixed-factorial","202","5","lineage-202","control","afterRegrowth","1","1","1","1","true","familiar"
"fixed-factorial","202","5","lineage-202","control","afterRegrowth","2","0","0","0","true","familiar"
"fixed-factorial","202","5","lineage-202","control","afterRegrowth","3","1","1","1","true","familiar"
"fixed-factorial","202","5","lineage-202","control","afterRegrowth","4","1","1","1","true","familiar"
"fixed-factorial","202","5","lineage-202","control","afterRegrowth","5","0","0","0","true","familiar"
"fixed-factorial","202","5","lineage-202","control","afterRegrowth","6","1","1","1","true","familiar"
"fixed-factorial","202","5","lineage-202","control","afterRegrowth","7","1","1","1","true","familiar"
"fixed-factorial","202","5","lineage-202","control","transfer","0","0","1","0","false","custom"
"fixed-factorial","202","5","lineage-202","control","transfer","1","1","0","1","false","custom"
"fixed-factorial","202","5","lineage-202","control","transfer","2","1","0","1","false","custom"
"fixed-factorial","202","5","lineage-202","control","transfer","3","1","0","1","false","custom"
"fixed-factorial","202","5","lineage-202","control","transfer","4","0","1","0","false","custom"
"fixed-factorial","202","5","lineage-202","control","transfer","5","1","0","1","false","custom"
"fixed-factorial","202","5","lineage-202","control","transfer","6","1","0","1","false","custom"
"fixed-factorial","202","5","lineage-202","control","transfer","7","0","1","0","false","custom"
"fixed-factorial","202","5","lineage-202","treatment","before","0","0","0","0","true","familiar"
"fixed-factorial","202","5","lineage-202","treatment","before","1","1","1","1","true","familiar"
"fixed-factorial","202","5","lineage-202","treatment","before","2","1","1","1","true","familiar"
"fixed-factorial","202","5","lineage-202","treatment","before","3","1","1","1","true","familiar"
"fixed-factorial","202","5","lineage-202","treatment","before","4","1","1","1","true","familiar"
"fixed-factorial","202","5","lineage-202","treatment","before","5","0","0","0","true","familiar"
"fixed-factorial","202","5","lineage-202","treatment","before","6","1","1","1","true","familiar"
"fixed-factorial","202","5","lineage-202","treatment","before","7","1","1","1","true","familiar"
"fixed-factorial","202","5","lineage-202","treatment","afterRegrowth","0","1","1","1","true","familiar"
"fixed-factorial","202","5","lineage-202","treatment","afterRegrowth","1","1","1","1","true","familiar"
"fixed-factorial","202","5","lineage-202","treatment","afterRegrowth","2","0","0","0","true","familiar"
"fixed-factorial","202","5","lineage-202","treatment","afterRegrowth","3","1","1","1","true","familiar"
"fixed-factorial","202","5","lineage-202","treatment","afterRegrowth","4","1","1","1","true","familiar"
"fixed-factorial","202","5","lineage-202","treatment","afterRegrowth","5","0","0","0","true","familiar"
"fixed-factorial","202","5","lineage-202","treatment","afterRegrowth","6","1","1","1","true","familiar"
"fixed-factorial","202","5","lineage-202","treatment","afterRegrowth","7","1","1","1","true","familiar"
"fixed-factorial","202","5","lineage-202","treatment","transfer","0","0","1","0","false","custom"
"fixed-factorial","202","5","lineage-202","treatment","transfer","1","1","0","1","false","custom"
"fixed-factorial","202","5","lineage-202","treatment","transfer","2","1","0","1","false","custom"
"fixed-factorial","202","5","lineage-202","treatment","transfer","3","1","0","1","false","custom"
"fixed-factorial","202","5","lineage-202","treatment","transfer","4","0","1","0","false","custom"
"fixed-factorial","202","5","lineage-202","treatment","transfer","5","1","0","1","false","custom"
"fixed-factorial","202","5","lineage-202","treatment","transfer","6","1","0","1","false","custom"
"fixed-factorial","202","5","lineage-202","treatment","transfer","7","0","1","0","false","custom"
"fixed-factorial","202","6","lineage-202","control","before","0","0","0","0","true","familiar"
"fixed-factorial","202","6","lineage-202","control","before","1","1","1","1","true","familiar"
"fixed-factorial","202","6","lineage-202","control","before","2","1","1","1","true","familiar"
"fixed-factorial","202","6","lineage-202","control","before","3","1","1","1","true","familiar"
"fixed-factorial","202","6","lineage-202","control","before","4","1","1","1","true","familiar"
"fixed-factorial","202","6","lineage-202","control","before","5","0","0","0","true","familiar"
"fixed-factorial","202","6","lineage-202","control","before","6","1","1","1","true","familiar"
"fixed-factorial","202","6","lineage-202","control","before","7","1","1","1","true","familiar"
"fixed-factorial","202","6","lineage-202","control","afterRegrowth","0","1","1","1","true","familiar"
"fixed-factorial","202","6","lineage-202","control","afterRegrowth","1","1","1","1","true","familiar"
"fixed-factorial","202","6","lineage-202","control","afterRegrowth","2","0","0","0","true","familiar"
"fixed-factorial","202","6","lineage-202","control","afterRegrowth","3","1","1","1","true","familiar"
"fixed-factorial","202","6","lineage-202","control","afterRegrowth","4","1","1","1","true","familiar"
"fixed-factorial","202","6","lineage-202","control","afterRegrowth","5","0","0","0","true","familiar"
"fixed-factorial","202","6","lineage-202","control","afterRegrowth","6","1","1","1","true","familiar"
"fixed-factorial","202","6","lineage-202","control","afterRegrowth","7","1","1","1","true","familiar"
"fixed-factorial","202","6","lineage-202","control","transfer","0","0","1","0","false","custom"
"fixed-factorial","202","6","lineage-202","control","transfer","1","1","0","1","false","custom"
"fixed-factorial","202","6","lineage-202","control","transfer","2","1","0","1","false","custom"
"fixed-factorial","202","6","lineage-202","control","transfer","3","1","0","1","false","custom"
"fixed-factorial","202","6","lineage-202","control","transfer","4","0","1","0","false","custom"
"fixed-factorial","202","6","lineage-202","control","transfer","5","1","0","1","false","custom"
"fixed-factorial","202","6","lineage-202","control","transfer","6","1","0","1","false","custom"
"fixed-factorial","202","6","lineage-202","control","transfer","7","0","1","0","false","custom"
"fixed-factorial","202","6","lineage-202","treatment","before","0","0","0","0","true","familiar"
"fixed-factorial","202","6","lineage-202","treatment","before","1","1","1","1","true","familiar"
"fixed-factorial","202","6","lineage-202","treatment","before","2","1","1","1","true","familiar"
"fixed-factorial","202","6","lineage-202","treatment","before","3","1","1","1","true","familiar"
"fixed-factorial","202","6","lineage-202","treatment","before","4","1","1","1","true","familiar"
"fixed-factorial","202","6","lineage-202","treatment","before","5","0","0","0","true","familiar"
"fixed-factorial","202","6","lineage-202","treatment","before","6","1","1","1","true","familiar"
"fixed-factorial","202","6","lineage-202","treatment","before","7","1","1","1","true","familiar"
"fixed-factorial","202","6","lineage-202","treatment","afterRegrowth","0","1","1","1","true","familiar"
"fixed-factorial","202","6","lineage-202","treatment","afterRegrowth","1","1","1","1","true","familiar"
"fixed-factorial","202","6","lineage-202","treatment","afterRegrowth","2","0","0","0","true","familiar"
"fixed-factorial","202","6","lineage-202","treatment","afterRegrowth","3","1","1","1","true","familiar"
"fixed-factorial","202","6","lineage-202","treatment","afterRegrowth","4","1","1","1","true","familiar"
"fixed-factorial","202","6","lineage-202","treatment","afterRegrowth","5","0","0","0","true","familiar"
"fixed-factorial","202","6","lineage-202","treatment","afterRegrowth","6","1","1","1","true","familiar"
"fixed-factorial","202","6","lineage-202","treatment","afterRegrowth","7","1","1","1","true","familiar"
"fixed-factorial","202","6","lineage-202","treatment","transfer","0","0","1","0","false","custom"
"fixed-factorial","202","6","lineage-202","treatment","transfer","1","1","0","1","false","custom"
"fixed-factorial","202","6","lineage-202","treatment","transfer","2","1","0","1","false","custom"
"fixed-factorial","202","6","lineage-202","treatment","transfer","3","1","0","1","false","custom"
"fixed-factorial","202","6","lineage-202","treatment","transfer","4","0","1","0","false","custom"
"fixed-factorial","202","6","lineage-202","treatment","transfer","5","1","0","1","false","custom"
"fixed-factorial","202","6","lineage-202","treatment","transfer","6","1","0","1","false","custom"
"fixed-factorial","202","6","lineage-202","treatment","transfer","7","0","1","0","false","custom"
"fixed-factorial","202","7","lineage-202","control","before","0","0","0","0","true","familiar"
"fixed-factorial","202","7","lineage-202","control","before","1","1","1","1","true","familiar"
"fixed-factorial","202","7","lineage-202","control","before","2","1","1","1","true","familiar"
"fixed-factorial","202","7","lineage-202","control","before","3","1","1","1","true","familiar"
"fixed-factorial","202","7","lineage-202","control","before","4","1","1","1","true","familiar"
"fixed-factorial","202","7","lineage-202","control","before","5","0","0","0","true","familiar"
"fixed-factorial","202","7","lineage-202","control","before","6","1","1","1","true","familiar"
"fixed-factorial","202","7","lineage-202","control","before","7","1","1","1","true","familiar"
"fixed-factorial","202","7","lineage-202","control","afterRegrowth","0","1","1","1","true","familiar"
"fixed-factorial","202","7","lineage-202","control","afterRegrowth","1","1","1","1","true","familiar"
"fixed-factorial","202","7","lineage-202","control","afterRegrowth","2","0","0","0","true","familiar"
"fixed-factorial","202","7","lineage-202","control","afterRegrowth","3","1","1","1","true","familiar"
"fixed-factorial","202","7","lineage-202","control","afterRegrowth","4","1","1","1","true","familiar"
"fixed-factorial","202","7","lineage-202","control","afterRegrowth","5","0","0","0","true","familiar"
"fixed-factorial","202","7","lineage-202","control","afterRegrowth","6","1","1","1","true","familiar"
"fixed-factorial","202","7","lineage-202","control","afterRegrowth","7","1","1","1","true","familiar"
"fixed-factorial","202","7","lineage-202","control","transfer","0","0","1","0","false","custom"
"fixed-factorial","202","7","lineage-202","control","transfer","1","1","0","1","false","custom"
"fixed-factorial","202","7","lineage-202","control","transfer","2","1","0","1","false","custom"
"fixed-factorial","202","7","lineage-202","control","transfer","3","1","0","1","false","custom"
"fixed-factorial","202","7","lineage-202","control","transfer","4","0","1","0","false","custom"
"fixed-factorial","202","7","lineage-202","control","transfer","5","1","0","1","false","custom"
"fixed-factorial","202","7","lineage-202","control","transfer","6","1","0","1","false","custom"
"fixed-factorial","202","7","lineage-202","control","transfer","7","0","1","0","false","custom"
"fixed-factorial","202","7","lineage-202","treatment","before","0","0","0","0","true","familiar"
"fixed-factorial","202","7","lineage-202","treatment","before","1","1","1","1","true","familiar"
"fixed-factorial","202","7","lineage-202","treatment","before","2","1","1","1","true","familiar"
"fixed-factorial","202","7","lineage-202","treatment","before","3","1","1","1","true","familiar"
"fixed-factorial","202","7","lineage-202","treatment","before","4","1","1","1","true","familiar"
"fixed-factorial","202","7","lineage-202","treatment","before","5","0","0","0","true","familiar"
"fixed-factorial","202","7","lineage-202","treatment","before","6","1","1","1","true","familiar"
"fixed-factorial","202","7","lineage-202","treatment","before","7","1","1","1","true","familiar"
"fixed-factorial","202","7","lineage-202","treatment","afterRegrowth","0","1","1","1","true","familiar"
"fixed-factorial","202","7","lineage-202","treatment","afterRegrowth","1","1","1","1","true","familiar"
"fixed-factorial","202","7","lineage-202","treatment","afterRegrowth","2","0","0","0","true","familiar"
"fixed-factorial","202","7","lineage-202","treatment","afterRegrowth","3","1","1","1","true","familiar"
"fixed-factorial","202","7","lineage-202","treatment","afterRegrowth","4","1","1","1","true","familiar"
"fixed-factorial","202","7","lineage-202","treatment","afterRegrowth","5","0","0","0","true","familiar"
"fixed-factorial","202","7","lineage-202","treatment","afterRegrowth","6","1","1","1","true","familiar"
"fixed-factorial","202","7","lineage-202","treatment","afterRegrowth","7","1","1","1","true","familiar"
"fixed-factorial","202","7","lineage-202","treatment","transfer","0","0","1","0","false","custom"
"fixed-factorial","202","7","lineage-202","treatment","transfer","1","1","0","1","false","custom"
"fixed-factorial","202","7","lineage-202","treatment","transfer","2","1","0","1","false","custom"
"fixed-factorial","202","7","lineage-202","treatment","transfer","3","1","0","1","false","custom"
"fixed-factorial","202","7","lineage-202","treatment","transfer","4","0","1","0","false","custom"
"fixed-factorial","202","7","lineage-202","treatment","transfer","5","1","0","1","false","custom"
"fixed-factorial","202","7","lineage-202","treatment","transfer","6","1","0","1","false","custom"
"fixed-factorial","202","7","lineage-202","treatment","transfer","7","0","1","0","false","custom"
"fixed-factorial","202","8","lineage-202","control","before","0","0","0","0","true","familiar"
"fixed-factorial","202","8","lineage-202","control","before","1","1","1","1","true","familiar"
"fixed-factorial","202","8","lineage-202","control","before","2","1","1","1","true","familiar"
"fixed-factorial","202","8","lineage-202","control","before","3","1","1","1","true","familiar"
"fixed-factorial","202","8","lineage-202","control","before","4","1","1","1","true","familiar"
"fixed-factorial","202","8","lineage-202","control","before","5","0","0","0","true","familiar"
"fixed-factorial","202","8","lineage-202","control","before","6","1","1","1","true","familiar"
"fixed-factorial","202","8","lineage-202","control","before","7","1","1","1","true","familiar"
"fixed-factorial","202","8","lineage-202","control","afterRegrowth","0","1","1","1","true","familiar"
"fixed-factorial","202","8","lineage-202","control","afterRegrowth","1","1","1","1","true","familiar"
"fixed-factorial","202","8","lineage-202","control","afterRegrowth","2","0","0","0","true","familiar"
"fixed-factorial","202","8","lineage-202","control","afterRegrowth","3","1","1","1","true","familiar"
"fixed-factorial","202","8","lineage-202","control","afterRegrowth","4","1","1","1","true","familiar"
"fixed-factorial","202","8","lineage-202","control","afterRegrowth","5","0","0","0","true","familiar"
"fixed-factorial","202","8","lineage-202","control","afterRegrowth","6","1","1","1","true","familiar"
"fixed-factorial","202","8","lineage-202","control","afterRegrowth","7","1","1","1","true","familiar"
"fixed-factorial","202","8","lineage-202","control","transfer","0","0","1","0","false","custom"
"fixed-factorial","202","8","lineage-202","control","transfer","1","1","0","1","false","custom"
"fixed-factorial","202","8","lineage-202","control","transfer","2","1","0","1","false","custom"
"fixed-factorial","202","8","lineage-202","control","transfer","3","1","0","1","false","custom"
"fixed-factorial","202","8","lineage-202","control","transfer","4","0","1","0","false","custom"
"fixed-factorial","202","8","lineage-202","control","transfer","5","1","0","1","false","custom"
"fixed-factorial","202","8","lineage-202","control","transfer","6","1","0","1","false","custom"
"fixed-factorial","202","8","lineage-202","control","transfer","7","0","1","0","false","custom"
"fixed-factorial","202","8","lineage-202","treatment","before","0","0","0","0","true","familiar"
"fixed-factorial","202","8","lineage-202","treatment","before","1","1","1","1","true","familiar"
"fixed-factorial","202","8","lineage-202","treatment","before","2","1","1","1","true","familiar"
"fixed-factorial","202","8","lineage-202","treatment","before","3","1","1","1","true","familiar"
"fixed-factorial","202","8","lineage-202","treatment","before","4","1","1","1","true","familiar"
"fixed-factorial","202","8","lineage-202","treatment","before","5","0","0","0","true","familiar"
"fixed-factorial","202","8","lineage-202","treatment","before","6","1","1","1","true","familiar"
"fixed-factorial","202","8","lineage-202","treatment","before","7","1","1","1","true","familiar"
"fixed-factorial","202","8","lineage-202","treatment","afterRegrowth","0","1","1","1","true","familiar"
"fixed-factorial","202","8","lineage-202","treatment","afterRegrowth","1","1","1","1","true","familiar"
"fixed-factorial","202","8","lineage-202","treatment","afterRegrowth","2","0","0","0","true","familiar"
"fixed-factorial","202","8","lineage-202","treatment","afterRegrowth","3","1","1","1","true","familiar"
"fixed-factorial","202","8","lineage-202","treatment","afterRegrowth","4","1","1","1","true","familiar"
"fixed-factorial","202","8","lineage-202","treatment","afterRegrowth","5","0","0","0","true","familiar"
"fixed-factorial","202","8","lineage-202","treatment","afterRegrowth","6","1","1","1","true","familiar"
"fixed-factorial","202","8","lineage-202","treatment","afterRegrowth","7","1","1","1","true","familiar"
"fixed-factorial","202","8","lineage-202","treatment","transfer","0","0","1","0","false","custom"
"fixed-factorial","202","8","lineage-202","treatment","transfer","1","1","0","1","false","custom"
"fixed-factorial","202","8","lineage-202","treatment","transfer","2","1","0","1","false","custom"
"fixed-factorial","202","8","lineage-202","treatment","transfer","3","1","0","1","false","custom"
"fixed-factorial","202","8","lineage-202","treatment","transfer","4","0","1","0","false","custom"
"fixed-factorial","202","8","lineage-202","treatment","transfer","5","1","0","1","false","custom"
"fixed-factorial","202","8","lineage-202","treatment","transfer","6","1","0","1","false","custom"
"fixed-factorial","202","8","lineage-202","treatment","transfer","7","0","1","0","false","custom"
"fixed-factorial","202","9","lineage-202","control","before","0","0","0","0","true","familiar"
"fixed-factorial","202","9","lineage-202","control","before","1","1","1","1","true","familiar"
"fixed-factorial","202","9","lineage-202","control","before","2","1","1","1","true","familiar"
"fixed-factorial","202","9","lineage-202","control","before","3","1","1","1","true","familiar"
"fixed-factorial","202","9","lineage-202","control","before","4","1","1","1","true","familiar"
"fixed-factorial","202","9","lineage-202","control","before","5","0","0","0","true","familiar"
"fixed-factorial","202","9","lineage-202","control","before","6","1","1","1","true","familiar"
"fixed-factorial","202","9","lineage-202","control","before","7","1","1","1","true","familiar"
"fixed-factorial","202","9","lineage-202","control","afterRegrowth","0","1","1","1","true","familiar"
"fixed-factorial","202","9","lineage-202","control","afterRegrowth","1","1","1","1","true","familiar"
"fixed-factorial","202","9","lineage-202","control","afterRegrowth","2","0","0","0","true","familiar"
"fixed-factorial","202","9","lineage-202","control","afterRegrowth","3","1","1","1","true","familiar"
"fixed-factorial","202","9","lineage-202","control","afterRegrowth","4","1","1","1","true","familiar"
"fixed-factorial","202","9","lineage-202","control","afterRegrowth","5","0","0","0","true","familiar"
"fixed-factorial","202","9","lineage-202","control","afterRegrowth","6","1","1","1","true","familiar"
"fixed-factorial","202","9","lineage-202","control","afterRegrowth","7","1","1","1","true","familiar"
"fixed-factorial","202","9","lineage-202","control","transfer","0","0","1","0","false","custom"
"fixed-factorial","202","9","lineage-202","control","transfer","1","1","0","1","false","custom"
"fixed-factorial","202","9","lineage-202","control","transfer","2","1","0","1","false","custom"
"fixed-factorial","202","9","lineage-202","control","transfer","3","1","0","1","false","custom"
"fixed-factorial","202","9","lineage-202","control","transfer","4","0","1","0","false","custom"
"fixed-factorial","202","9","lineage-202","control","transfer","5","1","0","1","false","custom"
"fixed-factorial","202","9","lineage-202","control","transfer","6","1","0","1","false","custom"
"fixed-factorial","202","9","lineage-202","control","transfer","7","0","1","0","false","custom"
"fixed-factorial","202","9","lineage-202","treatment","before","0","0","0","0","true","familiar"
"fixed-factorial","202","9","lineage-202","treatment","before","1","1","1","1","true","familiar"
"fixed-factorial","202","9","lineage-202","treatment","before","2","1","1","1","true","familiar"
"fixed-factorial","202","9","lineage-202","treatment","before","3","1","1","1","true","familiar"
"fixed-factorial","202","9","lineage-202","treatment","before","4","1","1","1","true","familiar"
"fixed-factorial","202","9","lineage-202","treatment","before","5","0","0","0","true","familiar"
"fixed-factorial","202","9","lineage-202","treatment","before","6","1","1","1","true","familiar"
"fixed-factorial","202","9","lineage-202","treatment","before","7","1","1","1","true","familiar"
"fixed-factorial","202","9","lineage-202","treatment","afterRegrowth","0","1","1","1","true","familiar"
"fixed-factorial","202","9","lineage-202","treatment","afterRegrowth","1","1","1","1","true","familiar"
"fixed-factorial","202","9","lineage-202","treatment","afterRegrowth","2","0","0","0","true","familiar"
"fixed-factorial","202","9","lineage-202","treatment","afterRegrowth","3","1","1","1","true","familiar"
"fixed-factorial","202","9","lineage-202","treatment","afterRegrowth","4","1","1","1","true","familiar"
"fixed-factorial","202","9","lineage-202","treatment","afterRegrowth","5","0","0","0","true","familiar"
"fixed-factorial","202","9","lineage-202","treatment","afterRegrowth","6","1","1","1","true","familiar"
"fixed-factorial","202","9","lineage-202","treatment","afterRegrowth","7","1","1","1","true","familiar"
"fixed-factorial","202","9","lineage-202","treatment","transfer","0","0","1","0","false","custom"
"fixed-factorial","202","9","lineage-202","treatment","transfer","1","1","0","1","false","custom"
"fixed-factorial","202","9","lineage-202","treatment","transfer","2","1","0","1","false","custom"
"fixed-factorial","202","9","lineage-202","treatment","transfer","3","1","0","1","false","custom"
"fixed-factorial","202","9","lineage-202","treatment","transfer","4","0","1","0","false","custom"
"fixed-factorial","202","9","lineage-202","treatment","transfer","5","1","0","1","false","custom"
"fixed-factorial","202","9","lineage-202","treatment","transfer","6","1","0","1","false","custom"
"fixed-factorial","202","9","lineage-202","treatment","transfer","7","0","1","0","false","custom"
"random-equal-budget","202","5","lineage-202","control","before","0","0","0","0","true","familiar"
"random-equal-budget","202","5","lineage-202","control","before","1","1","1","1","true","familiar"
"random-equal-budget","202","5","lineage-202","control","before","2","1","1","1","true","familiar"
"random-equal-budget","202","5","lineage-202","control","before","3","1","1","1","true","familiar"
"random-equal-budget","202","5","lineage-202","control","before","4","1","1","1","true","familiar"
"random-equal-budget","202","5","lineage-202","control","before","5","0","0","0","true","familiar"
"random-equal-budget","202","5","lineage-202","control","before","6","1","1","1","true","familiar"
"random-equal-budget","202","5","lineage-202","control","before","7","1","1","1","true","familiar"
"random-equal-budget","202","5","lineage-202","control","afterRegrowth","0","1","1","1","true","familiar"
"random-equal-budget","202","5","lineage-202","control","afterRegrowth","1","1","1","1","true","familiar"
"random-equal-budget","202","5","lineage-202","control","afterRegrowth","2","0","0","0","true","familiar"
"random-equal-budget","202","5","lineage-202","control","afterRegrowth","3","1","1","1","true","familiar"
"random-equal-budget","202","5","lineage-202","control","afterRegrowth","4","1","1","1","true","familiar"
"random-equal-budget","202","5","lineage-202","control","afterRegrowth","5","0","0","0","true","familiar"
"random-equal-budget","202","5","lineage-202","control","afterRegrowth","6","1","1","1","true","familiar"
"random-equal-budget","202","5","lineage-202","control","afterRegrowth","7","1","1","1","true","familiar"
"random-equal-budget","202","5","lineage-202","control","transfer","0","0","1","0","false","custom"
"random-equal-budget","202","5","lineage-202","control","transfer","1","1","0","1","false","custom"
"random-equal-budget","202","5","lineage-202","control","transfer","2","1","0","1","false","custom"
"random-equal-budget","202","5","lineage-202","control","transfer","3","1","0","1","false","custom"
"random-equal-budget","202","5","lineage-202","control","transfer","4","0","1","0","false","custom"
"random-equal-budget","202","5","lineage-202","control","transfer","5","1","0","1","false","custom"
"random-equal-budget","202","5","lineage-202","control","transfer","6","1","0","1","false","custom"
"random-equal-budget","202","5","lineage-202","control","transfer","7","0","1","0","false","custom"
"random-equal-budget","202","5","lineage-202","treatment","before","0","0","0","0","true","familiar"
"random-equal-budget","202","5","lineage-202","treatment","before","1","1","1","1","true","familiar"
"random-equal-budget","202","5","lineage-202","treatment","before","2","1","1","1","true","familiar"
"random-equal-budget","202","5","lineage-202","treatment","before","3","1","1","1","true","familiar"
"random-equal-budget","202","5","lineage-202","treatment","before","4","1","1","1","true","familiar"
"random-equal-budget","202","5","lineage-202","treatment","before","5","0","0","0","true","familiar"
"random-equal-budget","202","5","lineage-202","treatment","before","6","1","1","1","true","familiar"
"random-equal-budget","202","5","lineage-202","treatment","before","7","1","1","1","true","familiar"
"random-equal-budget","202","5","lineage-202","treatment","afterRegrowth","0","1","1","1","true","familiar"
"random-equal-budget","202","5","lineage-202","treatment","afterRegrowth","1","1","1","1","true","familiar"
"random-equal-budget","202","5","lineage-202","treatment","afterRegrowth","2","0","0","0","true","familiar"
"random-equal-budget","202","5","lineage-202","treatment","afterRegrowth","3","1","1","1","true","familiar"
"random-equal-budget","202","5","lineage-202","treatment","afterRegrowth","4","1","1","1","true","familiar"
"random-equal-budget","202","5","lineage-202","treatment","afterRegrowth","5","0","0","0","true","familiar"
"random-equal-budget","202","5","lineage-202","treatment","afterRegrowth","6","1","1","1","true","familiar"
"random-equal-budget","202","5","lineage-202","treatment","afterRegrowth","7","1","1","1","true","familiar"
"random-equal-budget","202","5","lineage-202","treatment","transfer","0","0","1","0","false","custom"
"random-equal-budget","202","5","lineage-202","treatment","transfer","1","1","0","1","false","custom"
"random-equal-budget","202","5","lineage-202","treatment","transfer","2","1","0","1","false","custom"
"random-equal-budget","202","5","lineage-202","treatment","transfer","3","1","0","1","false","custom"
"random-equal-budget","202","5","lineage-202","treatment","transfer","4","0","1","0","false","custom"
"random-equal-budget","202","5","lineage-202","treatment","transfer","5","1","0","1","false","custom"
"random-equal-budget","202","5","lineage-202","treatment","transfer","6","1","0","1","false","custom"
"random-equal-budget","202","5","lineage-202","treatment","transfer","7","0","1","0","false","custom"
"random-equal-budget","202","6","lineage-202","control","before","0","0","0","0","true","familiar"
"random-equal-budget","202","6","lineage-202","control","before","1","1","1","1","true","familiar"
"random-equal-budget","202","6","lineage-202","control","before","2","1","1","1","true","familiar"
"random-equal-budget","202","6","lineage-202","control","before","3","1","1","1","true","familiar"
"random-equal-budget","202","6","lineage-202","control","before","4","1","1","1","true","familiar"
"random-equal-budget","202","6","lineage-202","control","before","5","0","0","0","true","familiar"
"random-equal-budget","202","6","lineage-202","control","before","6","1","1","1","true","familiar"
"random-equal-budget","202","6","lineage-202","control","before","7","1","1","1","true","familiar"
"random-equal-budget","202","6","lineage-202","control","afterRegrowth","0","1","1","1","true","familiar"
"random-equal-budget","202","6","lineage-202","control","afterRegrowth","1","1","1","1","true","familiar"
"random-equal-budget","202","6","lineage-202","control","afterRegrowth","2","0","0","0","true","familiar"
"random-equal-budget","202","6","lineage-202","control","afterRegrowth","3","1","1","1","true","familiar"
"random-equal-budget","202","6","lineage-202","control","afterRegrowth","4","1","1","1","true","familiar"
"random-equal-budget","202","6","lineage-202","control","afterRegrowth","5","0","0","0","true","familiar"
"random-equal-budget","202","6","lineage-202","control","afterRegrowth","6","1","1","1","true","familiar"
"random-equal-budget","202","6","lineage-202","control","afterRegrowth","7","1","1","1","true","familiar"
"random-equal-budget","202","6","lineage-202","control","transfer","0","0","1","0","false","custom"
"random-equal-budget","202","6","lineage-202","control","transfer","1","1","0","1","false","custom"
"random-equal-budget","202","6","lineage-202","control","transfer","2","1","0","1","false","custom"
"random-equal-budget","202","6","lineage-202","control","transfer","3","1","0","1","false","custom"
"random-equal-budget","202","6","lineage-202","control","transfer","4","0","1","0","false","custom"
"random-equal-budget","202","6","lineage-202","control","transfer","5","1","0","1","false","custom"
"random-equal-budget","202","6","lineage-202","control","transfer","6","1","0","1","false","custom"
"random-equal-budget","202","6","lineage-202","control","transfer","7","0","1","0","false","custom"
"random-equal-budget","202","6","lineage-202","treatment","before","0","0","0","0","true","familiar"
"random-equal-budget","202","6","lineage-202","treatment","before","1","1","1","1","true","familiar"
"random-equal-budget","202","6","lineage-202","treatment","before","2","1","1","1","true","familiar"
"random-equal-budget","202","6","lineage-202","treatment","before","3","1","1","1","true","familiar"
"random-equal-budget","202","6","lineage-202","treatment","before","4","1","1","1","true","familiar"
"random-equal-budget","202","6","lineage-202","treatment","before","5","0","0","0","true","familiar"
"random-equal-budget","202","6","lineage-202","treatment","before","6","1","1","1","true","familiar"
"random-equal-budget","202","6","lineage-202","treatment","before","7","1","1","1","true","familiar"
"random-equal-budget","202","6","lineage-202","treatment","afterRegrowth","0","1","1","1","true","familiar"
"random-equal-budget","202","6","lineage-202","treatment","afterRegrowth","1","1","1","1","true","familiar"
"random-equal-budget","202","6","lineage-202","treatment","afterRegrowth","2","0","0","0","true","familiar"
"random-equal-budget","202","6","lineage-202","treatment","afterRegrowth","3","1","1","1","true","familiar"
"random-equal-budget","202","6","lineage-202","treatment","afterRegrowth","4","1","1","1","true","familiar"
"random-equal-budget","202","6","lineage-202","treatment","afterRegrowth","5","0","0","0","true","familiar"
"random-equal-budget","202","6","lineage-202","treatment","afterRegrowth","6","1","1","1","true","familiar"
"random-equal-budget","202","6","lineage-202","treatment","afterRegrowth","7","1","1","1","true","familiar"
"random-equal-budget","202","6","lineage-202","treatment","transfer","0","0","1","0","false","custom"
"random-equal-budget","202","6","lineage-202","treatment","transfer","1","1","0","1","false","custom"
"random-equal-budget","202","6","lineage-202","treatment","transfer","2","1","0","1","false","custom"
"random-equal-budget","202","6","lineage-202","treatment","transfer","3","1","0","1","false","custom"
"random-equal-budget","202","6","lineage-202","treatment","transfer","4","0","1","0","false","custom"
"random-equal-budget","202","6","lineage-202","treatment","transfer","5","1","0","1","false","custom"
"random-equal-budget","202","6","lineage-202","treatment","transfer","6","1","0","1","false","custom"
"random-equal-budget","202","6","lineage-202","treatment","transfer","7","0","1","0","false","custom"
"random-equal-budget","202","7","lineage-202","control","before","0","0","0","0","true","familiar"
"random-equal-budget","202","7","lineage-202","control","before","1","1","1","1","true","familiar"
"random-equal-budget","202","7","lineage-202","control","before","2","1","1","1","true","familiar"
"random-equal-budget","202","7","lineage-202","control","before","3","1","1","1","true","familiar"
"random-equal-budget","202","7","lineage-202","control","before","4","1","1","1","true","familiar"
"random-equal-budget","202","7","lineage-202","control","before","5","0","0","0","true","familiar"
"random-equal-budget","202","7","lineage-202","control","before","6","1","1","1","true","familiar"
"random-equal-budget","202","7","lineage-202","control","before","7","1","1","1","true","familiar"
"random-equal-budget","202","7","lineage-202","control","afterRegrowth","0","1","1","1","true","familiar"
"random-equal-budget","202","7","lineage-202","control","afterRegrowth","1","1","1","1","true","familiar"
"random-equal-budget","202","7","lineage-202","control","afterRegrowth","2","0","0","0","true","familiar"
"random-equal-budget","202","7","lineage-202","control","afterRegrowth","3","1","1","1","true","familiar"
"random-equal-budget","202","7","lineage-202","control","afterRegrowth","4","1","1","1","true","familiar"
"random-equal-budget","202","7","lineage-202","control","afterRegrowth","5","0","0","0","true","familiar"
"random-equal-budget","202","7","lineage-202","control","afterRegrowth","6","1","1","1","true","familiar"
"random-equal-budget","202","7","lineage-202","control","afterRegrowth","7","1","1","1","true","familiar"
"random-equal-budget","202","7","lineage-202","control","transfer","0","0","1","0","false","custom"
"random-equal-budget","202","7","lineage-202","control","transfer","1","1","0","1","false","custom"
"random-equal-budget","202","7","lineage-202","control","transfer","2","1","0","1","false","custom"
"random-equal-budget","202","7","lineage-202","control","transfer","3","1","0","1","false","custom"
"random-equal-budget","202","7","lineage-202","control","transfer","4","0","1","0","false","custom"
"random-equal-budget","202","7","lineage-202","control","transfer","5","1","0","1","false","custom"
"random-equal-budget","202","7","lineage-202","control","transfer","6","1","0","1","false","custom"
"random-equal-budget","202","7","lineage-202","control","transfer","7","0","1","0","false","custom"
"random-equal-budget","202","7","lineage-202","treatment","before","0","0","0","0","true","familiar"
"random-equal-budget","202","7","lineage-202","treatment","before","1","1","1","1","true","familiar"
"random-equal-budget","202","7","lineage-202","treatment","before","2","1","1","1","true","familiar"
"random-equal-budget","202","7","lineage-202","treatment","before","3","1","1","1","true","familiar"
"random-equal-budget","202","7","lineage-202","treatment","before","4","1","1","1","true","familiar"
"random-equal-budget","202","7","lineage-202","treatment","before","5","0","0","0","true","familiar"
"random-equal-budget","202","7","lineage-202","treatment","before","6","1","1","1","true","familiar"
"random-equal-budget","202","7","lineage-202","treatment","before","7","1","1","1","true","familiar"
"random-equal-budget","202","7","lineage-202","treatment","afterRegrowth","0","1","1","1","true","familiar"
"random-equal-budget","202","7","lineage-202","treatment","afterRegrowth","1","1","1","1","true","familiar"
"random-equal-budget","202","7","lineage-202","treatment","afterRegrowth","2","0","0","0","true","familiar"
"random-equal-budget","202","7","lineage-202","treatment","afterRegrowth","3","1","1","1","true","familiar"
"random-equal-budget","202","7","lineage-202","treatment","afterRegrowth","4","1","1","1","true","familiar"
"random-equal-budget","202","7","lineage-202","treatment","afterRegrowth","5","0","0","0","true","familiar"
"random-equal-budget","202","7","lineage-202","treatment","afterRegrowth","6","1","1","1","true","familiar"
"random-equal-budget","202","7","lineage-202","treatment","afterRegrowth","7","1","1","1","true","familiar"
"random-equal-budget","202","7","lineage-202","treatment","transfer","0","0","1","0","false","custom"
"random-equal-budget","202","7","lineage-202","treatment","transfer","1","1","0","1","false","custom"
"random-equal-budget","202","7","lineage-202","treatment","transfer","2","1","0","1","false","custom"
"random-equal-budget","202","7","lineage-202","treatment","transfer","3","1","0","1","false","custom"
"random-equal-budget","202","7","lineage-202","treatment","transfer","4","0","1","0","false","custom"
"random-equal-budget","202","7","lineage-202","treatment","transfer","5","1","0","1","false","custom"
"random-equal-budget","202","7","lineage-202","treatment","transfer","6","1","0","1","false","custom"
"random-equal-budget","202","7","lineage-202","treatment","transfer","7","0","1","0","false","custom"
"random-equal-budget","202","8","lineage-202","control","before","0","0","0","0","true","familiar"
"random-equal-budget","202","8","lineage-202","control","before","1","1","1","1","true","familiar"
"random-equal-budget","202","8","lineage-202","control","before","2","1","1","1","true","familiar"
"random-equal-budget","202","8","lineage-202","control","before","3","1","1","1","true","familiar"
"random-equal-budget","202","8","lineage-202","control","before","4","1","1","1","true","familiar"
"random-equal-budget","202","8","lineage-202","control","before","5","0","0","0","true","familiar"
"random-equal-budget","202","8","lineage-202","control","before","6","1","1","1","true","familiar"
"random-equal-budget","202","8","lineage-202","control","before","7","1","1","1","true","familiar"
"random-equal-budget","202","8","lineage-202","control","afterRegrowth","0","1","1","1","true","familiar"
"random-equal-budget","202","8","lineage-202","control","afterRegrowth","1","1","1","1","true","familiar"
"random-equal-budget","202","8","lineage-202","control","afterRegrowth","2","0","0","0","true","familiar"
"random-equal-budget","202","8","lineage-202","control","afterRegrowth","3","1","1","1","true","familiar"
"random-equal-budget","202","8","lineage-202","control","afterRegrowth","4","1","1","1","true","familiar"
"random-equal-budget","202","8","lineage-202","control","afterRegrowth","5","0","0","0","true","familiar"
"random-equal-budget","202","8","lineage-202","control","afterRegrowth","6","1","1","1","true","familiar"
"random-equal-budget","202","8","lineage-202","control","afterRegrowth","7","1","1","1","true","familiar"
"random-equal-budget","202","8","lineage-202","control","transfer","0","0","1","0","false","custom"
"random-equal-budget","202","8","lineage-202","control","transfer","1","1","0","1","false","custom"
"random-equal-budget","202","8","lineage-202","control","transfer","2","1","0","1","false","custom"
"random-equal-budget","202","8","lineage-202","control","transfer","3","1","0","1","false","custom"
"random-equal-budget","202","8","lineage-202","control","transfer","4","0","1","0","false","custom"
"random-equal-budget","202","8","lineage-202","control","transfer","5","1","0","1","false","custom"
"random-equal-budget","202","8","lineage-202","control","transfer","6","1","0","1","false","custom"
"random-equal-budget","202","8","lineage-202","control","transfer","7","0","1","0","false","custom"
"random-equal-budget","202","8","lineage-202","treatment","before","0","0","0","0","true","familiar"
"random-equal-budget","202","8","lineage-202","treatment","before","1","1","1","1","true","familiar"
"random-equal-budget","202","8","lineage-202","treatment","before","2","1","1","1","true","familiar"
"random-equal-budget","202","8","lineage-202","treatment","before","3","1","1","1","true","familiar"
"random-equal-budget","202","8","lineage-202","treatment","before","4","1","1","1","true","familiar"
"random-equal-budget","202","8","lineage-202","treatment","before","5","0","0","0","true","familiar"
"random-equal-budget","202","8","lineage-202","treatment","before","6","1","1","1","true","familiar"
"random-equal-budget","202","8","lineage-202","treatment","before","7","1","1","1","true","familiar"
"random-equal-budget","202","8","lineage-202","treatment","afterRegrowth","0","1","1","1","true","familiar"
"random-equal-budget","202","8","lineage-202","treatment","afterRegrowth","1","1","1","1","true","familiar"
"random-equal-budget","202","8","lineage-202","treatment","afterRegrowth","2","0","0","0","true","familiar"
"random-equal-budget","202","8","lineage-202","treatment","afterRegrowth","3","1","1","1","true","familiar"
"random-equal-budget","202","8","lineage-202","treatment","afterRegrowth","4","1","1","1","true","familiar"
"random-equal-budget","202","8","lineage-202","treatment","afterRegrowth","5","0","0","0","true","familiar"
"random-equal-budget","202","8","lineage-202","treatment","afterRegrowth","6","1","1","1","true","familiar"
"random-equal-budget","202","8","lineage-202","treatment","afterRegrowth","7","1","1","1","true","familiar"
"random-equal-budget","202","8","lineage-202","treatment","transfer","0","0","1","0","false","custom"
"random-equal-budget","202","8","lineage-202","treatment","transfer","1","1","0","1","false","custom"
"random-equal-budget","202","8","lineage-202","treatment","transfer","2","1","0","1","false","custom"
"random-equal-budget","202","8","lineage-202","treatment","transfer","3","1","0","1","false","custom"
"random-equal-budget","202","8","lineage-202","treatment","transfer","4","0","1","0","false","custom"
"random-equal-budget","202","8","lineage-202","treatment","transfer","5","1","0","1","false","custom"
"random-equal-budget","202","8","lineage-202","treatment","transfer","6","1","0","1","false","custom"
"random-equal-budget","202","8","lineage-202","treatment","transfer","7","0","1","0","false","custom"
"random-equal-budget","202","9","lineage-202","control","before","0","0","0","0","true","familiar"
"random-equal-budget","202","9","lineage-202","control","before","1","1","1","1","true","familiar"
"random-equal-budget","202","9","lineage-202","control","before","2","1","1","1","true","familiar"
"random-equal-budget","202","9","lineage-202","control","before","3","1","1","1","true","familiar"
"random-equal-budget","202","9","lineage-202","control","before","4","1","1","1","true","familiar"
"random-equal-budget","202","9","lineage-202","control","before","5","0","0","0","true","familiar"
"random-equal-budget","202","9","lineage-202","control","before","6","1","1","1","true","familiar"
"random-equal-budget","202","9","lineage-202","control","before","7","1","1","1","true","familiar"
"random-equal-budget","202","9","lineage-202","control","afterRegrowth","0","1","1","1","true","familiar"
"random-equal-budget","202","9","lineage-202","control","afterRegrowth","1","1","1","1","true","familiar"
"random-equal-budget","202","9","lineage-202","control","afterRegrowth","2","0","0","0","true","familiar"
"random-equal-budget","202","9","lineage-202","control","afterRegrowth","3","1","1","1","true","familiar"
"random-equal-budget","202","9","lineage-202","control","afterRegrowth","4","1","1","1","true","familiar"
"random-equal-budget","202","9","lineage-202","control","afterRegrowth","5","0","0","0","true","familiar"
"random-equal-budget","202","9","lineage-202","control","afterRegrowth","6","1","1","1","true","familiar"
"random-equal-budget","202","9","lineage-202","control","afterRegrowth","7","1","1","1","true","familiar"
"random-equal-budget","202","9","lineage-202","control","transfer","0","0","1","0","false","custom"
"random-equal-budget","202","9","lineage-202","control","transfer","1","1","0","1","false","custom"
"random-equal-budget","202","9","lineage-202","control","transfer","2","1","0","1","false","custom"
"random-equal-budget","202","9","lineage-202","control","transfer","3","1","0","1","false","custom"
"random-equal-budget","202","9","lineage-202","control","transfer","4","0","1","0","false","custom"
"random-equal-budget","202","9","lineage-202","control","transfer","5","1","0","1","false","custom"
"random-equal-budget","202","9","lineage-202","control","transfer","6","1","0","1","false","custom"
"random-equal-budget","202","9","lineage-202","control","transfer","7","0","1","0","false","custom"
"random-equal-budget","202","9","lineage-202","treatment","before","0","0","0","0","true","familiar"
"random-equal-budget","202","9","lineage-202","treatment","before","1","1","1","1","true","familiar"
"random-equal-budget","202","9","lineage-202","treatment","before","2","1","1","1","true","familiar"
"random-equal-budget","202","9","lineage-202","treatment","before","3","1","1","1","true","familiar"
"random-equal-budget","202","9","lineage-202","treatment","before","4","1","1","1","true","familiar"
"random-equal-budget","202","9","lineage-202","treatment","before","5","0","0","0","true","familiar"
"random-equal-budget","202","9","lineage-202","treatment","before","6","1","1","1","true","familiar"
"random-equal-budget","202","9","lineage-202","treatment","before","7","1","1","1","true","familiar"
"random-equal-budget","202","9","lineage-202","treatment","afterRegrowth","0","1","1","1","true","familiar"
"random-equal-budget","202","9","lineage-202","treatment","afterRegrowth","1","1","1","1","true","familiar"
"random-equal-budget","202","9","lineage-202","treatment","afterRegrowth","2","0","0","0","true","familiar"
"random-equal-budget","202","9","lineage-202","treatment","afterRegrowth","3","1","1","1","true","familiar"
"random-equal-budget","202","9","lineage-202","treatment","afterRegrowth","4","1","1","1","true","familiar"
"random-equal-budget","202","9","lineage-202","treatment","afterRegrowth","5","0","0","0","true","familiar"
"random-equal-budget","202","9","lineage-202","treatment","afterRegrowth","6","1","1","1","true","familiar"
"random-equal-budget","202","9","lineage-202","treatment","afterRegrowth","7","1","1","1","true","familiar"
"random-equal-budget","202","9","lineage-202","treatment","transfer","0","0","1","0","false","custom"
"random-equal-budget","202","9","lineage-202","treatment","transfer","1","1","0","1","false","custom"
"random-equal-budget","202","9","lineage-202","treatment","transfer","2","1","0","1","false","custom"
"random-equal-budget","202","9","lineage-202","treatment","transfer","3","1","0","1","false","custom"
"random-equal-budget","202","9","lineage-202","treatment","transfer","4","0","1","0","false","custom"
"random-equal-budget","202","9","lineage-202","treatment","transfer","5","1","0","1","false","custom"
"random-equal-budget","202","9","lineage-202","treatment","transfer","6","1","0","1","false","custom"
"random-equal-budget","202","9","lineage-202","treatment","transfer","7","0","1","0","false","custom"
"frozen-grammar-information-gain","202","5","lineage-202","control","before","0","0","0","0","true","familiar"
"frozen-grammar-information-gain","202","5","lineage-202","control","before","1","1","1","1","true","familiar"
"frozen-grammar-information-gain","202","5","lineage-202","control","before","2","1","1","1","true","familiar"
"frozen-grammar-information-gain","202","5","lineage-202","control","before","3","1","1","1","true","familiar"
"frozen-grammar-information-gain","202","5","lineage-202","control","before","4","1","1","1","true","familiar"
"frozen-grammar-information-gain","202","5","lineage-202","control","before","5","0","0","0","true","familiar"
"frozen-grammar-information-gain","202","5","lineage-202","control","before","6","1","1","1","true","familiar"
"frozen-grammar-information-gain","202","5","lineage-202","control","before","7","1","1","1","true","familiar"
"frozen-grammar-information-gain","202","5","lineage-202","control","afterRegrowth","0","1","1","1","true","familiar"
"frozen-grammar-information-gain","202","5","lineage-202","control","afterRegrowth","1","1","1","1","true","familiar"
"frozen-grammar-information-gain","202","5","lineage-202","control","afterRegrowth","2","0","0","0","true","familiar"
"frozen-grammar-information-gain","202","5","lineage-202","control","afterRegrowth","3","1","1","1","true","familiar"
"frozen-grammar-information-gain","202","5","lineage-202","control","afterRegrowth","4","1","1","1","true","familiar"
"frozen-grammar-information-gain","202","5","lineage-202","control","afterRegrowth","5","0","0","0","true","familiar"
"frozen-grammar-information-gain","202","5","lineage-202","control","afterRegrowth","6","1","1","1","true","familiar"
"frozen-grammar-information-gain","202","5","lineage-202","control","afterRegrowth","7","1","1","1","true","familiar"
"frozen-grammar-information-gain","202","5","lineage-202","control","transfer","0","0","1","0","false","custom"
"frozen-grammar-information-gain","202","5","lineage-202","control","transfer","1","1","0","1","false","custom"
"frozen-grammar-information-gain","202","5","lineage-202","control","transfer","2","1","0","1","false","custom"
"frozen-grammar-information-gain","202","5","lineage-202","control","transfer","3","1","0","1","false","custom"
"frozen-grammar-information-gain","202","5","lineage-202","control","transfer","4","0","1","0","false","custom"
"frozen-grammar-information-gain","202","5","lineage-202","control","transfer","5","1","0","1","false","custom"
"frozen-grammar-information-gain","202","5","lineage-202","control","transfer","6","1","0","1","false","custom"
"frozen-grammar-information-gain","202","5","lineage-202","control","transfer","7","0","1","0","false","custom"
"frozen-grammar-information-gain","202","5","lineage-202","treatment","before","0","0","0","0","true","familiar"
"frozen-grammar-information-gain","202","5","lineage-202","treatment","before","1","1","1","1","true","familiar"
"frozen-grammar-information-gain","202","5","lineage-202","treatment","before","2","1","1","1","true","familiar"
"frozen-grammar-information-gain","202","5","lineage-202","treatment","before","3","1","1","1","true","familiar"
"frozen-grammar-information-gain","202","5","lineage-202","treatment","before","4","1","1","1","true","familiar"
"frozen-grammar-information-gain","202","5","lineage-202","treatment","before","5","0","0","0","true","familiar"
"frozen-grammar-information-gain","202","5","lineage-202","treatment","before","6","1","1","1","true","familiar"
"frozen-grammar-information-gain","202","5","lineage-202","treatment","before","7","1","1","1","true","familiar"
"frozen-grammar-information-gain","202","5","lineage-202","treatment","afterRegrowth","0","1","1","1","true","familiar"
"frozen-grammar-information-gain","202","5","lineage-202","treatment","afterRegrowth","1","1","1","1","true","familiar"
"frozen-grammar-information-gain","202","5","lineage-202","treatment","afterRegrowth","2","0","0","0","true","familiar"
"frozen-grammar-information-gain","202","5","lineage-202","treatment","afterRegrowth","3","1","1","1","true","familiar"
"frozen-grammar-information-gain","202","5","lineage-202","treatment","afterRegrowth","4","1","1","1","true","familiar"
"frozen-grammar-information-gain","202","5","lineage-202","treatment","afterRegrowth","5","0","0","0","true","familiar"
"frozen-grammar-information-gain","202","5","lineage-202","treatment","afterRegrowth","6","1","1","1","true","familiar"
"frozen-grammar-information-gain","202","5","lineage-202","treatment","afterRegrowth","7","1","1","1","true","familiar"
"frozen-grammar-information-gain","202","5","lineage-202","treatment","transfer","0","0","1","0","false","custom"
"frozen-grammar-information-gain","202","5","lineage-202","treatment","transfer","1","1","0","1","false","custom"
"frozen-grammar-information-gain","202","5","lineage-202","treatment","transfer","2","1","0","1","false","custom"
"frozen-grammar-information-gain","202","5","lineage-202","treatment","transfer","3","1","0","1","false","custom"
"frozen-grammar-information-gain","202","5","lineage-202","treatment","transfer","4","0","1","0","false","custom"
"frozen-grammar-information-gain","202","5","lineage-202","treatment","transfer","5","1","0","1","false","custom"
"frozen-grammar-information-gain","202","5","lineage-202","treatment","transfer","6","1","0","1","false","custom"
"frozen-grammar-information-gain","202","5","lineage-202","treatment","transfer","7","0","1","0","false","custom"
"frozen-grammar-information-gain","202","6","lineage-202","control","before","0","0","0","0","true","familiar"
"frozen-grammar-information-gain","202","6","lineage-202","control","before","1","1","1","1","true","familiar"
"frozen-grammar-information-gain","202","6","lineage-202","control","before","2","1","1","1","true","familiar"
"frozen-grammar-information-gain","202","6","lineage-202","control","before","3","1","1","1","true","familiar"
"frozen-grammar-information-gain","202","6","lineage-202","control","before","4","1","1","1","true","familiar"
"frozen-grammar-information-gain","202","6","lineage-202","control","before","5","0","0","0","true","familiar"
"frozen-grammar-information-gain","202","6","lineage-202","control","before","6","1","1","1","true","familiar"
"frozen-grammar-information-gain","202","6","lineage-202","control","before","7","1","1","1","true","familiar"
"frozen-grammar-information-gain","202","6","lineage-202","control","afterRegrowth","0","1","1","1","true","familiar"
"frozen-grammar-information-gain","202","6","lineage-202","control","afterRegrowth","1","1","1","1","true","familiar"
"frozen-grammar-information-gain","202","6","lineage-202","control","afterRegrowth","2","0","0","0","true","familiar"
"frozen-grammar-information-gain","202","6","lineage-202","control","afterRegrowth","3","1","1","1","true","familiar"
"frozen-grammar-information-gain","202","6","lineage-202","control","afterRegrowth","4","1","1","1","true","familiar"
"frozen-grammar-information-gain","202","6","lineage-202","control","afterRegrowth","5","0","0","0","true","familiar"
"frozen-grammar-information-gain","202","6","lineage-202","control","afterRegrowth","6","1","1","1","true","familiar"
"frozen-grammar-information-gain","202","6","lineage-202","control","afterRegrowth","7","1","1","1","true","familiar"
"frozen-grammar-information-gain","202","6","lineage-202","control","transfer","0","0","1","0","false","custom"
"frozen-grammar-information-gain","202","6","lineage-202","control","transfer","1","1","0","1","false","custom"
"frozen-grammar-information-gain","202","6","lineage-202","control","transfer","2","1","0","1","false","custom"
"frozen-grammar-information-gain","202","6","lineage-202","control","transfer","3","1","0","1","false","custom"
"frozen-grammar-information-gain","202","6","lineage-202","control","transfer","4","0","1","0","false","custom"
"frozen-grammar-information-gain","202","6","lineage-202","control","transfer","5","1","0","1","false","custom"
"frozen-grammar-information-gain","202","6","lineage-202","control","transfer","6","1","0","1","false","custom"
"frozen-grammar-information-gain","202","6","lineage-202","control","transfer","7","0","1","0","false","custom"
"frozen-grammar-information-gain","202","6","lineage-202","treatment","before","0","0","0","0","true","familiar"
"frozen-grammar-information-gain","202","6","lineage-202","treatment","before","1","1","1","1","true","familiar"
"frozen-grammar-information-gain","202","6","lineage-202","treatment","before","2","1","1","1","true","familiar"
"frozen-grammar-information-gain","202","6","lineage-202","treatment","before","3","1","1","1","true","familiar"
"frozen-grammar-information-gain","202","6","lineage-202","treatment","before","4","1","1","1","true","familiar"
"frozen-grammar-information-gain","202","6","lineage-202","treatment","before","5","0","0","0","true","familiar"
"frozen-grammar-information-gain","202","6","lineage-202","treatment","before","6","1","1","1","true","familiar"
"frozen-grammar-information-gain","202","6","lineage-202","treatment","before","7","1","1","1","true","familiar"
"frozen-grammar-information-gain","202","6","lineage-202","treatment","afterRegrowth","0","1","1","1","true","familiar"
"frozen-grammar-information-gain","202","6","lineage-202","treatment","afterRegrowth","1","1","1","1","true","familiar"
"frozen-grammar-information-gain","202","6","lineage-202","treatment","afterRegrowth","2","0","0","0","true","familiar"
"frozen-grammar-information-gain","202","6","lineage-202","treatment","afterRegrowth","3","1","1","1","true","familiar"
"frozen-grammar-information-gain","202","6","lineage-202","treatment","afterRegrowth","4","1","1","1","true","familiar"
"frozen-grammar-information-gain","202","6","lineage-202","treatment","afterRegrowth","5","0","0","0","true","familiar"
"frozen-grammar-information-gain","202","6","lineage-202","treatment","afterRegrowth","6","1","1","1","true","familiar"
"frozen-grammar-information-gain","202","6","lineage-202","treatment","afterRegrowth","7","1","1","1","true","familiar"
"frozen-grammar-information-gain","202","6","lineage-202","treatment","transfer","0","0","1","0","false","custom"
"frozen-grammar-information-gain","202","6","lineage-202","treatment","transfer","1","1","0","1","false","custom"
"frozen-grammar-information-gain","202","6","lineage-202","treatment","transfer","2","1","0","1","false","custom"
"frozen-grammar-information-gain","202","6","lineage-202","treatment","transfer","3","1","0","1","false","custom"
"frozen-grammar-information-gain","202","6","lineage-202","treatment","transfer","4","0","1","0","false","custom"
"frozen-grammar-information-gain","202","6","lineage-202","treatment","transfer","5","1","0","1","false","custom"
"frozen-grammar-information-gain","202","6","lineage-202","treatment","transfer","6","1","0","1","false","custom"
"frozen-grammar-information-gain","202","6","lineage-202","treatment","transfer","7","0","1","0","false","custom"
"frozen-grammar-information-gain","202","7","lineage-202","control","before","0","0","0","0","true","familiar"
"frozen-grammar-information-gain","202","7","lineage-202","control","before","1","1","1","1","true","familiar"
"frozen-grammar-information-gain","202","7","lineage-202","control","before","2","1","1","1","true","familiar"
"frozen-grammar-information-gain","202","7","lineage-202","control","before","3","1","1","1","true","familiar"
"frozen-grammar-information-gain","202","7","lineage-202","control","before","4","1","1","1","true","familiar"
"frozen-grammar-information-gain","202","7","lineage-202","control","before","5","0","0","0","true","familiar"
"frozen-grammar-information-gain","202","7","lineage-202","control","before","6","1","1","1","true","familiar"
"frozen-grammar-information-gain","202","7","lineage-202","control","before","7","1","1","1","true","familiar"
"frozen-grammar-information-gain","202","7","lineage-202","control","afterRegrowth","0","1","1","1","true","familiar"
"frozen-grammar-information-gain","202","7","lineage-202","control","afterRegrowth","1","1","1","1","true","familiar"
"frozen-grammar-information-gain","202","7","lineage-202","control","afterRegrowth","2","0","0","0","true","familiar"
"frozen-grammar-information-gain","202","7","lineage-202","control","afterRegrowth","3","1","1","1","true","familiar"
"frozen-grammar-information-gain","202","7","lineage-202","control","afterRegrowth","4","1","1","1","true","familiar"
"frozen-grammar-information-gain","202","7","lineage-202","control","afterRegrowth","5","0","0","0","true","familiar"
"frozen-grammar-information-gain","202","7","lineage-202","control","afterRegrowth","6","1","1","1","true","familiar"
"frozen-grammar-information-gain","202","7","lineage-202","control","afterRegrowth","7","1","1","1","true","familiar"
"frozen-grammar-information-gain","202","7","lineage-202","control","transfer","0","0","1","0","false","custom"
"frozen-grammar-information-gain","202","7","lineage-202","control","transfer","1","1","0","1","false","custom"
"frozen-grammar-information-gain","202","7","lineage-202","control","transfer","2","1","0","1","false","custom"
"frozen-grammar-information-gain","202","7","lineage-202","control","transfer","3","1","0","1","false","custom"
"frozen-grammar-information-gain","202","7","lineage-202","control","transfer","4","0","1","0","false","custom"
"frozen-grammar-information-gain","202","7","lineage-202","control","transfer","5","1","0","1","false","custom"
"frozen-grammar-information-gain","202","7","lineage-202","control","transfer","6","1","0","1","false","custom"
"frozen-grammar-information-gain","202","7","lineage-202","control","transfer","7","0","1","0","false","custom"
"frozen-grammar-information-gain","202","7","lineage-202","treatment","before","0","0","0","0","true","familiar"
"frozen-grammar-information-gain","202","7","lineage-202","treatment","before","1","1","1","1","true","familiar"
"frozen-grammar-information-gain","202","7","lineage-202","treatment","before","2","1","1","1","true","familiar"
"frozen-grammar-information-gain","202","7","lineage-202","treatment","before","3","1","1","1","true","familiar"
"frozen-grammar-information-gain","202","7","lineage-202","treatment","before","4","1","1","1","true","familiar"
"frozen-grammar-information-gain","202","7","lineage-202","treatment","before","5","0","0","0","true","familiar"
"frozen-grammar-information-gain","202","7","lineage-202","treatment","before","6","1","1","1","true","familiar"
"frozen-grammar-information-gain","202","7","lineage-202","treatment","before","7","1","1","1","true","familiar"
"frozen-grammar-information-gain","202","7","lineage-202","treatment","afterRegrowth","0","1","1","1","true","familiar"
"frozen-grammar-information-gain","202","7","lineage-202","treatment","afterRegrowth","1","1","1","1","true","familiar"
"frozen-grammar-information-gain","202","7","lineage-202","treatment","afterRegrowth","2","0","0","0","true","familiar"
"frozen-grammar-information-gain","202","7","lineage-202","treatment","afterRegrowth","3","1","1","1","true","familiar"
"frozen-grammar-information-gain","202","7","lineage-202","treatment","afterRegrowth","4","1","1","1","true","familiar"
"frozen-grammar-information-gain","202","7","lineage-202","treatment","afterRegrowth","5","0","0","0","true","familiar"
"frozen-grammar-information-gain","202","7","lineage-202","treatment","afterRegrowth","6","1","1","1","true","familiar"
"frozen-grammar-information-gain","202","7","lineage-202","treatment","afterRegrowth","7","1","1","1","true","familiar"
"frozen-grammar-information-gain","202","7","lineage-202","treatment","transfer","0","0","1","0","false","custom"
"frozen-grammar-information-gain","202","7","lineage-202","treatment","transfer","1","1","0","1","false","custom"
"frozen-grammar-information-gain","202","7","lineage-202","treatment","transfer","2","1","0","1","false","custom"
"frozen-grammar-information-gain","202","7","lineage-202","treatment","transfer","3","1","0","1","false","custom"
"frozen-grammar-information-gain","202","7","lineage-202","treatment","transfer","4","0","1","0","false","custom"
"frozen-grammar-information-gain","202","7","lineage-202","treatment","transfer","5","1","0","1","false","custom"
"frozen-grammar-information-gain","202","7","lineage-202","treatment","transfer","6","1","0","1","false","custom"
"frozen-grammar-information-gain","202","7","lineage-202","treatment","transfer","7","0","1","0","false","custom"
"frozen-grammar-information-gain","202","8","lineage-202","control","before","0","0","0","0","true","familiar"
"frozen-grammar-information-gain","202","8","lineage-202","control","before","1","1","1","1","true","familiar"
"frozen-grammar-information-gain","202","8","lineage-202","control","before","2","1","1","1","true","familiar"
"frozen-grammar-information-gain","202","8","lineage-202","control","before","3","1","1","1","true","familiar"
"frozen-grammar-information-gain","202","8","lineage-202","control","before","4","1","1","1","true","familiar"
"frozen-grammar-information-gain","202","8","lineage-202","control","before","5","0","0","0","true","familiar"
"frozen-grammar-information-gain","202","8","lineage-202","control","before","6","1","1","1","true","familiar"
"frozen-grammar-information-gain","202","8","lineage-202","control","before","7","1","1","1","true","familiar"
"frozen-grammar-information-gain","202","8","lineage-202","control","afterRegrowth","0","1","1","1","true","familiar"
"frozen-grammar-information-gain","202","8","lineage-202","control","afterRegrowth","1","1","1","1","true","familiar"
"frozen-grammar-information-gain","202","8","lineage-202","control","afterRegrowth","2","0","0","0","true","familiar"
"frozen-grammar-information-gain","202","8","lineage-202","control","afterRegrowth","3","1","1","1","true","familiar"
"frozen-grammar-information-gain","202","8","lineage-202","control","afterRegrowth","4","1","1","1","true","familiar"
"frozen-grammar-information-gain","202","8","lineage-202","control","afterRegrowth","5","0","0","0","true","familiar"
"frozen-grammar-information-gain","202","8","lineage-202","control","afterRegrowth","6","1","1","1","true","familiar"
"frozen-grammar-information-gain","202","8","lineage-202","control","afterRegrowth","7","1","1","1","true","familiar"
"frozen-grammar-information-gain","202","8","lineage-202","control","transfer","0","0","1","0","false","custom"
"frozen-grammar-information-gain","202","8","lineage-202","control","transfer","1","1","0","1","false","custom"
"frozen-grammar-information-gain","202","8","lineage-202","control","transfer","2","1","0","1","false","custom"
"frozen-grammar-information-gain","202","8","lineage-202","control","transfer","3","1","0","1","false","custom"
"frozen-grammar-information-gain","202","8","lineage-202","control","transfer","4","0","1","0","false","custom"
"frozen-grammar-information-gain","202","8","lineage-202","control","transfer","5","1","0","1","false","custom"
"frozen-grammar-information-gain","202","8","lineage-202","control","transfer","6","1","0","1","false","custom"
"frozen-grammar-information-gain","202","8","lineage-202","control","transfer","7","0","1","0","false","custom"
"frozen-grammar-information-gain","202","8","lineage-202","treatment","before","0","0","0","0","true","familiar"
"frozen-grammar-information-gain","202","8","lineage-202","treatment","before","1","1","1","1","true","familiar"
"frozen-grammar-information-gain","202","8","lineage-202","treatment","before","2","1","1","1","true","familiar"
"frozen-grammar-information-gain","202","8","lineage-202","treatment","before","3","1","1","1","true","familiar"
"frozen-grammar-information-gain","202","8","lineage-202","treatment","before","4","1","1","1","true","familiar"
"frozen-grammar-information-gain","202","8","lineage-202","treatment","before","5","0","0","0","true","familiar"
"frozen-grammar-information-gain","202","8","lineage-202","treatment","before","6","1","1","1","true","familiar"
"frozen-grammar-information-gain","202","8","lineage-202","treatment","before","7","1","1","1","true","familiar"
"frozen-grammar-information-gain","202","8","lineage-202","treatment","afterRegrowth","0","1","1","1","true","familiar"
"frozen-grammar-information-gain","202","8","lineage-202","treatment","afterRegrowth","1","1","1","1","true","familiar"
"frozen-grammar-information-gain","202","8","lineage-202","treatment","afterRegrowth","2","0","0","0","true","familiar"
"frozen-grammar-information-gain","202","8","lineage-202","treatment","afterRegrowth","3","1","1","1","true","familiar"
"frozen-grammar-information-gain","202","8","lineage-202","treatment","afterRegrowth","4","1","1","1","true","familiar"
"frozen-grammar-information-gain","202","8","lineage-202","treatment","afterRegrowth","5","0","0","0","true","familiar"
"frozen-grammar-information-gain","202","8","lineage-202","treatment","afterRegrowth","6","1","1","1","true","familiar"
"frozen-grammar-information-gain","202","8","lineage-202","treatment","afterRegrowth","7","1","1","1","true","familiar"
"frozen-grammar-information-gain","202","8","lineage-202","treatment","transfer","0","0","1","0","false","custom"
"frozen-grammar-information-gain","202","8","lineage-202","treatment","transfer","1","1","0","1","false","custom"
"frozen-grammar-information-gain","202","8","lineage-202","treatment","transfer","2","1","0","1","false","custom"
"frozen-grammar-information-gain","202","8","lineage-202","treatment","transfer","3","1","0","1","false","custom"
"frozen-grammar-information-gain","202","8","lineage-202","treatment","transfer","4","0","1","0","false","custom"
"frozen-grammar-information-gain","202","8","lineage-202","treatment","transfer","5","1","0","1","false","custom"
"frozen-grammar-information-gain","202","8","lineage-202","treatment","transfer","6","1","0","1","false","custom"
"frozen-grammar-information-gain","202","8","lineage-202","treatment","transfer","7","0","1","0","false","custom"
"frozen-grammar-information-gain","202","9","lineage-202","control","before","0","0","0","0","true","familiar"
"frozen-grammar-information-gain","202","9","lineage-202","control","before","1","1","1","1","true","familiar"
"frozen-grammar-information-gain","202","9","lineage-202","control","before","2","1","1","1","true","familiar"
"frozen-grammar-information-gain","202","9","lineage-202","control","before","3","1","1","1","true","familiar"
"frozen-grammar-information-gain","202","9","lineage-202","control","before","4","1","1","1","true","familiar"
"frozen-grammar-information-gain","202","9","lineage-202","control","before","5","0","0","0","true","familiar"
"frozen-grammar-information-gain","202","9","lineage-202","control","before","6","1","1","1","true","familiar"
"frozen-grammar-information-gain","202","9","lineage-202","control","before","7","1","1","1","true","familiar"
"frozen-grammar-information-gain","202","9","lineage-202","control","afterRegrowth","0","1","1","1","true","familiar"
"frozen-grammar-information-gain","202","9","lineage-202","control","afterRegrowth","1","1","1","1","true","familiar"
"frozen-grammar-information-gain","202","9","lineage-202","control","afterRegrowth","2","0","0","0","true","familiar"
"frozen-grammar-information-gain","202","9","lineage-202","control","afterRegrowth","3","1","1","1","true","familiar"
"frozen-grammar-information-gain","202","9","lineage-202","control","afterRegrowth","4","1","1","1","true","familiar"
"frozen-grammar-information-gain","202","9","lineage-202","control","afterRegrowth","5","0","0","0","true","familiar"
"frozen-grammar-information-gain","202","9","lineage-202","control","afterRegrowth","6","1","1","1","true","familiar"
"frozen-grammar-information-gain","202","9","lineage-202","control","afterRegrowth","7","1","1","1","true","familiar"
"frozen-grammar-information-gain","202","9","lineage-202","control","transfer","0","0","1","0","false","custom"
"frozen-grammar-information-gain","202","9","lineage-202","control","transfer","1","1","0","1","false","custom"
"frozen-grammar-information-gain","202","9","lineage-202","control","transfer","2","1","0","1","false","custom"
"frozen-grammar-information-gain","202","9","lineage-202","control","transfer","3","1","0","1","false","custom"
"frozen-grammar-information-gain","202","9","lineage-202","control","transfer","4","0","1","0","false","custom"
"frozen-grammar-information-gain","202","9","lineage-202","control","transfer","5","1","0","1","false","custom"
"frozen-grammar-information-gain","202","9","lineage-202","control","transfer","6","1","0","1","false","custom"
"frozen-grammar-information-gain","202","9","lineage-202","control","transfer","7","0","1","0","false","custom"
"frozen-grammar-information-gain","202","9","lineage-202","treatment","before","0","0","0","0","true","familiar"
"frozen-grammar-information-gain","202","9","lineage-202","treatment","before","1","1","1","1","true","familiar"
"frozen-grammar-information-gain","202","9","lineage-202","treatment","before","2","1","1","1","true","familiar"
"frozen-grammar-information-gain","202","9","lineage-202","treatment","before","3","1","1","1","true","familiar"
"frozen-grammar-information-gain","202","9","lineage-202","treatment","before","4","1","1","1","true","familiar"
"frozen-grammar-information-gain","202","9","lineage-202","treatment","before","5","0","0","0","true","familiar"
"frozen-grammar-information-gain","202","9","lineage-202","treatment","before","6","1","1","1","true","familiar"
"frozen-grammar-information-gain","202","9","lineage-202","treatment","before","7","1","1","1","true","familiar"
"frozen-grammar-information-gain","202","9","lineage-202","treatment","afterRegrowth","0","1","1","1","true","familiar"
"frozen-grammar-information-gain","202","9","lineage-202","treatment","afterRegrowth","1","1","1","1","true","familiar"
"frozen-grammar-information-gain","202","9","lineage-202","treatment","afterRegrowth","2","0","0","0","true","familiar"
"frozen-grammar-information-gain","202","9","lineage-202","treatment","afterRegrowth","3","1","1","1","true","familiar"
"frozen-grammar-information-gain","202","9","lineage-202","treatment","afterRegrowth","4","1","1","1","true","familiar"
"frozen-grammar-information-gain","202","9","lineage-202","treatment","afterRegrowth","5","0","0","0","true","familiar"
"frozen-grammar-information-gain","202","9","lineage-202","treatment","afterRegrowth","6","1","1","1","true","familiar"
"frozen-grammar-information-gain","202","9","lineage-202","treatment","afterRegrowth","7","1","1","1","true","familiar"
"frozen-grammar-information-gain","202","9","lineage-202","treatment","transfer","0","0","1","0","false","custom"
"frozen-grammar-information-gain","202","9","lineage-202","treatment","transfer","1","1","0","1","false","custom"
"frozen-grammar-information-gain","202","9","lineage-202","treatment","transfer","2","1","0","1","false","custom"
"frozen-grammar-information-gain","202","9","lineage-202","treatment","transfer","3","1","0","1","false","custom"
"frozen-grammar-information-gain","202","9","lineage-202","treatment","transfer","4","0","1","0","false","custom"
"frozen-grammar-information-gain","202","9","lineage-202","treatment","transfer","5","1","0","1","false","custom"
"frozen-grammar-information-gain","202","9","lineage-202","treatment","transfer","6","1","0","1","false","custom"
"frozen-grammar-information-gain","202","9","lineage-202","treatment","transfer","7","0","1","0","false","custom"
"adaptive-revisable-grammar","202","5","lineage-202","control","before","0","0","0","0","true","familiar"
"adaptive-revisable-grammar","202","5","lineage-202","control","before","1","1","1","1","true","familiar"
"adaptive-revisable-grammar","202","5","lineage-202","control","before","2","1","1","1","true","familiar"
"adaptive-revisable-grammar","202","5","lineage-202","control","before","3","1","1","1","true","familiar"
"adaptive-revisable-grammar","202","5","lineage-202","control","before","4","1","1","1","true","familiar"
"adaptive-revisable-grammar","202","5","lineage-202","control","before","5","0","0","0","true","familiar"
"adaptive-revisable-grammar","202","5","lineage-202","control","before","6","1","1","1","true","familiar"
"adaptive-revisable-grammar","202","5","lineage-202","control","before","7","1","1","1","true","familiar"
"adaptive-revisable-grammar","202","5","lineage-202","control","afterRegrowth","0","1","1","1","true","familiar"
"adaptive-revisable-grammar","202","5","lineage-202","control","afterRegrowth","1","1","1","1","true","familiar"
"adaptive-revisable-grammar","202","5","lineage-202","control","afterRegrowth","2","0","0","0","true","familiar"
"adaptive-revisable-grammar","202","5","lineage-202","control","afterRegrowth","3","1","1","1","true","familiar"
"adaptive-revisable-grammar","202","5","lineage-202","control","afterRegrowth","4","1","1","1","true","familiar"
"adaptive-revisable-grammar","202","5","lineage-202","control","afterRegrowth","5","0","0","0","true","familiar"
"adaptive-revisable-grammar","202","5","lineage-202","control","afterRegrowth","6","1","1","1","true","familiar"
"adaptive-revisable-grammar","202","5","lineage-202","control","afterRegrowth","7","1","1","1","true","familiar"
"adaptive-revisable-grammar","202","5","lineage-202","control","transfer","0","0","1","0","false","custom"
"adaptive-revisable-grammar","202","5","lineage-202","control","transfer","1","1","0","1","false","custom"
"adaptive-revisable-grammar","202","5","lineage-202","control","transfer","2","1","0","1","false","custom"
"adaptive-revisable-grammar","202","5","lineage-202","control","transfer","3","1","0","1","false","custom"
"adaptive-revisable-grammar","202","5","lineage-202","control","transfer","4","0","1","0","false","custom"
"adaptive-revisable-grammar","202","5","lineage-202","control","transfer","5","1","0","1","false","custom"
"adaptive-revisable-grammar","202","5","lineage-202","control","transfer","6","1","0","1","false","custom"
"adaptive-revisable-grammar","202","5","lineage-202","control","transfer","7","0","1","0","false","custom"
"adaptive-revisable-grammar","202","5","lineage-202","treatment","before","0","0","0","0","true","familiar"
"adaptive-revisable-grammar","202","5","lineage-202","treatment","before","1","1","1","1","true","familiar"
"adaptive-revisable-grammar","202","5","lineage-202","treatment","before","2","1","1","1","true","familiar"
"adaptive-revisable-grammar","202","5","lineage-202","treatment","before","3","1","1","1","true","familiar"
"adaptive-revisable-grammar","202","5","lineage-202","treatment","before","4","1","1","1","true","familiar"
"adaptive-revisable-grammar","202","5","lineage-202","treatment","before","5","0","0","0","true","familiar"
"adaptive-revisable-grammar","202","5","lineage-202","treatment","before","6","1","1","1","true","familiar"
"adaptive-revisable-grammar","202","5","lineage-202","treatment","before","7","1","1","1","true","familiar"
"adaptive-revisable-grammar","202","5","lineage-202","treatment","afterRegrowth","0","1","1","1","true","familiar"
"adaptive-revisable-grammar","202","5","lineage-202","treatment","afterRegrowth","1","1","1","1","true","familiar"
"adaptive-revisable-grammar","202","5","lineage-202","treatment","afterRegrowth","2","0","0","0","true","familiar"
"adaptive-revisable-grammar","202","5","lineage-202","treatment","afterRegrowth","3","1","1","1","true","familiar"
"adaptive-revisable-grammar","202","5","lineage-202","treatment","afterRegrowth","4","1","1","1","true","familiar"
"adaptive-revisable-grammar","202","5","lineage-202","treatment","afterRegrowth","5","0","0","0","true","familiar"
"adaptive-revisable-grammar","202","5","lineage-202","treatment","afterRegrowth","6","1","1","1","true","familiar"
"adaptive-revisable-grammar","202","5","lineage-202","treatment","afterRegrowth","7","1","1","1","true","familiar"
"adaptive-revisable-grammar","202","5","lineage-202","treatment","transfer","0","0","1","0","false","custom"
"adaptive-revisable-grammar","202","5","lineage-202","treatment","transfer","1","1","0","1","false","custom"
"adaptive-revisable-grammar","202","5","lineage-202","treatment","transfer","2","1","0","1","false","custom"
"adaptive-revisable-grammar","202","5","lineage-202","treatment","transfer","3","1","0","1","false","custom"
"adaptive-revisable-grammar","202","5","lineage-202","treatment","transfer","4","0","1","0","false","custom"
"adaptive-revisable-grammar","202","5","lineage-202","treatment","transfer","5","1","0","1","false","custom"
"adaptive-revisable-grammar","202","5","lineage-202","treatment","transfer","6","1","0","1","false","custom"
"adaptive-revisable-grammar","202","5","lineage-202","treatment","transfer","7","0","1","0","false","custom"
"adaptive-revisable-grammar","202","6","lineage-202","control","before","0","0","0","0","true","familiar"
"adaptive-revisable-grammar","202","6","lineage-202","control","before","1","1","1","1","true","familiar"
"adaptive-revisable-grammar","202","6","lineage-202","control","before","2","1","1","1","true","familiar"
"adaptive-revisable-grammar","202","6","lineage-202","control","before","3","1","1","1","true","familiar"
"adaptive-revisable-grammar","202","6","lineage-202","control","before","4","1","1","1","true","familiar"
"adaptive-revisable-grammar","202","6","lineage-202","control","before","5","0","0","0","true","familiar"
"adaptive-revisable-grammar","202","6","lineage-202","control","before","6","1","1","1","true","familiar"
"adaptive-revisable-grammar","202","6","lineage-202","control","before","7","1","1","1","true","familiar"
"adaptive-revisable-grammar","202","6","lineage-202","control","afterRegrowth","0","1","1","1","true","familiar"
"adaptive-revisable-grammar","202","6","lineage-202","control","afterRegrowth","1","1","1","1","true","familiar"
"adaptive-revisable-grammar","202","6","lineage-202","control","afterRegrowth","2","0","0","0","true","familiar"
"adaptive-revisable-grammar","202","6","lineage-202","control","afterRegrowth","3","1","1","1","true","familiar"
"adaptive-revisable-grammar","202","6","lineage-202","control","afterRegrowth","4","1","1","1","true","familiar"
"adaptive-revisable-grammar","202","6","lineage-202","control","afterRegrowth","5","0","0","0","true","familiar"
"adaptive-revisable-grammar","202","6","lineage-202","control","afterRegrowth","6","1","1","1","true","familiar"
"adaptive-revisable-grammar","202","6","lineage-202","control","afterRegrowth","7","1","1","1","true","familiar"
"adaptive-revisable-grammar","202","6","lineage-202","control","transfer","0","0","1","0","false","custom"
"adaptive-revisable-grammar","202","6","lineage-202","control","transfer","1","1","0","1","false","custom"
"adaptive-revisable-grammar","202","6","lineage-202","control","transfer","2","1","0","1","false","custom"
"adaptive-revisable-grammar","202","6","lineage-202","control","transfer","3","1","0","1","false","custom"
"adaptive-revisable-grammar","202","6","lineage-202","control","transfer","4","0","1","0","false","custom"
"adaptive-revisable-grammar","202","6","lineage-202","control","transfer","5","1","0","1","false","custom"
"adaptive-revisable-grammar","202","6","lineage-202","control","transfer","6","1","0","1","false","custom"
"adaptive-revisable-grammar","202","6","lineage-202","control","transfer","7","0","1","0","false","custom"
"adaptive-revisable-grammar","202","6","lineage-202","treatment","before","0","0","0","0","true","familiar"
"adaptive-revisable-grammar","202","6","lineage-202","treatment","before","1","1","1","1","true","familiar"
"adaptive-revisable-grammar","202","6","lineage-202","treatment","before","2","1","1","1","true","familiar"
"adaptive-revisable-grammar","202","6","lineage-202","treatment","before","3","1","1","1","true","familiar"
"adaptive-revisable-grammar","202","6","lineage-202","treatment","before","4","1","1","1","true","familiar"
"adaptive-revisable-grammar","202","6","lineage-202","treatment","before","5","0","0","0","true","familiar"
"adaptive-revisable-grammar","202","6","lineage-202","treatment","before","6","1","1","1","true","familiar"
"adaptive-revisable-grammar","202","6","lineage-202","treatment","before","7","1","1","1","true","familiar"
"adaptive-revisable-grammar","202","6","lineage-202","treatment","afterRegrowth","0","1","1","1","true","familiar"
"adaptive-revisable-grammar","202","6","lineage-202","treatment","afterRegrowth","1","1","1","1","true","familiar"
"adaptive-revisable-grammar","202","6","lineage-202","treatment","afterRegrowth","2","0","0","0","true","familiar"
"adaptive-revisable-grammar","202","6","lineage-202","treatment","afterRegrowth","3","1","1","1","true","familiar"
"adaptive-revisable-grammar","202","6","lineage-202","treatment","afterRegrowth","4","1","1","1","true","familiar"
"adaptive-revisable-grammar","202","6","lineage-202","treatment","afterRegrowth","5","0","0","0","true","familiar"
"adaptive-revisable-grammar","202","6","lineage-202","treatment","afterRegrowth","6","1","1","1","true","familiar"
"adaptive-revisable-grammar","202","6","lineage-202","treatment","afterRegrowth","7","1","1","1","true","familiar"
"adaptive-revisable-grammar","202","6","lineage-202","treatment","transfer","0","0","1","0","false","custom"
"adaptive-revisable-grammar","202","6","lineage-202","treatment","transfer","1","1","0","1","false","custom"
"adaptive-revisable-grammar","202","6","lineage-202","treatment","transfer","2","1","0","1","false","custom"
"adaptive-revisable-grammar","202","6","lineage-202","treatment","transfer","3","1","0","1","false","custom"
"adaptive-revisable-grammar","202","6","lineage-202","treatment","transfer","4","0","1","0","false","custom"
"adaptive-revisable-grammar","202","6","lineage-202","treatment","transfer","5","1","0","1","false","custom"
"adaptive-revisable-grammar","202","6","lineage-202","treatment","transfer","6","1","0","1","false","custom"
"adaptive-revisable-grammar","202","6","lineage-202","treatment","transfer","7","0","1","0","false","custom"
"adaptive-revisable-grammar","202","7","lineage-202","control","before","0","0","0","0","true","familiar"
"adaptive-revisable-grammar","202","7","lineage-202","control","before","1","1","1","1","true","familiar"
"adaptive-revisable-grammar","202","7","lineage-202","control","before","2","1","1","1","true","familiar"
"adaptive-revisable-grammar","202","7","lineage-202","control","before","3","1","1","1","true","familiar"
"adaptive-revisable-grammar","202","7","lineage-202","control","before","4","1","1","1","true","familiar"
"adaptive-revisable-grammar","202","7","lineage-202","control","before","5","0","0","0","true","familiar"
"adaptive-revisable-grammar","202","7","lineage-202","control","before","6","1","1","1","true","familiar"
"adaptive-revisable-grammar","202","7","lineage-202","control","before","7","1","1","1","true","familiar"
"adaptive-revisable-grammar","202","7","lineage-202","control","afterRegrowth","0","1","1","1","true","familiar"
"adaptive-revisable-grammar","202","7","lineage-202","control","afterRegrowth","1","1","1","1","true","familiar"
"adaptive-revisable-grammar","202","7","lineage-202","control","afterRegrowth","2","0","0","0","true","familiar"
"adaptive-revisable-grammar","202","7","lineage-202","control","afterRegrowth","3","1","1","1","true","familiar"
"adaptive-revisable-grammar","202","7","lineage-202","control","afterRegrowth","4","1","1","1","true","familiar"
"adaptive-revisable-grammar","202","7","lineage-202","control","afterRegrowth","5","0","0","0","true","familiar"
"adaptive-revisable-grammar","202","7","lineage-202","control","afterRegrowth","6","1","1","1","true","familiar"
"adaptive-revisable-grammar","202","7","lineage-202","control","afterRegrowth","7","1","1","1","true","familiar"
"adaptive-revisable-grammar","202","7","lineage-202","control","transfer","0","0","1","0","false","custom"
"adaptive-revisable-grammar","202","7","lineage-202","control","transfer","1","1","0","1","false","custom"
"adaptive-revisable-grammar","202","7","lineage-202","control","transfer","2","1","0","1","false","custom"
"adaptive-revisable-grammar","202","7","lineage-202","control","transfer","3","1","0","1","false","custom"
"adaptive-revisable-grammar","202","7","lineage-202","control","transfer","4","0","1","0","false","custom"
"adaptive-revisable-grammar","202","7","lineage-202","control","transfer","5","1","0","1","false","custom"
"adaptive-revisable-grammar","202","7","lineage-202","control","transfer","6","1","0","1","false","custom"
"adaptive-revisable-grammar","202","7","lineage-202","control","transfer","7","0","1","0","false","custom"
"adaptive-revisable-grammar","202","7","lineage-202","treatment","before","0","0","0","0","true","familiar"
"adaptive-revisable-grammar","202","7","lineage-202","treatment","before","1","1","1","1","true","familiar"
"adaptive-revisable-grammar","202","7","lineage-202","treatment","before","2","1","1","1","true","familiar"
"adaptive-revisable-grammar","202","7","lineage-202","treatment","before","3","1","1","1","true","familiar"
"adaptive-revisable-grammar","202","7","lineage-202","treatment","before","4","1","1","1","true","familiar"
"adaptive-revisable-grammar","202","7","lineage-202","treatment","before","5","0","0","0","true","familiar"
"adaptive-revisable-grammar","202","7","lineage-202","treatment","before","6","1","1","1","true","familiar"
"adaptive-revisable-grammar","202","7","lineage-202","treatment","before","7","1","1","1","true","familiar"
"adaptive-revisable-grammar","202","7","lineage-202","treatment","afterRegrowth","0","1","1","1","true","familiar"
"adaptive-revisable-grammar","202","7","lineage-202","treatment","afterRegrowth","1","1","1","1","true","familiar"
"adaptive-revisable-grammar","202","7","lineage-202","treatment","afterRegrowth","2","0","0","0","true","familiar"
"adaptive-revisable-grammar","202","7","lineage-202","treatment","afterRegrowth","3","1","1","1","true","familiar"
"adaptive-revisable-grammar","202","7","lineage-202","treatment","afterRegrowth","4","1","1","1","true","familiar"
"adaptive-revisable-grammar","202","7","lineage-202","treatment","afterRegrowth","5","0","0","0","true","familiar"
"adaptive-revisable-grammar","202","7","lineage-202","treatment","afterRegrowth","6","1","1","1","true","familiar"
"adaptive-revisable-grammar","202","7","lineage-202","treatment","afterRegrowth","7","1","1","1","true","familiar"
"adaptive-revisable-grammar","202","7","lineage-202","treatment","transfer","0","0","1","0","false","custom"
"adaptive-revisable-grammar","202","7","lineage-202","treatment","transfer","1","1","0","1","false","custom"
"adaptive-revisable-grammar","202","7","lineage-202","treatment","transfer","2","1","0","1","false","custom"
"adaptive-revisable-grammar","202","7","lineage-202","treatment","transfer","3","1","0","1","false","custom"
"adaptive-revisable-grammar","202","7","lineage-202","treatment","transfer","4","0","1","0","false","custom"
"adaptive-revisable-grammar","202","7","lineage-202","treatment","transfer","5","1","0","1","false","custom"
"adaptive-revisable-grammar","202","7","lineage-202","treatment","transfer","6","1","0","1","false","custom"
"adaptive-revisable-grammar","202","7","lineage-202","treatment","transfer","7","0","1","0","false","custom"
"adaptive-revisable-grammar","202","8","lineage-202","control","before","0","0","0","0","true","familiar"
"adaptive-revisable-grammar","202","8","lineage-202","control","before","1","1","1","1","true","familiar"
"adaptive-revisable-grammar","202","8","lineage-202","control","before","2","1","1","1","true","familiar"
"adaptive-revisable-grammar","202","8","lineage-202","control","before","3","1","1","1","true","familiar"
"adaptive-revisable-grammar","202","8","lineage-202","control","before","4","1","1","1","true","familiar"
"adaptive-revisable-grammar","202","8","lineage-202","control","before","5","0","0","0","true","familiar"
"adaptive-revisable-grammar","202","8","lineage-202","control","before","6","1","1","1","true","familiar"
"adaptive-revisable-grammar","202","8","lineage-202","control","before","7","1","1","1","true","familiar"
"adaptive-revisable-grammar","202","8","lineage-202","control","afterRegrowth","0","1","1","1","true","familiar"
"adaptive-revisable-grammar","202","8","lineage-202","control","afterRegrowth","1","1","1","1","true","familiar"
"adaptive-revisable-grammar","202","8","lineage-202","control","afterRegrowth","2","0","0","0","true","familiar"
"adaptive-revisable-grammar","202","8","lineage-202","control","afterRegrowth","3","1","1","1","true","familiar"
"adaptive-revisable-grammar","202","8","lineage-202","control","afterRegrowth","4","1","1","1","true","familiar"
"adaptive-revisable-grammar","202","8","lineage-202","control","afterRegrowth","5","0","0","0","true","familiar"
"adaptive-revisable-grammar","202","8","lineage-202","control","afterRegrowth","6","1","1","1","true","familiar"
"adaptive-revisable-grammar","202","8","lineage-202","control","afterRegrowth","7","1","1","1","true","familiar"
"adaptive-revisable-grammar","202","8","lineage-202","control","transfer","0","0","1","0","false","custom"
"adaptive-revisable-grammar","202","8","lineage-202","control","transfer","1","1","0","1","false","custom"
"adaptive-revisable-grammar","202","8","lineage-202","control","transfer","2","1","0","1","false","custom"
"adaptive-revisable-grammar","202","8","lineage-202","control","transfer","3","1","0","1","false","custom"
"adaptive-revisable-grammar","202","8","lineage-202","control","transfer","4","0","1","0","false","custom"
"adaptive-revisable-grammar","202","8","lineage-202","control","transfer","5","1","0","1","false","custom"
"adaptive-revisable-grammar","202","8","lineage-202","control","transfer","6","1","0","1","false","custom"
"adaptive-revisable-grammar","202","8","lineage-202","control","transfer","7","0","1","0","false","custom"
"adaptive-revisable-grammar","202","8","lineage-202","treatment","before","0","0","0","0","true","familiar"
"adaptive-revisable-grammar","202","8","lineage-202","treatment","before","1","1","1","1","true","familiar"
"adaptive-revisable-grammar","202","8","lineage-202","treatment","before","2","1","1","1","true","familiar"
"adaptive-revisable-grammar","202","8","lineage-202","treatment","before","3","1","1","1","true","familiar"
"adaptive-revisable-grammar","202","8","lineage-202","treatment","before","4","1","1","1","true","familiar"
"adaptive-revisable-grammar","202","8","lineage-202","treatment","before","5","0","0","0","true","familiar"
"adaptive-revisable-grammar","202","8","lineage-202","treatment","before","6","1","1","1","true","familiar"
"adaptive-revisable-grammar","202","8","lineage-202","treatment","before","7","1","1","1","true","familiar"
"adaptive-revisable-grammar","202","8","lineage-202","treatment","afterRegrowth","0","1","1","1","true","familiar"
"adaptive-revisable-grammar","202","8","lineage-202","treatment","afterRegrowth","1","1","1","1","true","familiar"
"adaptive-revisable-grammar","202","8","lineage-202","treatment","afterRegrowth","2","0","0","0","true","familiar"
"adaptive-revisable-grammar","202","8","lineage-202","treatment","afterRegrowth","3","1","1","1","true","familiar"
"adaptive-revisable-grammar","202","8","lineage-202","treatment","afterRegrowth","4","1","1","1","true","familiar"
"adaptive-revisable-grammar","202","8","lineage-202","treatment","afterRegrowth","5","0","0","0","true","familiar"
"adaptive-revisable-grammar","202","8","lineage-202","treatment","afterRegrowth","6","1","1","1","true","familiar"
"adaptive-revisable-grammar","202","8","lineage-202","treatment","afterRegrowth","7","1","1","1","true","familiar"
"adaptive-revisable-grammar","202","8","lineage-202","treatment","transfer","0","0","1","0","false","custom"
"adaptive-revisable-grammar","202","8","lineage-202","treatment","transfer","1","1","0","1","false","custom"
"adaptive-revisable-grammar","202","8","lineage-202","treatment","transfer","2","1","0","1","false","custom"
"adaptive-revisable-grammar","202","8","lineage-202","treatment","transfer","3","1","0","1","false","custom"
"adaptive-revisable-grammar","202","8","lineage-202","treatment","transfer","4","0","1","0","false","custom"
"adaptive-revisable-grammar","202","8","lineage-202","treatment","transfer","5","1","0","1","false","custom"
"adaptive-revisable-grammar","202","8","lineage-202","treatment","transfer","6","1","0","1","false","custom"
"adaptive-revisable-grammar","202","8","lineage-202","treatment","transfer","7","0","1","0","false","custom"
"adaptive-revisable-grammar","202","9","lineage-202","control","before","0","0","0","0","true","familiar"
"adaptive-revisable-grammar","202","9","lineage-202","control","before","1","1","1","1","true","familiar"
"adaptive-revisable-grammar","202","9","lineage-202","control","before","2","1","1","1","true","familiar"
"adaptive-revisable-grammar","202","9","lineage-202","control","before","3","1","1","1","true","familiar"
"adaptive-revisable-grammar","202","9","lineage-202","control","before","4","1","1","1","true","familiar"
"adaptive-revisable-grammar","202","9","lineage-202","control","before","5","0","0","0","true","familiar"
"adaptive-revisable-grammar","202","9","lineage-202","control","before","6","1","1","1","true","familiar"
"adaptive-revisable-grammar","202","9","lineage-202","control","before","7","1","1","1","true","familiar"
"adaptive-revisable-grammar","202","9","lineage-202","control","afterRegrowth","0","1","1","1","true","familiar"
"adaptive-revisable-grammar","202","9","lineage-202","control","afterRegrowth","1","1","1","1","true","familiar"
"adaptive-revisable-grammar","202","9","lineage-202","control","afterRegrowth","2","0","0","0","true","familiar"
"adaptive-revisable-grammar","202","9","lineage-202","control","afterRegrowth","3","1","1","1","true","familiar"
"adaptive-revisable-grammar","202","9","lineage-202","control","afterRegrowth","4","1","1","1","true","familiar"
"adaptive-revisable-grammar","202","9","lineage-202","control","afterRegrowth","5","0","0","0","true","familiar"
"adaptive-revisable-grammar","202","9","lineage-202","control","afterRegrowth","6","1","1","1","true","familiar"
"adaptive-revisable-grammar","202","9","lineage-202","control","afterRegrowth","7","1","1","1","true","familiar"
"adaptive-revisable-grammar","202","9","lineage-202","control","transfer","0","0","1","0","false","custom"
"adaptive-revisable-grammar","202","9","lineage-202","control","transfer","1","1","0","1","false","custom"
"adaptive-revisable-grammar","202","9","lineage-202","control","transfer","2","1","0","1","false","custom"
"adaptive-revisable-grammar","202","9","lineage-202","control","transfer","3","1","0","1","false","custom"
"adaptive-revisable-grammar","202","9","lineage-202","control","transfer","4","0","1","0","false","custom"
"adaptive-revisable-grammar","202","9","lineage-202","control","transfer","5","1","0","1","false","custom"
"adaptive-revisable-grammar","202","9","lineage-202","control","transfer","6","1","0","1","false","custom"
"adaptive-revisable-grammar","202","9","lineage-202","control","transfer","7","0","1","0","false","custom"
"adaptive-revisable-grammar","202","9","lineage-202","treatment","before","0","0","0","0","true","familiar"
"adaptive-revisable-grammar","202","9","lineage-202","treatment","before","1","1","1","1","true","familiar"
"adaptive-revisable-grammar","202","9","lineage-202","treatment","before","2","1","1","1","true","familiar"
"adaptive-revisable-grammar","202","9","lineage-202","treatment","before","3","1","1","1","true","familiar"
"adaptive-revisable-grammar","202","9","lineage-202","treatment","before","4","1","1","1","true","familiar"
"adaptive-revisable-grammar","202","9","lineage-202","treatment","before","5","0","0","0","true","familiar"
"adaptive-revisable-grammar","202","9","lineage-202","treatment","before","6","1","1","1","true","familiar"
"adaptive-revisable-grammar","202","9","lineage-202","treatment","before","7","1","1","1","true","familiar"
"adaptive-revisable-grammar","202","9","lineage-202","treatment","afterRegrowth","0","1","1","1","true","familiar"
"adaptive-revisable-grammar","202","9","lineage-202","treatment","afterRegrowth","1","1","1","1","true","familiar"
"adaptive-revisable-grammar","202","9","lineage-202","treatment","afterRegrowth","2","0","0","0","true","familiar"
"adaptive-revisable-grammar","202","9","lineage-202","treatment","afterRegrowth","3","1","1","1","true","familiar"
"adaptive-revisable-grammar","202","9","lineage-202","treatment","afterRegrowth","4","1","1","1","true","familiar"
"adaptive-revisable-grammar","202","9","lineage-202","treatment","afterRegrowth","5","0","0","0","true","familiar"
"adaptive-revisable-grammar","202","9","lineage-202","treatment","afterRegrowth","6","1","1","1","true","familiar"
"adaptive-revisable-grammar","202","9","lineage-202","treatment","afterRegrowth","7","1","1","1","true","familiar"
"adaptive-revisable-grammar","202","9","lineage-202","treatment","transfer","0","0","1","0","false","custom"
"adaptive-revisable-grammar","202","9","lineage-202","treatment","transfer","1","1","0","1","false","custom"
"adaptive-revisable-grammar","202","9","lineage-202","treatment","transfer","2","1","0","1","false","custom"
"adaptive-revisable-grammar","202","9","lineage-202","treatment","transfer","3","1","0","1","false","custom"
"adaptive-revisable-grammar","202","9","lineage-202","treatment","transfer","4","0","1","0","false","custom"
"adaptive-revisable-grammar","202","9","lineage-202","treatment","transfer","5","1","0","1","false","custom"
"adaptive-revisable-grammar","202","9","lineage-202","treatment","transfer","6","1","0","1","false","custom"
"adaptive-revisable-grammar","202","9","lineage-202","treatment","transfer","7","0","1","0","false","custom"
"fixed-one-factor","303","10","lineage-303","control","before","0","0","0","0","true","familiar"
"fixed-one-factor","303","10","lineage-303","control","before","1","1","1","1","true","familiar"
"fixed-one-factor","303","10","lineage-303","control","before","2","0","0","0","true","familiar"
"fixed-one-factor","303","10","lineage-303","control","before","3","0","0","0","true","familiar"
"fixed-one-factor","303","10","lineage-303","control","before","4","0","0","0","true","familiar"
"fixed-one-factor","303","10","lineage-303","control","before","5","0","0","0","true","familiar"
"fixed-one-factor","303","10","lineage-303","control","before","6","1","1","1","true","familiar"
"fixed-one-factor","303","10","lineage-303","control","before","7","1","1","1","true","familiar"
"fixed-one-factor","303","10","lineage-303","control","afterRegrowth","0","0","0","0","true","familiar"
"fixed-one-factor","303","10","lineage-303","control","afterRegrowth","1","1","1","1","true","familiar"
"fixed-one-factor","303","10","lineage-303","control","afterRegrowth","2","1","1","1","true","familiar"
"fixed-one-factor","303","10","lineage-303","control","afterRegrowth","3","1","1","1","true","familiar"
"fixed-one-factor","303","10","lineage-303","control","afterRegrowth","4","0","0","0","true","familiar"
"fixed-one-factor","303","10","lineage-303","control","afterRegrowth","5","0","0","0","true","familiar"
"fixed-one-factor","303","10","lineage-303","control","afterRegrowth","6","1","1","1","true","familiar"
"fixed-one-factor","303","10","lineage-303","control","afterRegrowth","7","1","1","1","true","familiar"
"fixed-one-factor","303","10","lineage-303","control","transfer","0","0","1","0","false","custom"
"fixed-one-factor","303","10","lineage-303","control","transfer","1","1","0","1","false","custom"
"fixed-one-factor","303","10","lineage-303","control","transfer","2","1","0","1","false","custom"
"fixed-one-factor","303","10","lineage-303","control","transfer","3","0","1","0","false","custom"
"fixed-one-factor","303","10","lineage-303","control","transfer","4","1","0","1","false","custom"
"fixed-one-factor","303","10","lineage-303","control","transfer","5","1","0","1","false","custom"
"fixed-one-factor","303","10","lineage-303","control","transfer","6","1","0","1","false","custom"
"fixed-one-factor","303","10","lineage-303","control","transfer","7","0","1","0","false","custom"
"fixed-one-factor","303","10","lineage-303","treatment","before","0","0","0","0","true","familiar"
"fixed-one-factor","303","10","lineage-303","treatment","before","1","1","1","1","true","familiar"
"fixed-one-factor","303","10","lineage-303","treatment","before","2","0","0","0","true","familiar"
"fixed-one-factor","303","10","lineage-303","treatment","before","3","0","0","0","true","familiar"
"fixed-one-factor","303","10","lineage-303","treatment","before","4","0","0","0","true","familiar"
"fixed-one-factor","303","10","lineage-303","treatment","before","5","0","0","0","true","familiar"
"fixed-one-factor","303","10","lineage-303","treatment","before","6","1","1","1","true","familiar"
"fixed-one-factor","303","10","lineage-303","treatment","before","7","1","1","1","true","familiar"
"fixed-one-factor","303","10","lineage-303","treatment","afterRegrowth","0","0","0","0","true","familiar"
"fixed-one-factor","303","10","lineage-303","treatment","afterRegrowth","1","1","1","1","true","familiar"
"fixed-one-factor","303","10","lineage-303","treatment","afterRegrowth","2","1","1","1","true","familiar"
"fixed-one-factor","303","10","lineage-303","treatment","afterRegrowth","3","1","1","1","true","familiar"
"fixed-one-factor","303","10","lineage-303","treatment","afterRegrowth","4","0","0","0","true","familiar"
"fixed-one-factor","303","10","lineage-303","treatment","afterRegrowth","5","0","0","0","true","familiar"
"fixed-one-factor","303","10","lineage-303","treatment","afterRegrowth","6","1","1","1","true","familiar"
"fixed-one-factor","303","10","lineage-303","treatment","afterRegrowth","7","1","1","1","true","familiar"
"fixed-one-factor","303","10","lineage-303","treatment","transfer","0","0","1","0","false","custom"
"fixed-one-factor","303","10","lineage-303","treatment","transfer","1","1","0","1","false","custom"
"fixed-one-factor","303","10","lineage-303","treatment","transfer","2","1","0","1","false","custom"
"fixed-one-factor","303","10","lineage-303","treatment","transfer","3","0","1","0","false","custom"
"fixed-one-factor","303","10","lineage-303","treatment","transfer","4","1","0","1","false","custom"
"fixed-one-factor","303","10","lineage-303","treatment","transfer","5","1","0","1","false","custom"
"fixed-one-factor","303","10","lineage-303","treatment","transfer","6","1","0","1","false","custom"
"fixed-one-factor","303","10","lineage-303","treatment","transfer","7","0","1","0","false","custom"
"fixed-one-factor","303","11","lineage-303","control","before","0","0","0","0","true","familiar"
"fixed-one-factor","303","11","lineage-303","control","before","1","1","1","1","true","familiar"
"fixed-one-factor","303","11","lineage-303","control","before","2","0","0","0","true","familiar"
"fixed-one-factor","303","11","lineage-303","control","before","3","0","0","0","true","familiar"
"fixed-one-factor","303","11","lineage-303","control","before","4","0","0","0","true","familiar"
"fixed-one-factor","303","11","lineage-303","control","before","5","0","0","0","true","familiar"
"fixed-one-factor","303","11","lineage-303","control","before","6","1","1","1","true","familiar"
"fixed-one-factor","303","11","lineage-303","control","before","7","1","1","1","true","familiar"
"fixed-one-factor","303","11","lineage-303","control","afterRegrowth","0","0","0","0","true","familiar"
"fixed-one-factor","303","11","lineage-303","control","afterRegrowth","1","1","1","1","true","familiar"
"fixed-one-factor","303","11","lineage-303","control","afterRegrowth","2","1","1","1","true","familiar"
"fixed-one-factor","303","11","lineage-303","control","afterRegrowth","3","1","1","1","true","familiar"
"fixed-one-factor","303","11","lineage-303","control","afterRegrowth","4","0","0","0","true","familiar"
"fixed-one-factor","303","11","lineage-303","control","afterRegrowth","5","0","0","0","true","familiar"
"fixed-one-factor","303","11","lineage-303","control","afterRegrowth","6","1","1","1","true","familiar"
"fixed-one-factor","303","11","lineage-303","control","afterRegrowth","7","1","1","1","true","familiar"
"fixed-one-factor","303","11","lineage-303","control","transfer","0","0","1","0","false","custom"
"fixed-one-factor","303","11","lineage-303","control","transfer","1","1","0","1","false","custom"
"fixed-one-factor","303","11","lineage-303","control","transfer","2","1","0","1","false","custom"
"fixed-one-factor","303","11","lineage-303","control","transfer","3","0","1","0","false","custom"
"fixed-one-factor","303","11","lineage-303","control","transfer","4","1","0","1","false","custom"
"fixed-one-factor","303","11","lineage-303","control","transfer","5","1","0","1","false","custom"
"fixed-one-factor","303","11","lineage-303","control","transfer","6","1","0","1","false","custom"
"fixed-one-factor","303","11","lineage-303","control","transfer","7","0","1","0","false","custom"
"fixed-one-factor","303","11","lineage-303","treatment","before","0","0","0","0","true","familiar"
"fixed-one-factor","303","11","lineage-303","treatment","before","1","1","1","1","true","familiar"
"fixed-one-factor","303","11","lineage-303","treatment","before","2","0","0","0","true","familiar"
"fixed-one-factor","303","11","lineage-303","treatment","before","3","0","0","0","true","familiar"
"fixed-one-factor","303","11","lineage-303","treatment","before","4","0","0","0","true","familiar"
"fixed-one-factor","303","11","lineage-303","treatment","before","5","0","0","0","true","familiar"
"fixed-one-factor","303","11","lineage-303","treatment","before","6","1","1","1","true","familiar"
"fixed-one-factor","303","11","lineage-303","treatment","before","7","1","1","1","true","familiar"
"fixed-one-factor","303","11","lineage-303","treatment","afterRegrowth","0","0","0","0","true","familiar"
"fixed-one-factor","303","11","lineage-303","treatment","afterRegrowth","1","1","1","1","true","familiar"
"fixed-one-factor","303","11","lineage-303","treatment","afterRegrowth","2","1","1","1","true","familiar"
"fixed-one-factor","303","11","lineage-303","treatment","afterRegrowth","3","1","1","1","true","familiar"
"fixed-one-factor","303","11","lineage-303","treatment","afterRegrowth","4","0","0","0","true","familiar"
"fixed-one-factor","303","11","lineage-303","treatment","afterRegrowth","5","0","0","0","true","familiar"
"fixed-one-factor","303","11","lineage-303","treatment","afterRegrowth","6","1","1","1","true","familiar"
"fixed-one-factor","303","11","lineage-303","treatment","afterRegrowth","7","1","1","1","true","familiar"
"fixed-one-factor","303","11","lineage-303","treatment","transfer","0","0","1","0","false","custom"
"fixed-one-factor","303","11","lineage-303","treatment","transfer","1","1","0","1","false","custom"
"fixed-one-factor","303","11","lineage-303","treatment","transfer","2","1","0","1","false","custom"
"fixed-one-factor","303","11","lineage-303","treatment","transfer","3","0","1","0","false","custom"
"fixed-one-factor","303","11","lineage-303","treatment","transfer","4","1","0","1","false","custom"
"fixed-one-factor","303","11","lineage-303","treatment","transfer","5","1","0","1","false","custom"
"fixed-one-factor","303","11","lineage-303","treatment","transfer","6","1","0","1","false","custom"
"fixed-one-factor","303","11","lineage-303","treatment","transfer","7","0","1","0","false","custom"
"fixed-one-factor","303","12","lineage-303","control","before","0","0","0","0","true","familiar"
"fixed-one-factor","303","12","lineage-303","control","before","1","1","1","1","true","familiar"
"fixed-one-factor","303","12","lineage-303","control","before","2","0","0","0","true","familiar"
"fixed-one-factor","303","12","lineage-303","control","before","3","0","0","0","true","familiar"
"fixed-one-factor","303","12","lineage-303","control","before","4","0","0","0","true","familiar"
"fixed-one-factor","303","12","lineage-303","control","before","5","0","0","0","true","familiar"
"fixed-one-factor","303","12","lineage-303","control","before","6","1","1","1","true","familiar"
"fixed-one-factor","303","12","lineage-303","control","before","7","1","1","1","true","familiar"
"fixed-one-factor","303","12","lineage-303","control","afterRegrowth","0","0","0","0","true","familiar"
"fixed-one-factor","303","12","lineage-303","control","afterRegrowth","1","1","1","1","true","familiar"
"fixed-one-factor","303","12","lineage-303","control","afterRegrowth","2","1","1","1","true","familiar"
"fixed-one-factor","303","12","lineage-303","control","afterRegrowth","3","1","1","1","true","familiar"
"fixed-one-factor","303","12","lineage-303","control","afterRegrowth","4","0","0","0","true","familiar"
"fixed-one-factor","303","12","lineage-303","control","afterRegrowth","5","0","0","0","true","familiar"
"fixed-one-factor","303","12","lineage-303","control","afterRegrowth","6","1","1","1","true","familiar"
"fixed-one-factor","303","12","lineage-303","control","afterRegrowth","7","1","1","1","true","familiar"
"fixed-one-factor","303","12","lineage-303","control","transfer","0","0","1","0","false","custom"
"fixed-one-factor","303","12","lineage-303","control","transfer","1","1","0","1","false","custom"
"fixed-one-factor","303","12","lineage-303","control","transfer","2","1","0","1","false","custom"
"fixed-one-factor","303","12","lineage-303","control","transfer","3","0","1","0","false","custom"
"fixed-one-factor","303","12","lineage-303","control","transfer","4","1","0","1","false","custom"
"fixed-one-factor","303","12","lineage-303","control","transfer","5","1","0","1","false","custom"
"fixed-one-factor","303","12","lineage-303","control","transfer","6","1","0","1","false","custom"
"fixed-one-factor","303","12","lineage-303","control","transfer","7","0","1","0","false","custom"
"fixed-one-factor","303","12","lineage-303","treatment","before","0","0","0","0","true","familiar"
"fixed-one-factor","303","12","lineage-303","treatment","before","1","1","1","1","true","familiar"
"fixed-one-factor","303","12","lineage-303","treatment","before","2","0","0","0","true","familiar"
"fixed-one-factor","303","12","lineage-303","treatment","before","3","0","0","0","true","familiar"
"fixed-one-factor","303","12","lineage-303","treatment","before","4","0","0","0","true","familiar"
"fixed-one-factor","303","12","lineage-303","treatment","before","5","0","0","0","true","familiar"
"fixed-one-factor","303","12","lineage-303","treatment","before","6","1","1","1","true","familiar"
"fixed-one-factor","303","12","lineage-303","treatment","before","7","1","1","1","true","familiar"
"fixed-one-factor","303","12","lineage-303","treatment","afterRegrowth","0","0","0","0","true","familiar"
"fixed-one-factor","303","12","lineage-303","treatment","afterRegrowth","1","1","1","1","true","familiar"
"fixed-one-factor","303","12","lineage-303","treatment","afterRegrowth","2","1","1","1","true","familiar"
"fixed-one-factor","303","12","lineage-303","treatment","afterRegrowth","3","1","1","1","true","familiar"
"fixed-one-factor","303","12","lineage-303","treatment","afterRegrowth","4","0","0","0","true","familiar"
"fixed-one-factor","303","12","lineage-303","treatment","afterRegrowth","5","0","0","0","true","familiar"
"fixed-one-factor","303","12","lineage-303","treatment","afterRegrowth","6","1","1","1","true","familiar"
"fixed-one-factor","303","12","lineage-303","treatment","afterRegrowth","7","1","1","1","true","familiar"
"fixed-one-factor","303","12","lineage-303","treatment","transfer","0","0","1","0","false","custom"
"fixed-one-factor","303","12","lineage-303","treatment","transfer","1","1","0","1","false","custom"
"fixed-one-factor","303","12","lineage-303","treatment","transfer","2","1","0","1","false","custom"
"fixed-one-factor","303","12","lineage-303","treatment","transfer","3","0","1","0","false","custom"
"fixed-one-factor","303","12","lineage-303","treatment","transfer","4","1","0","1","false","custom"
"fixed-one-factor","303","12","lineage-303","treatment","transfer","5","1","0","1","false","custom"
"fixed-one-factor","303","12","lineage-303","treatment","transfer","6","1","0","1","false","custom"
"fixed-one-factor","303","12","lineage-303","treatment","transfer","7","0","1","0","false","custom"
"fixed-one-factor","303","13","lineage-303","control","before","0","0","0","0","true","familiar"
"fixed-one-factor","303","13","lineage-303","control","before","1","1","1","1","true","familiar"
"fixed-one-factor","303","13","lineage-303","control","before","2","0","0","0","true","familiar"
"fixed-one-factor","303","13","lineage-303","control","before","3","0","0","0","true","familiar"
"fixed-one-factor","303","13","lineage-303","control","before","4","0","0","0","true","familiar"
"fixed-one-factor","303","13","lineage-303","control","before","5","0","0","0","true","familiar"
"fixed-one-factor","303","13","lineage-303","control","before","6","1","1","1","true","familiar"
"fixed-one-factor","303","13","lineage-303","control","before","7","1","1","1","true","familiar"
"fixed-one-factor","303","13","lineage-303","control","afterRegrowth","0","0","0","0","true","familiar"
"fixed-one-factor","303","13","lineage-303","control","afterRegrowth","1","1","1","1","true","familiar"
"fixed-one-factor","303","13","lineage-303","control","afterRegrowth","2","1","1","1","true","familiar"
"fixed-one-factor","303","13","lineage-303","control","afterRegrowth","3","1","1","1","true","familiar"
"fixed-one-factor","303","13","lineage-303","control","afterRegrowth","4","0","0","0","true","familiar"
"fixed-one-factor","303","13","lineage-303","control","afterRegrowth","5","0","0","0","true","familiar"
"fixed-one-factor","303","13","lineage-303","control","afterRegrowth","6","1","1","1","true","familiar"
"fixed-one-factor","303","13","lineage-303","control","afterRegrowth","7","1","1","1","true","familiar"
"fixed-one-factor","303","13","lineage-303","control","transfer","0","0","1","0","false","custom"
"fixed-one-factor","303","13","lineage-303","control","transfer","1","1","0","1","false","custom"
"fixed-one-factor","303","13","lineage-303","control","transfer","2","1","0","1","false","custom"
"fixed-one-factor","303","13","lineage-303","control","transfer","3","0","1","0","false","custom"
"fixed-one-factor","303","13","lineage-303","control","transfer","4","1","0","1","false","custom"
"fixed-one-factor","303","13","lineage-303","control","transfer","5","1","0","1","false","custom"
"fixed-one-factor","303","13","lineage-303","control","transfer","6","1","0","1","false","custom"
"fixed-one-factor","303","13","lineage-303","control","transfer","7","0","1","0","false","custom"
"fixed-one-factor","303","13","lineage-303","treatment","before","0","0","0","0","true","familiar"
"fixed-one-factor","303","13","lineage-303","treatment","before","1","1","1","1","true","familiar"
"fixed-one-factor","303","13","lineage-303","treatment","before","2","0","0","0","true","familiar"
"fixed-one-factor","303","13","lineage-303","treatment","before","3","0","0","0","true","familiar"
"fixed-one-factor","303","13","lineage-303","treatment","before","4","0","0","0","true","familiar"
"fixed-one-factor","303","13","lineage-303","treatment","before","5","0","0","0","true","familiar"
"fixed-one-factor","303","13","lineage-303","treatment","before","6","1","1","1","true","familiar"
"fixed-one-factor","303","13","lineage-303","treatment","before","7","1","1","1","true","familiar"
"fixed-one-factor","303","13","lineage-303","treatment","afterRegrowth","0","0","0","0","true","familiar"
"fixed-one-factor","303","13","lineage-303","treatment","afterRegrowth","1","1","1","1","true","familiar"
"fixed-one-factor","303","13","lineage-303","treatment","afterRegrowth","2","1","1","1","true","familiar"
"fixed-one-factor","303","13","lineage-303","treatment","afterRegrowth","3","1","1","1","true","familiar"
"fixed-one-factor","303","13","lineage-303","treatment","afterRegrowth","4","0","0","0","true","familiar"
"fixed-one-factor","303","13","lineage-303","treatment","afterRegrowth","5","0","0","0","true","familiar"
"fixed-one-factor","303","13","lineage-303","treatment","afterRegrowth","6","1","1","1","true","familiar"
"fixed-one-factor","303","13","lineage-303","treatment","afterRegrowth","7","1","1","1","true","familiar"
"fixed-one-factor","303","13","lineage-303","treatment","transfer","0","0","1","0","false","custom"
"fixed-one-factor","303","13","lineage-303","treatment","transfer","1","1","0","1","false","custom"
"fixed-one-factor","303","13","lineage-303","treatment","transfer","2","1","0","1","false","custom"
"fixed-one-factor","303","13","lineage-303","treatment","transfer","3","0","1","0","false","custom"
"fixed-one-factor","303","13","lineage-303","treatment","transfer","4","1","0","1","false","custom"
"fixed-one-factor","303","13","lineage-303","treatment","transfer","5","1","0","1","false","custom"
"fixed-one-factor","303","13","lineage-303","treatment","transfer","6","1","0","1","false","custom"
"fixed-one-factor","303","13","lineage-303","treatment","transfer","7","0","1","0","false","custom"
"fixed-one-factor","303","14","lineage-303","control","before","0","0","0","0","true","familiar"
"fixed-one-factor","303","14","lineage-303","control","before","1","1","1","1","true","familiar"
"fixed-one-factor","303","14","lineage-303","control","before","2","0","0","0","true","familiar"
"fixed-one-factor","303","14","lineage-303","control","before","3","0","0","0","true","familiar"
"fixed-one-factor","303","14","lineage-303","control","before","4","0","0","0","true","familiar"
"fixed-one-factor","303","14","lineage-303","control","before","5","0","0","0","true","familiar"
"fixed-one-factor","303","14","lineage-303","control","before","6","1","1","1","true","familiar"
"fixed-one-factor","303","14","lineage-303","control","before","7","1","1","1","true","familiar"
"fixed-one-factor","303","14","lineage-303","control","afterRegrowth","0","0","0","0","true","familiar"
"fixed-one-factor","303","14","lineage-303","control","afterRegrowth","1","1","1","1","true","familiar"
"fixed-one-factor","303","14","lineage-303","control","afterRegrowth","2","1","1","1","true","familiar"
"fixed-one-factor","303","14","lineage-303","control","afterRegrowth","3","1","1","1","true","familiar"
"fixed-one-factor","303","14","lineage-303","control","afterRegrowth","4","0","0","0","true","familiar"
"fixed-one-factor","303","14","lineage-303","control","afterRegrowth","5","0","0","0","true","familiar"
"fixed-one-factor","303","14","lineage-303","control","afterRegrowth","6","1","1","1","true","familiar"
"fixed-one-factor","303","14","lineage-303","control","afterRegrowth","7","1","1","1","true","familiar"
"fixed-one-factor","303","14","lineage-303","control","transfer","0","0","1","0","false","custom"
"fixed-one-factor","303","14","lineage-303","control","transfer","1","1","0","1","false","custom"
"fixed-one-factor","303","14","lineage-303","control","transfer","2","1","0","1","false","custom"
"fixed-one-factor","303","14","lineage-303","control","transfer","3","0","1","0","false","custom"
"fixed-one-factor","303","14","lineage-303","control","transfer","4","1","0","1","false","custom"
"fixed-one-factor","303","14","lineage-303","control","transfer","5","1","0","1","false","custom"
"fixed-one-factor","303","14","lineage-303","control","transfer","6","1","0","1","false","custom"
"fixed-one-factor","303","14","lineage-303","control","transfer","7","0","1","0","false","custom"
"fixed-one-factor","303","14","lineage-303","treatment","before","0","0","0","0","true","familiar"
"fixed-one-factor","303","14","lineage-303","treatment","before","1","1","1","1","true","familiar"
"fixed-one-factor","303","14","lineage-303","treatment","before","2","0","0","0","true","familiar"
"fixed-one-factor","303","14","lineage-303","treatment","before","3","0","0","0","true","familiar"
"fixed-one-factor","303","14","lineage-303","treatment","before","4","0","0","0","true","familiar"
"fixed-one-factor","303","14","lineage-303","treatment","before","5","0","0","0","true","familiar"
"fixed-one-factor","303","14","lineage-303","treatment","before","6","1","1","1","true","familiar"
"fixed-one-factor","303","14","lineage-303","treatment","before","7","1","1","1","true","familiar"
"fixed-one-factor","303","14","lineage-303","treatment","afterRegrowth","0","0","0","0","true","familiar"
"fixed-one-factor","303","14","lineage-303","treatment","afterRegrowth","1","1","1","1","true","familiar"
"fixed-one-factor","303","14","lineage-303","treatment","afterRegrowth","2","1","1","1","true","familiar"
"fixed-one-factor","303","14","lineage-303","treatment","afterRegrowth","3","1","1","1","true","familiar"
"fixed-one-factor","303","14","lineage-303","treatment","afterRegrowth","4","0","0","0","true","familiar"
"fixed-one-factor","303","14","lineage-303","treatment","afterRegrowth","5","0","0","0","true","familiar"
"fixed-one-factor","303","14","lineage-303","treatment","afterRegrowth","6","1","1","1","true","familiar"
"fixed-one-factor","303","14","lineage-303","treatment","afterRegrowth","7","1","1","1","true","familiar"
"fixed-one-factor","303","14","lineage-303","treatment","transfer","0","0","1","0","false","custom"
"fixed-one-factor","303","14","lineage-303","treatment","transfer","1","1","0","1","false","custom"
"fixed-one-factor","303","14","lineage-303","treatment","transfer","2","1","0","1","false","custom"
"fixed-one-factor","303","14","lineage-303","treatment","transfer","3","0","1","0","false","custom"
"fixed-one-factor","303","14","lineage-303","treatment","transfer","4","1","0","1","false","custom"
"fixed-one-factor","303","14","lineage-303","treatment","transfer","5","1","0","1","false","custom"
"fixed-one-factor","303","14","lineage-303","treatment","transfer","6","1","0","1","false","custom"
"fixed-one-factor","303","14","lineage-303","treatment","transfer","7","0","1","0","false","custom"
"fixed-factorial","303","10","lineage-303","control","before","0","0","0","0","true","familiar"
"fixed-factorial","303","10","lineage-303","control","before","1","1","1","1","true","familiar"
"fixed-factorial","303","10","lineage-303","control","before","2","0","0","0","true","familiar"
"fixed-factorial","303","10","lineage-303","control","before","3","0","0","0","true","familiar"
"fixed-factorial","303","10","lineage-303","control","before","4","0","0","0","true","familiar"
"fixed-factorial","303","10","lineage-303","control","before","5","0","0","0","true","familiar"
"fixed-factorial","303","10","lineage-303","control","before","6","1","1","1","true","familiar"
"fixed-factorial","303","10","lineage-303","control","before","7","1","1","1","true","familiar"
"fixed-factorial","303","10","lineage-303","control","afterRegrowth","0","0","0","0","true","familiar"
"fixed-factorial","303","10","lineage-303","control","afterRegrowth","1","1","1","1","true","familiar"
"fixed-factorial","303","10","lineage-303","control","afterRegrowth","2","1","1","1","true","familiar"
"fixed-factorial","303","10","lineage-303","control","afterRegrowth","3","1","1","1","true","familiar"
"fixed-factorial","303","10","lineage-303","control","afterRegrowth","4","0","0","0","true","familiar"
"fixed-factorial","303","10","lineage-303","control","afterRegrowth","5","0","0","0","true","familiar"
"fixed-factorial","303","10","lineage-303","control","afterRegrowth","6","1","1","1","true","familiar"
"fixed-factorial","303","10","lineage-303","control","afterRegrowth","7","1","1","1","true","familiar"
"fixed-factorial","303","10","lineage-303","control","transfer","0","0","1","0","false","custom"
"fixed-factorial","303","10","lineage-303","control","transfer","1","1","0","1","false","custom"
"fixed-factorial","303","10","lineage-303","control","transfer","2","1","0","1","false","custom"
"fixed-factorial","303","10","lineage-303","control","transfer","3","0","1","0","false","custom"
"fixed-factorial","303","10","lineage-303","control","transfer","4","1","0","1","false","custom"
"fixed-factorial","303","10","lineage-303","control","transfer","5","1","0","1","false","custom"
"fixed-factorial","303","10","lineage-303","control","transfer","6","1","0","1","false","custom"
"fixed-factorial","303","10","lineage-303","control","transfer","7","0","1","0","false","custom"
"fixed-factorial","303","10","lineage-303","treatment","before","0","0","0","0","true","familiar"
"fixed-factorial","303","10","lineage-303","treatment","before","1","1","1","1","true","familiar"
"fixed-factorial","303","10","lineage-303","treatment","before","2","0","0","0","true","familiar"
"fixed-factorial","303","10","lineage-303","treatment","before","3","0","0","0","true","familiar"
"fixed-factorial","303","10","lineage-303","treatment","before","4","0","0","0","true","familiar"
"fixed-factorial","303","10","lineage-303","treatment","before","5","0","0","0","true","familiar"
"fixed-factorial","303","10","lineage-303","treatment","before","6","1","1","1","true","familiar"
"fixed-factorial","303","10","lineage-303","treatment","before","7","1","1","1","true","familiar"
"fixed-factorial","303","10","lineage-303","treatment","afterRegrowth","0","0","0","0","true","familiar"
"fixed-factorial","303","10","lineage-303","treatment","afterRegrowth","1","1","1","1","true","familiar"
"fixed-factorial","303","10","lineage-303","treatment","afterRegrowth","2","1","1","1","true","familiar"
"fixed-factorial","303","10","lineage-303","treatment","afterRegrowth","3","1","1","1","true","familiar"
"fixed-factorial","303","10","lineage-303","treatment","afterRegrowth","4","0","0","0","true","familiar"
"fixed-factorial","303","10","lineage-303","treatment","afterRegrowth","5","0","0","0","true","familiar"
"fixed-factorial","303","10","lineage-303","treatment","afterRegrowth","6","1","1","1","true","familiar"
"fixed-factorial","303","10","lineage-303","treatment","afterRegrowth","7","1","1","1","true","familiar"
"fixed-factorial","303","10","lineage-303","treatment","transfer","0","0","1","0","false","custom"
"fixed-factorial","303","10","lineage-303","treatment","transfer","1","1","0","1","false","custom"
"fixed-factorial","303","10","lineage-303","treatment","transfer","2","1","0","1","false","custom"
"fixed-factorial","303","10","lineage-303","treatment","transfer","3","0","1","0","false","custom"
"fixed-factorial","303","10","lineage-303","treatment","transfer","4","1","0","1","false","custom"
"fixed-factorial","303","10","lineage-303","treatment","transfer","5","1","0","1","false","custom"
"fixed-factorial","303","10","lineage-303","treatment","transfer","6","1","0","1","false","custom"
"fixed-factorial","303","10","lineage-303","treatment","transfer","7","0","1","0","false","custom"
"fixed-factorial","303","11","lineage-303","control","before","0","0","0","0","true","familiar"
"fixed-factorial","303","11","lineage-303","control","before","1","1","1","1","true","familiar"
"fixed-factorial","303","11","lineage-303","control","before","2","0","0","0","true","familiar"
"fixed-factorial","303","11","lineage-303","control","before","3","0","0","0","true","familiar"
"fixed-factorial","303","11","lineage-303","control","before","4","0","0","0","true","familiar"
"fixed-factorial","303","11","lineage-303","control","before","5","0","0","0","true","familiar"
"fixed-factorial","303","11","lineage-303","control","before","6","1","1","1","true","familiar"
"fixed-factorial","303","11","lineage-303","control","before","7","1","1","1","true","familiar"
"fixed-factorial","303","11","lineage-303","control","afterRegrowth","0","0","0","0","true","familiar"
"fixed-factorial","303","11","lineage-303","control","afterRegrowth","1","1","1","1","true","familiar"
"fixed-factorial","303","11","lineage-303","control","afterRegrowth","2","1","1","1","true","familiar"
"fixed-factorial","303","11","lineage-303","control","afterRegrowth","3","1","1","1","true","familiar"
"fixed-factorial","303","11","lineage-303","control","afterRegrowth","4","0","0","0","true","familiar"
"fixed-factorial","303","11","lineage-303","control","afterRegrowth","5","0","0","0","true","familiar"
"fixed-factorial","303","11","lineage-303","control","afterRegrowth","6","1","1","1","true","familiar"
"fixed-factorial","303","11","lineage-303","control","afterRegrowth","7","1","1","1","true","familiar"
"fixed-factorial","303","11","lineage-303","control","transfer","0","0","1","0","false","custom"
"fixed-factorial","303","11","lineage-303","control","transfer","1","1","0","1","false","custom"
"fixed-factorial","303","11","lineage-303","control","transfer","2","1","0","1","false","custom"
"fixed-factorial","303","11","lineage-303","control","transfer","3","0","1","0","false","custom"
"fixed-factorial","303","11","lineage-303","control","transfer","4","1","0","1","false","custom"
"fixed-factorial","303","11","lineage-303","control","transfer","5","1","0","1","false","custom"
"fixed-factorial","303","11","lineage-303","control","transfer","6","1","0","1","false","custom"
"fixed-factorial","303","11","lineage-303","control","transfer","7","0","1","0","false","custom"
"fixed-factorial","303","11","lineage-303","treatment","before","0","0","0","0","true","familiar"
"fixed-factorial","303","11","lineage-303","treatment","before","1","1","1","1","true","familiar"
"fixed-factorial","303","11","lineage-303","treatment","before","2","0","0","0","true","familiar"
"fixed-factorial","303","11","lineage-303","treatment","before","3","0","0","0","true","familiar"
"fixed-factorial","303","11","lineage-303","treatment","before","4","0","0","0","true","familiar"
"fixed-factorial","303","11","lineage-303","treatment","before","5","0","0","0","true","familiar"
"fixed-factorial","303","11","lineage-303","treatment","before","6","1","1","1","true","familiar"
"fixed-factorial","303","11","lineage-303","treatment","before","7","1","1","1","true","familiar"
"fixed-factorial","303","11","lineage-303","treatment","afterRegrowth","0","0","0","0","true","familiar"
"fixed-factorial","303","11","lineage-303","treatment","afterRegrowth","1","1","1","1","true","familiar"
"fixed-factorial","303","11","lineage-303","treatment","afterRegrowth","2","1","1","1","true","familiar"
"fixed-factorial","303","11","lineage-303","treatment","afterRegrowth","3","1","1","1","true","familiar"
"fixed-factorial","303","11","lineage-303","treatment","afterRegrowth","4","0","0","0","true","familiar"
"fixed-factorial","303","11","lineage-303","treatment","afterRegrowth","5","0","0","0","true","familiar"
"fixed-factorial","303","11","lineage-303","treatment","afterRegrowth","6","1","1","1","true","familiar"
"fixed-factorial","303","11","lineage-303","treatment","afterRegrowth","7","1","1","1","true","familiar"
"fixed-factorial","303","11","lineage-303","treatment","transfer","0","0","1","0","false","custom"
"fixed-factorial","303","11","lineage-303","treatment","transfer","1","1","0","1","false","custom"
"fixed-factorial","303","11","lineage-303","treatment","transfer","2","1","0","1","false","custom"
"fixed-factorial","303","11","lineage-303","treatment","transfer","3","0","1","0","false","custom"
"fixed-factorial","303","11","lineage-303","treatment","transfer","4","1","0","1","false","custom"
"fixed-factorial","303","11","lineage-303","treatment","transfer","5","1","0","1","false","custom"
"fixed-factorial","303","11","lineage-303","treatment","transfer","6","1","0","1","false","custom"
"fixed-factorial","303","11","lineage-303","treatment","transfer","7","0","1","0","false","custom"
"fixed-factorial","303","12","lineage-303","control","before","0","0","0","0","true","familiar"
"fixed-factorial","303","12","lineage-303","control","before","1","1","1","1","true","familiar"
"fixed-factorial","303","12","lineage-303","control","before","2","0","0","0","true","familiar"
"fixed-factorial","303","12","lineage-303","control","before","3","0","0","0","true","familiar"
"fixed-factorial","303","12","lineage-303","control","before","4","0","0","0","true","familiar"
"fixed-factorial","303","12","lineage-303","control","before","5","0","0","0","true","familiar"
"fixed-factorial","303","12","lineage-303","control","before","6","1","1","1","true","familiar"
"fixed-factorial","303","12","lineage-303","control","before","7","1","1","1","true","familiar"
"fixed-factorial","303","12","lineage-303","control","afterRegrowth","0","0","0","0","true","familiar"
"fixed-factorial","303","12","lineage-303","control","afterRegrowth","1","1","1","1","true","familiar"
"fixed-factorial","303","12","lineage-303","control","afterRegrowth","2","1","1","1","true","familiar"
"fixed-factorial","303","12","lineage-303","control","afterRegrowth","3","1","1","1","true","familiar"
"fixed-factorial","303","12","lineage-303","control","afterRegrowth","4","0","0","0","true","familiar"
"fixed-factorial","303","12","lineage-303","control","afterRegrowth","5","0","0","0","true","familiar"
"fixed-factorial","303","12","lineage-303","control","afterRegrowth","6","1","1","1","true","familiar"
"fixed-factorial","303","12","lineage-303","control","afterRegrowth","7","1","1","1","true","familiar"
"fixed-factorial","303","12","lineage-303","control","transfer","0","0","1","0","false","custom"
"fixed-factorial","303","12","lineage-303","control","transfer","1","1","0","1","false","custom"
"fixed-factorial","303","12","lineage-303","control","transfer","2","1","0","1","false","custom"
"fixed-factorial","303","12","lineage-303","control","transfer","3","0","1","0","false","custom"
"fixed-factorial","303","12","lineage-303","control","transfer","4","1","0","1","false","custom"
"fixed-factorial","303","12","lineage-303","control","transfer","5","1","0","1","false","custom"
"fixed-factorial","303","12","lineage-303","control","transfer","6","1","0","1","false","custom"
"fixed-factorial","303","12","lineage-303","control","transfer","7","0","1","0","false","custom"
"fixed-factorial","303","12","lineage-303","treatment","before","0","0","0","0","true","familiar"
"fixed-factorial","303","12","lineage-303","treatment","before","1","1","1","1","true","familiar"
"fixed-factorial","303","12","lineage-303","treatment","before","2","0","0","0","true","familiar"
"fixed-factorial","303","12","lineage-303","treatment","before","3","0","0","0","true","familiar"
"fixed-factorial","303","12","lineage-303","treatment","before","4","0","0","0","true","familiar"
"fixed-factorial","303","12","lineage-303","treatment","before","5","0","0","0","true","familiar"
"fixed-factorial","303","12","lineage-303","treatment","before","6","1","1","1","true","familiar"
"fixed-factorial","303","12","lineage-303","treatment","before","7","1","1","1","true","familiar"
"fixed-factorial","303","12","lineage-303","treatment","afterRegrowth","0","0","0","0","true","familiar"
"fixed-factorial","303","12","lineage-303","treatment","afterRegrowth","1","1","1","1","true","familiar"
"fixed-factorial","303","12","lineage-303","treatment","afterRegrowth","2","1","1","1","true","familiar"
"fixed-factorial","303","12","lineage-303","treatment","afterRegrowth","3","1","1","1","true","familiar"
"fixed-factorial","303","12","lineage-303","treatment","afterRegrowth","4","0","0","0","true","familiar"
"fixed-factorial","303","12","lineage-303","treatment","afterRegrowth","5","0","0","0","true","familiar"
"fixed-factorial","303","12","lineage-303","treatment","afterRegrowth","6","1","1","1","true","familiar"
"fixed-factorial","303","12","lineage-303","treatment","afterRegrowth","7","1","1","1","true","familiar"
"fixed-factorial","303","12","lineage-303","treatment","transfer","0","0","1","0","false","custom"
"fixed-factorial","303","12","lineage-303","treatment","transfer","1","1","0","1","false","custom"
"fixed-factorial","303","12","lineage-303","treatment","transfer","2","1","0","1","false","custom"
"fixed-factorial","303","12","lineage-303","treatment","transfer","3","0","1","0","false","custom"
"fixed-factorial","303","12","lineage-303","treatment","transfer","4","1","0","1","false","custom"
"fixed-factorial","303","12","lineage-303","treatment","transfer","5","1","0","1","false","custom"
"fixed-factorial","303","12","lineage-303","treatment","transfer","6","1","0","1","false","custom"
"fixed-factorial","303","12","lineage-303","treatment","transfer","7","0","1","0","false","custom"
"fixed-factorial","303","13","lineage-303","control","before","0","0","0","0","true","familiar"
"fixed-factorial","303","13","lineage-303","control","before","1","1","1","1","true","familiar"
"fixed-factorial","303","13","lineage-303","control","before","2","0","0","0","true","familiar"
"fixed-factorial","303","13","lineage-303","control","before","3","0","0","0","true","familiar"
"fixed-factorial","303","13","lineage-303","control","before","4","0","0","0","true","familiar"
"fixed-factorial","303","13","lineage-303","control","before","5","0","0","0","true","familiar"
"fixed-factorial","303","13","lineage-303","control","before","6","1","1","1","true","familiar"
"fixed-factorial","303","13","lineage-303","control","before","7","1","1","1","true","familiar"
"fixed-factorial","303","13","lineage-303","control","afterRegrowth","0","0","0","0","true","familiar"
"fixed-factorial","303","13","lineage-303","control","afterRegrowth","1","1","1","1","true","familiar"
"fixed-factorial","303","13","lineage-303","control","afterRegrowth","2","1","1","1","true","familiar"
"fixed-factorial","303","13","lineage-303","control","afterRegrowth","3","1","1","1","true","familiar"
"fixed-factorial","303","13","lineage-303","control","afterRegrowth","4","0","0","0","true","familiar"
"fixed-factorial","303","13","lineage-303","control","afterRegrowth","5","0","0","0","true","familiar"
"fixed-factorial","303","13","lineage-303","control","afterRegrowth","6","1","1","1","true","familiar"
"fixed-factorial","303","13","lineage-303","control","afterRegrowth","7","1","1","1","true","familiar"
"fixed-factorial","303","13","lineage-303","control","transfer","0","0","1","0","false","custom"
"fixed-factorial","303","13","lineage-303","control","transfer","1","1","0","1","false","custom"
"fixed-factorial","303","13","lineage-303","control","transfer","2","1","0","1","false","custom"
"fixed-factorial","303","13","lineage-303","control","transfer","3","0","1","0","false","custom"
"fixed-factorial","303","13","lineage-303","control","transfer","4","1","0","1","false","custom"
"fixed-factorial","303","13","lineage-303","control","transfer","5","1","0","1","false","custom"
"fixed-factorial","303","13","lineage-303","control","transfer","6","1","0","1","false","custom"
"fixed-factorial","303","13","lineage-303","control","transfer","7","0","1","0","false","custom"
"fixed-factorial","303","13","lineage-303","treatment","before","0","0","0","0","true","familiar"
"fixed-factorial","303","13","lineage-303","treatment","before","1","1","1","1","true","familiar"
"fixed-factorial","303","13","lineage-303","treatment","before","2","0","0","0","true","familiar"
"fixed-factorial","303","13","lineage-303","treatment","before","3","0","0","0","true","familiar"
"fixed-factorial","303","13","lineage-303","treatment","before","4","0","0","0","true","familiar"
"fixed-factorial","303","13","lineage-303","treatment","before","5","0","0","0","true","familiar"
"fixed-factorial","303","13","lineage-303","treatment","before","6","1","1","1","true","familiar"
"fixed-factorial","303","13","lineage-303","treatment","before","7","1","1","1","true","familiar"
"fixed-factorial","303","13","lineage-303","treatment","afterRegrowth","0","0","0","0","true","familiar"
"fixed-factorial","303","13","lineage-303","treatment","afterRegrowth","1","1","1","1","true","familiar"
"fixed-factorial","303","13","lineage-303","treatment","afterRegrowth","2","1","1","1","true","familiar"
"fixed-factorial","303","13","lineage-303","treatment","afterRegrowth","3","1","1","1","true","familiar"
"fixed-factorial","303","13","lineage-303","treatment","afterRegrowth","4","0","0","0","true","familiar"
"fixed-factorial","303","13","lineage-303","treatment","afterRegrowth","5","0","0","0","true","familiar"
"fixed-factorial","303","13","lineage-303","treatment","afterRegrowth","6","1","1","1","true","familiar"
"fixed-factorial","303","13","lineage-303","treatment","afterRegrowth","7","1","1","1","true","familiar"
"fixed-factorial","303","13","lineage-303","treatment","transfer","0","0","1","0","false","custom"
"fixed-factorial","303","13","lineage-303","treatment","transfer","1","1","0","1","false","custom"
"fixed-factorial","303","13","lineage-303","treatment","transfer","2","1","0","1","false","custom"
"fixed-factorial","303","13","lineage-303","treatment","transfer","3","0","1","0","false","custom"
"fixed-factorial","303","13","lineage-303","treatment","transfer","4","1","0","1","false","custom"
"fixed-factorial","303","13","lineage-303","treatment","transfer","5","1","0","1","false","custom"
"fixed-factorial","303","13","lineage-303","treatment","transfer","6","1","0","1","false","custom"
"fixed-factorial","303","13","lineage-303","treatment","transfer","7","0","1","0","false","custom"
"fixed-factorial","303","14","lineage-303","control","before","0","0","0","0","true","familiar"
"fixed-factorial","303","14","lineage-303","control","before","1","1","1","1","true","familiar"
"fixed-factorial","303","14","lineage-303","control","before","2","0","0","0","true","familiar"
"fixed-factorial","303","14","lineage-303","control","before","3","0","0","0","true","familiar"
"fixed-factorial","303","14","lineage-303","control","before","4","0","0","0","true","familiar"
"fixed-factorial","303","14","lineage-303","control","before","5","0","0","0","true","familiar"
"fixed-factorial","303","14","lineage-303","control","before","6","1","1","1","true","familiar"
"fixed-factorial","303","14","lineage-303","control","before","7","1","1","1","true","familiar"
"fixed-factorial","303","14","lineage-303","control","afterRegrowth","0","0","0","0","true","familiar"
"fixed-factorial","303","14","lineage-303","control","afterRegrowth","1","1","1","1","true","familiar"
"fixed-factorial","303","14","lineage-303","control","afterRegrowth","2","1","1","1","true","familiar"
"fixed-factorial","303","14","lineage-303","control","afterRegrowth","3","1","1","1","true","familiar"
"fixed-factorial","303","14","lineage-303","control","afterRegrowth","4","0","0","0","true","familiar"
"fixed-factorial","303","14","lineage-303","control","afterRegrowth","5","0","0","0","true","familiar"
"fixed-factorial","303","14","lineage-303","control","afterRegrowth","6","1","1","1","true","familiar"
"fixed-factorial","303","14","lineage-303","control","afterRegrowth","7","1","1","1","true","familiar"
"fixed-factorial","303","14","lineage-303","control","transfer","0","0","1","0","false","custom"
"fixed-factorial","303","14","lineage-303","control","transfer","1","1","0","1","false","custom"
"fixed-factorial","303","14","lineage-303","control","transfer","2","1","0","1","false","custom"
"fixed-factorial","303","14","lineage-303","control","transfer","3","0","1","0","false","custom"
"fixed-factorial","303","14","lineage-303","control","transfer","4","1","0","1","false","custom"
"fixed-factorial","303","14","lineage-303","control","transfer","5","1","0","1","false","custom"
"fixed-factorial","303","14","lineage-303","control","transfer","6","1","0","1","false","custom"
"fixed-factorial","303","14","lineage-303","control","transfer","7","0","1","0","false","custom"
"fixed-factorial","303","14","lineage-303","treatment","before","0","0","0","0","true","familiar"
"fixed-factorial","303","14","lineage-303","treatment","before","1","1","1","1","true","familiar"
"fixed-factorial","303","14","lineage-303","treatment","before","2","0","0","0","true","familiar"
"fixed-factorial","303","14","lineage-303","treatment","before","3","0","0","0","true","familiar"
"fixed-factorial","303","14","lineage-303","treatment","before","4","0","0","0","true","familiar"
"fixed-factorial","303","14","lineage-303","treatment","before","5","0","0","0","true","familiar"
"fixed-factorial","303","14","lineage-303","treatment","before","6","1","1","1","true","familiar"
"fixed-factorial","303","14","lineage-303","treatment","before","7","1","1","1","true","familiar"
"fixed-factorial","303","14","lineage-303","treatment","afterRegrowth","0","0","0","0","true","familiar"
"fixed-factorial","303","14","lineage-303","treatment","afterRegrowth","1","1","1","1","true","familiar"
"fixed-factorial","303","14","lineage-303","treatment","afterRegrowth","2","1","1","1","true","familiar"
"fixed-factorial","303","14","lineage-303","treatment","afterRegrowth","3","1","1","1","true","familiar"
"fixed-factorial","303","14","lineage-303","treatment","afterRegrowth","4","0","0","0","true","familiar"
"fixed-factorial","303","14","lineage-303","treatment","afterRegrowth","5","0","0","0","true","familiar"
"fixed-factorial","303","14","lineage-303","treatment","afterRegrowth","6","1","1","1","true","familiar"
"fixed-factorial","303","14","lineage-303","treatment","afterRegrowth","7","1","1","1","true","familiar"
"fixed-factorial","303","14","lineage-303","treatment","transfer","0","0","1","0","false","custom"
"fixed-factorial","303","14","lineage-303","treatment","transfer","1","1","0","1","false","custom"
"fixed-factorial","303","14","lineage-303","treatment","transfer","2","1","0","1","false","custom"
"fixed-factorial","303","14","lineage-303","treatment","transfer","3","0","1","0","false","custom"
"fixed-factorial","303","14","lineage-303","treatment","transfer","4","1","0","1","false","custom"
"fixed-factorial","303","14","lineage-303","treatment","transfer","5","1","0","1","false","custom"
"fixed-factorial","303","14","lineage-303","treatment","transfer","6","1","0","1","false","custom"
"fixed-factorial","303","14","lineage-303","treatment","transfer","7","0","1","0","false","custom"
"random-equal-budget","303","10","lineage-303","control","before","0","0","0","0","true","familiar"
"random-equal-budget","303","10","lineage-303","control","before","1","1","1","1","true","familiar"
"random-equal-budget","303","10","lineage-303","control","before","2","0","0","0","true","familiar"
"random-equal-budget","303","10","lineage-303","control","before","3","0","0","0","true","familiar"
"random-equal-budget","303","10","lineage-303","control","before","4","0","0","0","true","familiar"
"random-equal-budget","303","10","lineage-303","control","before","5","0","0","0","true","familiar"
"random-equal-budget","303","10","lineage-303","control","before","6","1","1","1","true","familiar"
"random-equal-budget","303","10","lineage-303","control","before","7","1","1","1","true","familiar"
"random-equal-budget","303","10","lineage-303","control","afterRegrowth","0","0","0","0","true","familiar"
"random-equal-budget","303","10","lineage-303","control","afterRegrowth","1","1","1","1","true","familiar"
"random-equal-budget","303","10","lineage-303","control","afterRegrowth","2","1","1","1","true","familiar"
"random-equal-budget","303","10","lineage-303","control","afterRegrowth","3","1","1","1","true","familiar"
"random-equal-budget","303","10","lineage-303","control","afterRegrowth","4","0","0","0","true","familiar"
"random-equal-budget","303","10","lineage-303","control","afterRegrowth","5","0","0","0","true","familiar"
"random-equal-budget","303","10","lineage-303","control","afterRegrowth","6","1","1","1","true","familiar"
"random-equal-budget","303","10","lineage-303","control","afterRegrowth","7","1","1","1","true","familiar"
"random-equal-budget","303","10","lineage-303","control","transfer","0","0","1","0","false","custom"
"random-equal-budget","303","10","lineage-303","control","transfer","1","1","0","1","false","custom"
"random-equal-budget","303","10","lineage-303","control","transfer","2","1","0","1","false","custom"
"random-equal-budget","303","10","lineage-303","control","transfer","3","0","1","0","false","custom"
"random-equal-budget","303","10","lineage-303","control","transfer","4","1","0","1","false","custom"
"random-equal-budget","303","10","lineage-303","control","transfer","5","1","0","1","false","custom"
"random-equal-budget","303","10","lineage-303","control","transfer","6","1","0","1","false","custom"
"random-equal-budget","303","10","lineage-303","control","transfer","7","0","1","0","false","custom"
"random-equal-budget","303","10","lineage-303","treatment","before","0","0","0","0","true","familiar"
"random-equal-budget","303","10","lineage-303","treatment","before","1","1","1","1","true","familiar"
"random-equal-budget","303","10","lineage-303","treatment","before","2","0","0","0","true","familiar"
"random-equal-budget","303","10","lineage-303","treatment","before","3","0","0","0","true","familiar"
"random-equal-budget","303","10","lineage-303","treatment","before","4","0","0","0","true","familiar"
"random-equal-budget","303","10","lineage-303","treatment","before","5","0","0","0","true","familiar"
"random-equal-budget","303","10","lineage-303","treatment","before","6","1","1","1","true","familiar"
"random-equal-budget","303","10","lineage-303","treatment","before","7","1","1","1","true","familiar"
"random-equal-budget","303","10","lineage-303","treatment","afterRegrowth","0","0","0","0","true","familiar"
"random-equal-budget","303","10","lineage-303","treatment","afterRegrowth","1","1","1","1","true","familiar"
"random-equal-budget","303","10","lineage-303","treatment","afterRegrowth","2","1","1","1","true","familiar"
"random-equal-budget","303","10","lineage-303","treatment","afterRegrowth","3","1","1","1","true","familiar"
"random-equal-budget","303","10","lineage-303","treatment","afterRegrowth","4","0","0","0","true","familiar"
"random-equal-budget","303","10","lineage-303","treatment","afterRegrowth","5","0","0","0","true","familiar"
"random-equal-budget","303","10","lineage-303","treatment","afterRegrowth","6","1","1","1","true","familiar"
"random-equal-budget","303","10","lineage-303","treatment","afterRegrowth","7","1","1","1","true","familiar"
"random-equal-budget","303","10","lineage-303","treatment","transfer","0","0","1","0","false","custom"
"random-equal-budget","303","10","lineage-303","treatment","transfer","1","1","0","1","false","custom"
"random-equal-budget","303","10","lineage-303","treatment","transfer","2","1","0","1","false","custom"
"random-equal-budget","303","10","lineage-303","treatment","transfer","3","0","1","0","false","custom"
"random-equal-budget","303","10","lineage-303","treatment","transfer","4","1","0","1","false","custom"
"random-equal-budget","303","10","lineage-303","treatment","transfer","5","1","0","1","false","custom"
"random-equal-budget","303","10","lineage-303","treatment","transfer","6","1","0","1","false","custom"
"random-equal-budget","303","10","lineage-303","treatment","transfer","7","0","1","0","false","custom"
"random-equal-budget","303","11","lineage-303","control","before","0","0","0","0","true","familiar"
"random-equal-budget","303","11","lineage-303","control","before","1","1","1","1","true","familiar"
"random-equal-budget","303","11","lineage-303","control","before","2","0","0","0","true","familiar"
"random-equal-budget","303","11","lineage-303","control","before","3","0","0","0","true","familiar"
"random-equal-budget","303","11","lineage-303","control","before","4","0","0","0","true","familiar"
"random-equal-budget","303","11","lineage-303","control","before","5","0","0","0","true","familiar"
"random-equal-budget","303","11","lineage-303","control","before","6","1","1","1","true","familiar"
"random-equal-budget","303","11","lineage-303","control","before","7","1","1","1","true","familiar"
"random-equal-budget","303","11","lineage-303","control","afterRegrowth","0","0","0","0","true","familiar"
"random-equal-budget","303","11","lineage-303","control","afterRegrowth","1","1","1","1","true","familiar"
"random-equal-budget","303","11","lineage-303","control","afterRegrowth","2","1","1","1","true","familiar"
"random-equal-budget","303","11","lineage-303","control","afterRegrowth","3","1","1","1","true","familiar"
"random-equal-budget","303","11","lineage-303","control","afterRegrowth","4","0","0","0","true","familiar"
"random-equal-budget","303","11","lineage-303","control","afterRegrowth","5","0","0","0","true","familiar"
"random-equal-budget","303","11","lineage-303","control","afterRegrowth","6","1","1","1","true","familiar"
"random-equal-budget","303","11","lineage-303","control","afterRegrowth","7","1","1","1","true","familiar"
"random-equal-budget","303","11","lineage-303","control","transfer","0","0","1","0","false","custom"
"random-equal-budget","303","11","lineage-303","control","transfer","1","1","0","1","false","custom"
"random-equal-budget","303","11","lineage-303","control","transfer","2","1","0","1","false","custom"
"random-equal-budget","303","11","lineage-303","control","transfer","3","0","1","0","false","custom"
"random-equal-budget","303","11","lineage-303","control","transfer","4","1","0","1","false","custom"
"random-equal-budget","303","11","lineage-303","control","transfer","5","1","0","1","false","custom"
"random-equal-budget","303","11","lineage-303","control","transfer","6","1","0","1","false","custom"
"random-equal-budget","303","11","lineage-303","control","transfer","7","0","1","0","false","custom"
"random-equal-budget","303","11","lineage-303","treatment","before","0","0","0","0","true","familiar"
"random-equal-budget","303","11","lineage-303","treatment","before","1","1","1","1","true","familiar"
"random-equal-budget","303","11","lineage-303","treatment","before","2","0","0","0","true","familiar"
"random-equal-budget","303","11","lineage-303","treatment","before","3","0","0","0","true","familiar"
"random-equal-budget","303","11","lineage-303","treatment","before","4","0","0","0","true","familiar"
"random-equal-budget","303","11","lineage-303","treatment","before","5","0","0","0","true","familiar"
"random-equal-budget","303","11","lineage-303","treatment","before","6","1","1","1","true","familiar"
"random-equal-budget","303","11","lineage-303","treatment","before","7","1","1","1","true","familiar"
"random-equal-budget","303","11","lineage-303","treatment","afterRegrowth","0","0","0","0","true","familiar"
"random-equal-budget","303","11","lineage-303","treatment","afterRegrowth","1","1","1","1","true","familiar"
"random-equal-budget","303","11","lineage-303","treatment","afterRegrowth","2","1","1","1","true","familiar"
"random-equal-budget","303","11","lineage-303","treatment","afterRegrowth","3","1","1","1","true","familiar"
"random-equal-budget","303","11","lineage-303","treatment","afterRegrowth","4","0","0","0","true","familiar"
"random-equal-budget","303","11","lineage-303","treatment","afterRegrowth","5","0","0","0","true","familiar"
"random-equal-budget","303","11","lineage-303","treatment","afterRegrowth","6","1","1","1","true","familiar"
"random-equal-budget","303","11","lineage-303","treatment","afterRegrowth","7","1","1","1","true","familiar"
"random-equal-budget","303","11","lineage-303","treatment","transfer","0","0","1","0","false","custom"
"random-equal-budget","303","11","lineage-303","treatment","transfer","1","1","0","1","false","custom"
"random-equal-budget","303","11","lineage-303","treatment","transfer","2","1","0","1","false","custom"
"random-equal-budget","303","11","lineage-303","treatment","transfer","3","0","1","0","false","custom"
"random-equal-budget","303","11","lineage-303","treatment","transfer","4","1","0","1","false","custom"
"random-equal-budget","303","11","lineage-303","treatment","transfer","5","1","0","1","false","custom"
"random-equal-budget","303","11","lineage-303","treatment","transfer","6","1","0","1","false","custom"
"random-equal-budget","303","11","lineage-303","treatment","transfer","7","0","1","0","false","custom"
"random-equal-budget","303","12","lineage-303","control","before","0","0","0","0","true","familiar"
"random-equal-budget","303","12","lineage-303","control","before","1","1","1","1","true","familiar"
"random-equal-budget","303","12","lineage-303","control","before","2","0","0","0","true","familiar"
"random-equal-budget","303","12","lineage-303","control","before","3","0","0","0","true","familiar"
"random-equal-budget","303","12","lineage-303","control","before","4","0","0","0","true","familiar"
"random-equal-budget","303","12","lineage-303","control","before","5","0","0","0","true","familiar"
"random-equal-budget","303","12","lineage-303","control","before","6","1","1","1","true","familiar"
"random-equal-budget","303","12","lineage-303","control","before","7","1","1","1","true","familiar"
"random-equal-budget","303","12","lineage-303","control","afterRegrowth","0","0","0","0","true","familiar"
"random-equal-budget","303","12","lineage-303","control","afterRegrowth","1","1","1","1","true","familiar"
"random-equal-budget","303","12","lineage-303","control","afterRegrowth","2","1","1","1","true","familiar"
"random-equal-budget","303","12","lineage-303","control","afterRegrowth","3","1","1","1","true","familiar"
"random-equal-budget","303","12","lineage-303","control","afterRegrowth","4","0","0","0","true","familiar"
"random-equal-budget","303","12","lineage-303","control","afterRegrowth","5","0","0","0","true","familiar"
"random-equal-budget","303","12","lineage-303","control","afterRegrowth","6","1","1","1","true","familiar"
"random-equal-budget","303","12","lineage-303","control","afterRegrowth","7","1","1","1","true","familiar"
"random-equal-budget","303","12","lineage-303","control","transfer","0","0","1","0","false","custom"
"random-equal-budget","303","12","lineage-303","control","transfer","1","1","0","1","false","custom"
"random-equal-budget","303","12","lineage-303","control","transfer","2","1","0","1","false","custom"
"random-equal-budget","303","12","lineage-303","control","transfer","3","0","1","0","false","custom"
"random-equal-budget","303","12","lineage-303","control","transfer","4","1","0","1","false","custom"
"random-equal-budget","303","12","lineage-303","control","transfer","5","1","0","1","false","custom"
"random-equal-budget","303","12","lineage-303","control","transfer","6","1","0","1","false","custom"
"random-equal-budget","303","12","lineage-303","control","transfer","7","0","1","0","false","custom"
"random-equal-budget","303","12","lineage-303","treatment","before","0","0","0","0","true","familiar"
"random-equal-budget","303","12","lineage-303","treatment","before","1","1","1","1","true","familiar"
"random-equal-budget","303","12","lineage-303","treatment","before","2","0","0","0","true","familiar"
"random-equal-budget","303","12","lineage-303","treatment","before","3","0","0","0","true","familiar"
"random-equal-budget","303","12","lineage-303","treatment","before","4","0","0","0","true","familiar"
"random-equal-budget","303","12","lineage-303","treatment","before","5","0","0","0","true","familiar"
"random-equal-budget","303","12","lineage-303","treatment","before","6","1","1","1","true","familiar"
"random-equal-budget","303","12","lineage-303","treatment","before","7","1","1","1","true","familiar"
"random-equal-budget","303","12","lineage-303","treatment","afterRegrowth","0","0","0","0","true","familiar"
"random-equal-budget","303","12","lineage-303","treatment","afterRegrowth","1","1","1","1","true","familiar"
"random-equal-budget","303","12","lineage-303","treatment","afterRegrowth","2","1","1","1","true","familiar"
"random-equal-budget","303","12","lineage-303","treatment","afterRegrowth","3","1","1","1","true","familiar"
"random-equal-budget","303","12","lineage-303","treatment","afterRegrowth","4","0","0","0","true","familiar"
"random-equal-budget","303","12","lineage-303","treatment","afterRegrowth","5","0","0","0","true","familiar"
"random-equal-budget","303","12","lineage-303","treatment","afterRegrowth","6","1","1","1","true","familiar"
"random-equal-budget","303","12","lineage-303","treatment","afterRegrowth","7","1","1","1","true","familiar"
"random-equal-budget","303","12","lineage-303","treatment","transfer","0","0","1","0","false","custom"
"random-equal-budget","303","12","lineage-303","treatment","transfer","1","1","0","1","false","custom"
"random-equal-budget","303","12","lineage-303","treatment","transfer","2","1","0","1","false","custom"
"random-equal-budget","303","12","lineage-303","treatment","transfer","3","0","1","0","false","custom"
"random-equal-budget","303","12","lineage-303","treatment","transfer","4","1","0","1","false","custom"
"random-equal-budget","303","12","lineage-303","treatment","transfer","5","1","0","1","false","custom"
"random-equal-budget","303","12","lineage-303","treatment","transfer","6","1","0","1","false","custom"
"random-equal-budget","303","12","lineage-303","treatment","transfer","7","0","1","0","false","custom"
"random-equal-budget","303","13","lineage-303","control","before","0","0","0","0","true","familiar"
"random-equal-budget","303","13","lineage-303","control","before","1","1","1","1","true","familiar"
"random-equal-budget","303","13","lineage-303","control","before","2","0","0","0","true","familiar"
"random-equal-budget","303","13","lineage-303","control","before","3","0","0","0","true","familiar"
"random-equal-budget","303","13","lineage-303","control","before","4","0","0","0","true","familiar"
"random-equal-budget","303","13","lineage-303","control","before","5","0","0","0","true","familiar"
"random-equal-budget","303","13","lineage-303","control","before","6","1","1","1","true","familiar"
"random-equal-budget","303","13","lineage-303","control","before","7","1","1","1","true","familiar"
"random-equal-budget","303","13","lineage-303","control","afterRegrowth","0","0","0","0","true","familiar"
"random-equal-budget","303","13","lineage-303","control","afterRegrowth","1","1","1","1","true","familiar"
"random-equal-budget","303","13","lineage-303","control","afterRegrowth","2","1","1","1","true","familiar"
"random-equal-budget","303","13","lineage-303","control","afterRegrowth","3","1","1","1","true","familiar"
"random-equal-budget","303","13","lineage-303","control","afterRegrowth","4","0","0","0","true","familiar"
"random-equal-budget","303","13","lineage-303","control","afterRegrowth","5","0","0","0","true","familiar"
"random-equal-budget","303","13","lineage-303","control","afterRegrowth","6","1","1","1","true","familiar"
"random-equal-budget","303","13","lineage-303","control","afterRegrowth","7","1","1","1","true","familiar"
"random-equal-budget","303","13","lineage-303","control","transfer","0","0","1","0","false","custom"
"random-equal-budget","303","13","lineage-303","control","transfer","1","1","0","1","false","custom"
"random-equal-budget","303","13","lineage-303","control","transfer","2","1","0","1","false","custom"
"random-equal-budget","303","13","lineage-303","control","transfer","3","0","1","0","false","custom"
"random-equal-budget","303","13","lineage-303","control","transfer","4","1","0","1","false","custom"
"random-equal-budget","303","13","lineage-303","control","transfer","5","1","0","1","false","custom"
"random-equal-budget","303","13","lineage-303","control","transfer","6","1","0","1","false","custom"
"random-equal-budget","303","13","lineage-303","control","transfer","7","0","1","0","false","custom"
"random-equal-budget","303","13","lineage-303","treatment","before","0","0","0","0","true","familiar"
"random-equal-budget","303","13","lineage-303","treatment","before","1","1","1","1","true","familiar"
"random-equal-budget","303","13","lineage-303","treatment","before","2","0","0","0","true","familiar"
"random-equal-budget","303","13","lineage-303","treatment","before","3","0","0","0","true","familiar"
"random-equal-budget","303","13","lineage-303","treatment","before","4","0","0","0","true","familiar"
"random-equal-budget","303","13","lineage-303","treatment","before","5","0","0","0","true","familiar"
"random-equal-budget","303","13","lineage-303","treatment","before","6","1","1","1","true","familiar"
"random-equal-budget","303","13","lineage-303","treatment","before","7","1","1","1","true","familiar"
"random-equal-budget","303","13","lineage-303","treatment","afterRegrowth","0","0","0","0","true","familiar"
"random-equal-budget","303","13","lineage-303","treatment","afterRegrowth","1","1","1","1","true","familiar"
"random-equal-budget","303","13","lineage-303","treatment","afterRegrowth","2","1","1","1","true","familiar"
"random-equal-budget","303","13","lineage-303","treatment","afterRegrowth","3","1","1","1","true","familiar"
"random-equal-budget","303","13","lineage-303","treatment","afterRegrowth","4","0","0","0","true","familiar"
"random-equal-budget","303","13","lineage-303","treatment","afterRegrowth","5","0","0","0","true","familiar"
"random-equal-budget","303","13","lineage-303","treatment","afterRegrowth","6","1","1","1","true","familiar"
"random-equal-budget","303","13","lineage-303","treatment","afterRegrowth","7","1","1","1","true","familiar"
"random-equal-budget","303","13","lineage-303","treatment","transfer","0","0","1","0","false","custom"
"random-equal-budget","303","13","lineage-303","treatment","transfer","1","1","0","1","false","custom"
"random-equal-budget","303","13","lineage-303","treatment","transfer","2","1","0","1","false","custom"
"random-equal-budget","303","13","lineage-303","treatment","transfer","3","0","1","0","false","custom"
"random-equal-budget","303","13","lineage-303","treatment","transfer","4","1","0","1","false","custom"
"random-equal-budget","303","13","lineage-303","treatment","transfer","5","1","0","1","false","custom"
"random-equal-budget","303","13","lineage-303","treatment","transfer","6","1","0","1","false","custom"
"random-equal-budget","303","13","lineage-303","treatment","transfer","7","0","1","0","false","custom"
"random-equal-budget","303","14","lineage-303","control","before","0","0","0","0","true","familiar"
"random-equal-budget","303","14","lineage-303","control","before","1","1","1","1","true","familiar"
"random-equal-budget","303","14","lineage-303","control","before","2","0","0","0","true","familiar"
"random-equal-budget","303","14","lineage-303","control","before","3","0","0","0","true","familiar"
"random-equal-budget","303","14","lineage-303","control","before","4","0","0","0","true","familiar"
"random-equal-budget","303","14","lineage-303","control","before","5","0","0","0","true","familiar"
"random-equal-budget","303","14","lineage-303","control","before","6","1","1","1","true","familiar"
"random-equal-budget","303","14","lineage-303","control","before","7","1","1","1","true","familiar"
"random-equal-budget","303","14","lineage-303","control","afterRegrowth","0","0","0","0","true","familiar"
"random-equal-budget","303","14","lineage-303","control","afterRegrowth","1","1","1","1","true","familiar"
"random-equal-budget","303","14","lineage-303","control","afterRegrowth","2","1","1","1","true","familiar"
"random-equal-budget","303","14","lineage-303","control","afterRegrowth","3","1","1","1","true","familiar"
"random-equal-budget","303","14","lineage-303","control","afterRegrowth","4","0","0","0","true","familiar"
"random-equal-budget","303","14","lineage-303","control","afterRegrowth","5","0","0","0","true","familiar"
"random-equal-budget","303","14","lineage-303","control","afterRegrowth","6","1","1","1","true","familiar"
"random-equal-budget","303","14","lineage-303","control","afterRegrowth","7","1","1","1","true","familiar"
"random-equal-budget","303","14","lineage-303","control","transfer","0","0","1","0","false","custom"
"random-equal-budget","303","14","lineage-303","control","transfer","1","1","0","1","false","custom"
"random-equal-budget","303","14","lineage-303","control","transfer","2","1","0","1","false","custom"
"random-equal-budget","303","14","lineage-303","control","transfer","3","0","1","0","false","custom"
"random-equal-budget","303","14","lineage-303","control","transfer","4","1","0","1","false","custom"
"random-equal-budget","303","14","lineage-303","control","transfer","5","1","0","1","false","custom"
"random-equal-budget","303","14","lineage-303","control","transfer","6","1","0","1","false","custom"
"random-equal-budget","303","14","lineage-303","control","transfer","7","0","1","0","false","custom"
"random-equal-budget","303","14","lineage-303","treatment","before","0","0","0","0","true","familiar"
"random-equal-budget","303","14","lineage-303","treatment","before","1","1","1","1","true","familiar"
"random-equal-budget","303","14","lineage-303","treatment","before","2","0","0","0","true","familiar"
"random-equal-budget","303","14","lineage-303","treatment","before","3","0","0","0","true","familiar"
"random-equal-budget","303","14","lineage-303","treatment","before","4","0","0","0","true","familiar"
"random-equal-budget","303","14","lineage-303","treatment","before","5","0","0","0","true","familiar"
"random-equal-budget","303","14","lineage-303","treatment","before","6","1","1","1","true","familiar"
"random-equal-budget","303","14","lineage-303","treatment","before","7","1","1","1","true","familiar"
"random-equal-budget","303","14","lineage-303","treatment","afterRegrowth","0","0","0","0","true","familiar"
"random-equal-budget","303","14","lineage-303","treatment","afterRegrowth","1","1","1","1","true","familiar"
"random-equal-budget","303","14","lineage-303","treatment","afterRegrowth","2","1","1","1","true","familiar"
"random-equal-budget","303","14","lineage-303","treatment","afterRegrowth","3","1","1","1","true","familiar"
"random-equal-budget","303","14","lineage-303","treatment","afterRegrowth","4","0","0","0","true","familiar"
"random-equal-budget","303","14","lineage-303","treatment","afterRegrowth","5","0","0","0","true","familiar"
"random-equal-budget","303","14","lineage-303","treatment","afterRegrowth","6","1","1","1","true","familiar"
"random-equal-budget","303","14","lineage-303","treatment","afterRegrowth","7","1","1","1","true","familiar"
"random-equal-budget","303","14","lineage-303","treatment","transfer","0","0","1","0","false","custom"
"random-equal-budget","303","14","lineage-303","treatment","transfer","1","1","0","1","false","custom"
"random-equal-budget","303","14","lineage-303","treatment","transfer","2","1","0","1","false","custom"
"random-equal-budget","303","14","lineage-303","treatment","transfer","3","0","1","0","false","custom"
"random-equal-budget","303","14","lineage-303","treatment","transfer","4","1","0","1","false","custom"
"random-equal-budget","303","14","lineage-303","treatment","transfer","5","1","0","1","false","custom"
"random-equal-budget","303","14","lineage-303","treatment","transfer","6","1","0","1","false","custom"
"random-equal-budget","303","14","lineage-303","treatment","transfer","7","0","1","0","false","custom"
"frozen-grammar-information-gain","303","10","lineage-303","control","before","0","0","0","0","true","familiar"
"frozen-grammar-information-gain","303","10","lineage-303","control","before","1","1","1","1","true","familiar"
"frozen-grammar-information-gain","303","10","lineage-303","control","before","2","0","0","0","true","familiar"
"frozen-grammar-information-gain","303","10","lineage-303","control","before","3","0","0","0","true","familiar"
"frozen-grammar-information-gain","303","10","lineage-303","control","before","4","0","0","0","true","familiar"
"frozen-grammar-information-gain","303","10","lineage-303","control","before","5","0","0","0","true","familiar"
"frozen-grammar-information-gain","303","10","lineage-303","control","before","6","1","1","1","true","familiar"
"frozen-grammar-information-gain","303","10","lineage-303","control","before","7","1","1","1","true","familiar"
"frozen-grammar-information-gain","303","10","lineage-303","control","afterRegrowth","0","0","0","0","true","familiar"
"frozen-grammar-information-gain","303","10","lineage-303","control","afterRegrowth","1","1","1","1","true","familiar"
"frozen-grammar-information-gain","303","10","lineage-303","control","afterRegrowth","2","1","1","1","true","familiar"
"frozen-grammar-information-gain","303","10","lineage-303","control","afterRegrowth","3","1","1","1","true","familiar"
"frozen-grammar-information-gain","303","10","lineage-303","control","afterRegrowth","4","0","0","0","true","familiar"
"frozen-grammar-information-gain","303","10","lineage-303","control","afterRegrowth","5","0","0","0","true","familiar"
"frozen-grammar-information-gain","303","10","lineage-303","control","afterRegrowth","6","1","1","1","true","familiar"
"frozen-grammar-information-gain","303","10","lineage-303","control","afterRegrowth","7","1","1","1","true","familiar"
"frozen-grammar-information-gain","303","10","lineage-303","control","transfer","0","0","1","0","false","custom"
"frozen-grammar-information-gain","303","10","lineage-303","control","transfer","1","1","0","1","false","custom"
"frozen-grammar-information-gain","303","10","lineage-303","control","transfer","2","1","0","1","false","custom"
"frozen-grammar-information-gain","303","10","lineage-303","control","transfer","3","0","1","0","false","custom"
"frozen-grammar-information-gain","303","10","lineage-303","control","transfer","4","1","0","1","false","custom"
"frozen-grammar-information-gain","303","10","lineage-303","control","transfer","5","1","0","1","false","custom"
"frozen-grammar-information-gain","303","10","lineage-303","control","transfer","6","1","0","1","false","custom"
"frozen-grammar-information-gain","303","10","lineage-303","control","transfer","7","0","1","0","false","custom"
"frozen-grammar-information-gain","303","10","lineage-303","treatment","before","0","0","0","0","true","familiar"
"frozen-grammar-information-gain","303","10","lineage-303","treatment","before","1","1","1","1","true","familiar"
"frozen-grammar-information-gain","303","10","lineage-303","treatment","before","2","0","0","0","true","familiar"
"frozen-grammar-information-gain","303","10","lineage-303","treatment","before","3","0","0","0","true","familiar"
"frozen-grammar-information-gain","303","10","lineage-303","treatment","before","4","0","0","0","true","familiar"
"frozen-grammar-information-gain","303","10","lineage-303","treatment","before","5","0","0","0","true","familiar"
"frozen-grammar-information-gain","303","10","lineage-303","treatment","before","6","1","1","1","true","familiar"
"frozen-grammar-information-gain","303","10","lineage-303","treatment","before","7","1","1","1","true","familiar"
"frozen-grammar-information-gain","303","10","lineage-303","treatment","afterRegrowth","0","0","0","0","true","familiar"
"frozen-grammar-information-gain","303","10","lineage-303","treatment","afterRegrowth","1","1","1","1","true","familiar"
"frozen-grammar-information-gain","303","10","lineage-303","treatment","afterRegrowth","2","1","1","1","true","familiar"
"frozen-grammar-information-gain","303","10","lineage-303","treatment","afterRegrowth","3","1","1","1","true","familiar"
"frozen-grammar-information-gain","303","10","lineage-303","treatment","afterRegrowth","4","0","0","0","true","familiar"
"frozen-grammar-information-gain","303","10","lineage-303","treatment","afterRegrowth","5","0","0","0","true","familiar"
"frozen-grammar-information-gain","303","10","lineage-303","treatment","afterRegrowth","6","1","1","1","true","familiar"
"frozen-grammar-information-gain","303","10","lineage-303","treatment","afterRegrowth","7","1","1","1","true","familiar"
"frozen-grammar-information-gain","303","10","lineage-303","treatment","transfer","0","0","1","0","false","custom"
"frozen-grammar-information-gain","303","10","lineage-303","treatment","transfer","1","1","0","1","false","custom"
"frozen-grammar-information-gain","303","10","lineage-303","treatment","transfer","2","1","0","1","false","custom"
"frozen-grammar-information-gain","303","10","lineage-303","treatment","transfer","3","0","1","0","false","custom"
"frozen-grammar-information-gain","303","10","lineage-303","treatment","transfer","4","1","0","1","false","custom"
"frozen-grammar-information-gain","303","10","lineage-303","treatment","transfer","5","1","0","1","false","custom"
"frozen-grammar-information-gain","303","10","lineage-303","treatment","transfer","6","1","0","1","false","custom"
"frozen-grammar-information-gain","303","10","lineage-303","treatment","transfer","7","0","1","0","false","custom"
"frozen-grammar-information-gain","303","11","lineage-303","control","before","0","0","0","0","true","familiar"
"frozen-grammar-information-gain","303","11","lineage-303","control","before","1","1","1","1","true","familiar"
"frozen-grammar-information-gain","303","11","lineage-303","control","before","2","0","0","0","true","familiar"
"frozen-grammar-information-gain","303","11","lineage-303","control","before","3","0","0","0","true","familiar"
"frozen-grammar-information-gain","303","11","lineage-303","control","before","4","0","0","0","true","familiar"
"frozen-grammar-information-gain","303","11","lineage-303","control","before","5","0","0","0","true","familiar"
"frozen-grammar-information-gain","303","11","lineage-303","control","before","6","1","1","1","true","familiar"
"frozen-grammar-information-gain","303","11","lineage-303","control","before","7","1","1","1","true","familiar"
"frozen-grammar-information-gain","303","11","lineage-303","control","afterRegrowth","0","0","0","0","true","familiar"
"frozen-grammar-information-gain","303","11","lineage-303","control","afterRegrowth","1","1","1","1","true","familiar"
"frozen-grammar-information-gain","303","11","lineage-303","control","afterRegrowth","2","1","1","1","true","familiar"
"frozen-grammar-information-gain","303","11","lineage-303","control","afterRegrowth","3","1","1","1","true","familiar"
"frozen-grammar-information-gain","303","11","lineage-303","control","afterRegrowth","4","0","0","0","true","familiar"
"frozen-grammar-information-gain","303","11","lineage-303","control","afterRegrowth","5","0","0","0","true","familiar"
"frozen-grammar-information-gain","303","11","lineage-303","control","afterRegrowth","6","1","1","1","true","familiar"
"frozen-grammar-information-gain","303","11","lineage-303","control","afterRegrowth","7","1","1","1","true","familiar"
"frozen-grammar-information-gain","303","11","lineage-303","control","transfer","0","0","1","0","false","custom"
"frozen-grammar-information-gain","303","11","lineage-303","control","transfer","1","1","0","1","false","custom"
"frozen-grammar-information-gain","303","11","lineage-303","control","transfer","2","1","0","1","false","custom"
"frozen-grammar-information-gain","303","11","lineage-303","control","transfer","3","0","1","0","false","custom"
"frozen-grammar-information-gain","303","11","lineage-303","control","transfer","4","1","0","1","false","custom"
"frozen-grammar-information-gain","303","11","lineage-303","control","transfer","5","1","0","1","false","custom"
"frozen-grammar-information-gain","303","11","lineage-303","control","transfer","6","1","0","1","false","custom"
"frozen-grammar-information-gain","303","11","lineage-303","control","transfer","7","0","1","0","false","custom"
"frozen-grammar-information-gain","303","11","lineage-303","treatment","before","0","0","0","0","true","familiar"
"frozen-grammar-information-gain","303","11","lineage-303","treatment","before","1","1","1","1","true","familiar"
"frozen-grammar-information-gain","303","11","lineage-303","treatment","before","2","0","0","0","true","familiar"
"frozen-grammar-information-gain","303","11","lineage-303","treatment","before","3","0","0","0","true","familiar"
"frozen-grammar-information-gain","303","11","lineage-303","treatment","before","4","0","0","0","true","familiar"
"frozen-grammar-information-gain","303","11","lineage-303","treatment","before","5","0","0","0","true","familiar"
"frozen-grammar-information-gain","303","11","lineage-303","treatment","before","6","1","1","1","true","familiar"
"frozen-grammar-information-gain","303","11","lineage-303","treatment","before","7","1","1","1","true","familiar"
"frozen-grammar-information-gain","303","11","lineage-303","treatment","afterRegrowth","0","0","0","0","true","familiar"
"frozen-grammar-information-gain","303","11","lineage-303","treatment","afterRegrowth","1","1","1","1","true","familiar"
"frozen-grammar-information-gain","303","11","lineage-303","treatment","afterRegrowth","2","1","1","1","true","familiar"
"frozen-grammar-information-gain","303","11","lineage-303","treatment","afterRegrowth","3","1","1","1","true","familiar"
"frozen-grammar-information-gain","303","11","lineage-303","treatment","afterRegrowth","4","0","0","0","true","familiar"
"frozen-grammar-information-gain","303","11","lineage-303","treatment","afterRegrowth","5","0","0","0","true","familiar"
"frozen-grammar-information-gain","303","11","lineage-303","treatment","afterRegrowth","6","1","1","1","true","familiar"
"frozen-grammar-information-gain","303","11","lineage-303","treatment","afterRegrowth","7","1","1","1","true","familiar"
"frozen-grammar-information-gain","303","11","lineage-303","treatment","transfer","0","0","1","0","false","custom"
"frozen-grammar-information-gain","303","11","lineage-303","treatment","transfer","1","1","0","1","false","custom"
"frozen-grammar-information-gain","303","11","lineage-303","treatment","transfer","2","1","0","1","false","custom"
"frozen-grammar-information-gain","303","11","lineage-303","treatment","transfer","3","0","1","0","false","custom"
"frozen-grammar-information-gain","303","11","lineage-303","treatment","transfer","4","1","0","1","false","custom"
"frozen-grammar-information-gain","303","11","lineage-303","treatment","transfer","5","1","0","1","false","custom"
"frozen-grammar-information-gain","303","11","lineage-303","treatment","transfer","6","1","0","1","false","custom"
"frozen-grammar-information-gain","303","11","lineage-303","treatment","transfer","7","0","1","0","false","custom"
"frozen-grammar-information-gain","303","12","lineage-303","control","before","0","0","0","0","true","familiar"
"frozen-grammar-information-gain","303","12","lineage-303","control","before","1","1","1","1","true","familiar"
"frozen-grammar-information-gain","303","12","lineage-303","control","before","2","0","0","0","true","familiar"
"frozen-grammar-information-gain","303","12","lineage-303","control","before","3","0","0","0","true","familiar"
"frozen-grammar-information-gain","303","12","lineage-303","control","before","4","0","0","0","true","familiar"
"frozen-grammar-information-gain","303","12","lineage-303","control","before","5","0","0","0","true","familiar"
"frozen-grammar-information-gain","303","12","lineage-303","control","before","6","1","1","1","true","familiar"
"frozen-grammar-information-gain","303","12","lineage-303","control","before","7","1","1","1","true","familiar"
"frozen-grammar-information-gain","303","12","lineage-303","control","afterRegrowth","0","0","0","0","true","familiar"
"frozen-grammar-information-gain","303","12","lineage-303","control","afterRegrowth","1","1","1","1","true","familiar"
"frozen-grammar-information-gain","303","12","lineage-303","control","afterRegrowth","2","1","1","1","true","familiar"
"frozen-grammar-information-gain","303","12","lineage-303","control","afterRegrowth","3","1","1","1","true","familiar"
"frozen-grammar-information-gain","303","12","lineage-303","control","afterRegrowth","4","0","0","0","true","familiar"
"frozen-grammar-information-gain","303","12","lineage-303","control","afterRegrowth","5","0","0","0","true","familiar"
"frozen-grammar-information-gain","303","12","lineage-303","control","afterRegrowth","6","1","1","1","true","familiar"
"frozen-grammar-information-gain","303","12","lineage-303","control","afterRegrowth","7","1","1","1","true","familiar"
"frozen-grammar-information-gain","303","12","lineage-303","control","transfer","0","0","1","0","false","custom"
"frozen-grammar-information-gain","303","12","lineage-303","control","transfer","1","1","0","1","false","custom"
"frozen-grammar-information-gain","303","12","lineage-303","control","transfer","2","1","0","1","false","custom"
"frozen-grammar-information-gain","303","12","lineage-303","control","transfer","3","0","1","0","false","custom"
"frozen-grammar-information-gain","303","12","lineage-303","control","transfer","4","1","0","1","false","custom"
"frozen-grammar-information-gain","303","12","lineage-303","control","transfer","5","1","0","1","false","custom"
"frozen-grammar-information-gain","303","12","lineage-303","control","transfer","6","1","0","1","false","custom"
"frozen-grammar-information-gain","303","12","lineage-303","control","transfer","7","0","1","0","false","custom"
"frozen-grammar-information-gain","303","12","lineage-303","treatment","before","0","0","0","0","true","familiar"
"frozen-grammar-information-gain","303","12","lineage-303","treatment","before","1","1","1","1","true","familiar"
"frozen-grammar-information-gain","303","12","lineage-303","treatment","before","2","0","0","0","true","familiar"
"frozen-grammar-information-gain","303","12","lineage-303","treatment","before","3","0","0","0","true","familiar"
"frozen-grammar-information-gain","303","12","lineage-303","treatment","before","4","0","0","0","true","familiar"
"frozen-grammar-information-gain","303","12","lineage-303","treatment","before","5","0","0","0","true","familiar"
"frozen-grammar-information-gain","303","12","lineage-303","treatment","before","6","1","1","1","true","familiar"
"frozen-grammar-information-gain","303","12","lineage-303","treatment","before","7","1","1","1","true","familiar"
"frozen-grammar-information-gain","303","12","lineage-303","treatment","afterRegrowth","0","0","0","0","true","familiar"
"frozen-grammar-information-gain","303","12","lineage-303","treatment","afterRegrowth","1","1","1","1","true","familiar"
"frozen-grammar-information-gain","303","12","lineage-303","treatment","afterRegrowth","2","1","1","1","true","familiar"
"frozen-grammar-information-gain","303","12","lineage-303","treatment","afterRegrowth","3","1","1","1","true","familiar"
"frozen-grammar-information-gain","303","12","lineage-303","treatment","afterRegrowth","4","0","0","0","true","familiar"
"frozen-grammar-information-gain","303","12","lineage-303","treatment","afterRegrowth","5","0","0","0","true","familiar"
"frozen-grammar-information-gain","303","12","lineage-303","treatment","afterRegrowth","6","1","1","1","true","familiar"
"frozen-grammar-information-gain","303","12","lineage-303","treatment","afterRegrowth","7","1","1","1","true","familiar"
"frozen-grammar-information-gain","303","12","lineage-303","treatment","transfer","0","0","1","0","false","custom"
"frozen-grammar-information-gain","303","12","lineage-303","treatment","transfer","1","1","0","1","false","custom"
"frozen-grammar-information-gain","303","12","lineage-303","treatment","transfer","2","1","0","1","false","custom"
"frozen-grammar-information-gain","303","12","lineage-303","treatment","transfer","3","0","1","0","false","custom"
"frozen-grammar-information-gain","303","12","lineage-303","treatment","transfer","4","1","0","1","false","custom"
"frozen-grammar-information-gain","303","12","lineage-303","treatment","transfer","5","1","0","1","false","custom"
"frozen-grammar-information-gain","303","12","lineage-303","treatment","transfer","6","1","0","1","false","custom"
"frozen-grammar-information-gain","303","12","lineage-303","treatment","transfer","7","0","1","0","false","custom"
"frozen-grammar-information-gain","303","13","lineage-303","control","before","0","0","0","0","true","familiar"
"frozen-grammar-information-gain","303","13","lineage-303","control","before","1","1","1","1","true","familiar"
"frozen-grammar-information-gain","303","13","lineage-303","control","before","2","0","0","0","true","familiar"
"frozen-grammar-information-gain","303","13","lineage-303","control","before","3","0","0","0","true","familiar"
"frozen-grammar-information-gain","303","13","lineage-303","control","before","4","0","0","0","true","familiar"
"frozen-grammar-information-gain","303","13","lineage-303","control","before","5","0","0","0","true","familiar"
"frozen-grammar-information-gain","303","13","lineage-303","control","before","6","1","1","1","true","familiar"
"frozen-grammar-information-gain","303","13","lineage-303","control","before","7","1","1","1","true","familiar"
"frozen-grammar-information-gain","303","13","lineage-303","control","afterRegrowth","0","0","0","0","true","familiar"
"frozen-grammar-information-gain","303","13","lineage-303","control","afterRegrowth","1","1","1","1","true","familiar"
"frozen-grammar-information-gain","303","13","lineage-303","control","afterRegrowth","2","1","1","1","true","familiar"
"frozen-grammar-information-gain","303","13","lineage-303","control","afterRegrowth","3","1","1","1","true","familiar"
"frozen-grammar-information-gain","303","13","lineage-303","control","afterRegrowth","4","0","0","0","true","familiar"
"frozen-grammar-information-gain","303","13","lineage-303","control","afterRegrowth","5","0","0","0","true","familiar"
"frozen-grammar-information-gain","303","13","lineage-303","control","afterRegrowth","6","1","1","1","true","familiar"
"frozen-grammar-information-gain","303","13","lineage-303","control","afterRegrowth","7","1","1","1","true","familiar"
"frozen-grammar-information-gain","303","13","lineage-303","control","transfer","0","0","1","0","false","custom"
"frozen-grammar-information-gain","303","13","lineage-303","control","transfer","1","1","0","1","false","custom"
"frozen-grammar-information-gain","303","13","lineage-303","control","transfer","2","1","0","1","false","custom"
"frozen-grammar-information-gain","303","13","lineage-303","control","transfer","3","0","1","0","false","custom"
"frozen-grammar-information-gain","303","13","lineage-303","control","transfer","4","1","0","1","false","custom"
"frozen-grammar-information-gain","303","13","lineage-303","control","transfer","5","1","0","1","false","custom"
"frozen-grammar-information-gain","303","13","lineage-303","control","transfer","6","1","0","1","false","custom"
"frozen-grammar-information-gain","303","13","lineage-303","control","transfer","7","0","1","0","false","custom"
"frozen-grammar-information-gain","303","13","lineage-303","treatment","before","0","0","0","0","true","familiar"
"frozen-grammar-information-gain","303","13","lineage-303","treatment","before","1","1","1","1","true","familiar"
"frozen-grammar-information-gain","303","13","lineage-303","treatment","before","2","0","0","0","true","familiar"
"frozen-grammar-information-gain","303","13","lineage-303","treatment","before","3","0","0","0","true","familiar"
"frozen-grammar-information-gain","303","13","lineage-303","treatment","before","4","0","0","0","true","familiar"
"frozen-grammar-information-gain","303","13","lineage-303","treatment","before","5","0","0","0","true","familiar"
"frozen-grammar-information-gain","303","13","lineage-303","treatment","before","6","1","1","1","true","familiar"
"frozen-grammar-information-gain","303","13","lineage-303","treatment","before","7","1","1","1","true","familiar"
"frozen-grammar-information-gain","303","13","lineage-303","treatment","afterRegrowth","0","0","0","0","true","familiar"
"frozen-grammar-information-gain","303","13","lineage-303","treatment","afterRegrowth","1","1","1","1","true","familiar"
"frozen-grammar-information-gain","303","13","lineage-303","treatment","afterRegrowth","2","1","1","1","true","familiar"
"frozen-grammar-information-gain","303","13","lineage-303","treatment","afterRegrowth","3","1","1","1","true","familiar"
"frozen-grammar-information-gain","303","13","lineage-303","treatment","afterRegrowth","4","0","0","0","true","familiar"
"frozen-grammar-information-gain","303","13","lineage-303","treatment","afterRegrowth","5","0","0","0","true","familiar"
"frozen-grammar-information-gain","303","13","lineage-303","treatment","afterRegrowth","6","1","1","1","true","familiar"
"frozen-grammar-information-gain","303","13","lineage-303","treatment","afterRegrowth","7","1","1","1","true","familiar"
"frozen-grammar-information-gain","303","13","lineage-303","treatment","transfer","0","0","1","0","false","custom"
"frozen-grammar-information-gain","303","13","lineage-303","treatment","transfer","1","1","0","1","false","custom"
"frozen-grammar-information-gain","303","13","lineage-303","treatment","transfer","2","1","0","1","false","custom"
"frozen-grammar-information-gain","303","13","lineage-303","treatment","transfer","3","0","1","0","false","custom"
"frozen-grammar-information-gain","303","13","lineage-303","treatment","transfer","4","1","0","1","false","custom"
"frozen-grammar-information-gain","303","13","lineage-303","treatment","transfer","5","1","0","1","false","custom"
"frozen-grammar-information-gain","303","13","lineage-303","treatment","transfer","6","1","0","1","false","custom"
"frozen-grammar-information-gain","303","13","lineage-303","treatment","transfer","7","0","1","0","false","custom"
"frozen-grammar-information-gain","303","14","lineage-303","control","before","0","0","0","0","true","familiar"
"frozen-grammar-information-gain","303","14","lineage-303","control","before","1","1","1","1","true","familiar"
"frozen-grammar-information-gain","303","14","lineage-303","control","before","2","0","0","0","true","familiar"
"frozen-grammar-information-gain","303","14","lineage-303","control","before","3","0","0","0","true","familiar"
"frozen-grammar-information-gain","303","14","lineage-303","control","before","4","0","0","0","true","familiar"
"frozen-grammar-information-gain","303","14","lineage-303","control","before","5","0","0","0","true","familiar"
"frozen-grammar-information-gain","303","14","lineage-303","control","before","6","1","1","1","true","familiar"
"frozen-grammar-information-gain","303","14","lineage-303","control","before","7","1","1","1","true","familiar"
"frozen-grammar-information-gain","303","14","lineage-303","control","afterRegrowth","0","0","0","0","true","familiar"
"frozen-grammar-information-gain","303","14","lineage-303","control","afterRegrowth","1","1","1","1","true","familiar"
"frozen-grammar-information-gain","303","14","lineage-303","control","afterRegrowth","2","1","1","1","true","familiar"
"frozen-grammar-information-gain","303","14","lineage-303","control","afterRegrowth","3","1","1","1","true","familiar"
"frozen-grammar-information-gain","303","14","lineage-303","control","afterRegrowth","4","0","0","0","true","familiar"
"frozen-grammar-information-gain","303","14","lineage-303","control","afterRegrowth","5","0","0","0","true","familiar"
"frozen-grammar-information-gain","303","14","lineage-303","control","afterRegrowth","6","1","1","1","true","familiar"
"frozen-grammar-information-gain","303","14","lineage-303","control","afterRegrowth","7","1","1","1","true","familiar"
"frozen-grammar-information-gain","303","14","lineage-303","control","transfer","0","0","1","0","false","custom"
"frozen-grammar-information-gain","303","14","lineage-303","control","transfer","1","1","0","1","false","custom"
"frozen-grammar-information-gain","303","14","lineage-303","control","transfer","2","1","0","1","false","custom"
"frozen-grammar-information-gain","303","14","lineage-303","control","transfer","3","0","1","0","false","custom"
"frozen-grammar-information-gain","303","14","lineage-303","control","transfer","4","1","0","1","false","custom"
"frozen-grammar-information-gain","303","14","lineage-303","control","transfer","5","1","0","1","false","custom"
"frozen-grammar-information-gain","303","14","lineage-303","control","transfer","6","1","0","1","false","custom"
"frozen-grammar-information-gain","303","14","lineage-303","control","transfer","7","0","1","0","false","custom"
"frozen-grammar-information-gain","303","14","lineage-303","treatment","before","0","0","0","0","true","familiar"
"frozen-grammar-information-gain","303","14","lineage-303","treatment","before","1","1","1","1","true","familiar"
"frozen-grammar-information-gain","303","14","lineage-303","treatment","before","2","0","0","0","true","familiar"
"frozen-grammar-information-gain","303","14","lineage-303","treatment","before","3","0","0","0","true","familiar"
"frozen-grammar-information-gain","303","14","lineage-303","treatment","before","4","0","0","0","true","familiar"
"frozen-grammar-information-gain","303","14","lineage-303","treatment","before","5","0","0","0","true","familiar"
"frozen-grammar-information-gain","303","14","lineage-303","treatment","before","6","1","1","1","true","familiar"
"frozen-grammar-information-gain","303","14","lineage-303","treatment","before","7","1","1","1","true","familiar"
"frozen-grammar-information-gain","303","14","lineage-303","treatment","afterRegrowth","0","0","0","0","true","familiar"
"frozen-grammar-information-gain","303","14","lineage-303","treatment","afterRegrowth","1","1","1","1","true","familiar"
"frozen-grammar-information-gain","303","14","lineage-303","treatment","afterRegrowth","2","1","1","1","true","familiar"
"frozen-grammar-information-gain","303","14","lineage-303","treatment","afterRegrowth","3","1","1","1","true","familiar"
"frozen-grammar-information-gain","303","14","lineage-303","treatment","afterRegrowth","4","0","0","0","true","familiar"
"frozen-grammar-information-gain","303","14","lineage-303","treatment","afterRegrowth","5","0","0","0","true","familiar"
"frozen-grammar-information-gain","303","14","lineage-303","treatment","afterRegrowth","6","1","1","1","true","familiar"
"frozen-grammar-information-gain","303","14","lineage-303","treatment","afterRegrowth","7","1","1","1","true","familiar"
"frozen-grammar-information-gain","303","14","lineage-303","treatment","transfer","0","0","1","0","false","custom"
"frozen-grammar-information-gain","303","14","lineage-303","treatment","transfer","1","1","0","1","false","custom"
"frozen-grammar-information-gain","303","14","lineage-303","treatment","transfer","2","1","0","1","false","custom"
"frozen-grammar-information-gain","303","14","lineage-303","treatment","transfer","3","0","1","0","false","custom"
"frozen-grammar-information-gain","303","14","lineage-303","treatment","transfer","4","1","0","1","false","custom"
"frozen-grammar-information-gain","303","14","lineage-303","treatment","transfer","5","1","0","1","false","custom"
"frozen-grammar-information-gain","303","14","lineage-303","treatment","transfer","6","1","0","1","false","custom"
"frozen-grammar-information-gain","303","14","lineage-303","treatment","transfer","7","0","1","0","false","custom"
"adaptive-revisable-grammar","303","10","lineage-303","control","before","0","0","0","0","true","familiar"
"adaptive-revisable-grammar","303","10","lineage-303","control","before","1","1","1","1","true","familiar"
"adaptive-revisable-grammar","303","10","lineage-303","control","before","2","0","0","0","true","familiar"
"adaptive-revisable-grammar","303","10","lineage-303","control","before","3","0","0","0","true","familiar"
"adaptive-revisable-grammar","303","10","lineage-303","control","before","4","0","0","0","true","familiar"
"adaptive-revisable-grammar","303","10","lineage-303","control","before","5","0","0","0","true","familiar"
"adaptive-revisable-grammar","303","10","lineage-303","control","before","6","1","1","1","true","familiar"
"adaptive-revisable-grammar","303","10","lineage-303","control","before","7","1","1","1","true","familiar"
"adaptive-revisable-grammar","303","10","lineage-303","control","afterRegrowth","0","0","0","0","true","familiar"
"adaptive-revisable-grammar","303","10","lineage-303","control","afterRegrowth","1","1","1","1","true","familiar"
"adaptive-revisable-grammar","303","10","lineage-303","control","afterRegrowth","2","1","1","1","true","familiar"
"adaptive-revisable-grammar","303","10","lineage-303","control","afterRegrowth","3","1","1","1","true","familiar"
"adaptive-revisable-grammar","303","10","lineage-303","control","afterRegrowth","4","0","0","0","true","familiar"
"adaptive-revisable-grammar","303","10","lineage-303","control","afterRegrowth","5","0","0","0","true","familiar"
"adaptive-revisable-grammar","303","10","lineage-303","control","afterRegrowth","6","1","1","1","true","familiar"
"adaptive-revisable-grammar","303","10","lineage-303","control","afterRegrowth","7","1","1","1","true","familiar"
"adaptive-revisable-grammar","303","10","lineage-303","control","transfer","0","0","1","0","false","custom"
"adaptive-revisable-grammar","303","10","lineage-303","control","transfer","1","1","0","1","false","custom"
"adaptive-revisable-grammar","303","10","lineage-303","control","transfer","2","1","0","1","false","custom"
"adaptive-revisable-grammar","303","10","lineage-303","control","transfer","3","0","1","0","false","custom"
"adaptive-revisable-grammar","303","10","lineage-303","control","transfer","4","1","0","1","false","custom"
"adaptive-revisable-grammar","303","10","lineage-303","control","transfer","5","1","0","1","false","custom"
"adaptive-revisable-grammar","303","10","lineage-303","control","transfer","6","1","0","1","false","custom"
"adaptive-revisable-grammar","303","10","lineage-303","control","transfer","7","0","1","0","false","custom"
"adaptive-revisable-grammar","303","10","lineage-303","treatment","before","0","0","0","0","true","familiar"
"adaptive-revisable-grammar","303","10","lineage-303","treatment","before","1","1","1","1","true","familiar"
"adaptive-revisable-grammar","303","10","lineage-303","treatment","before","2","0","0","0","true","familiar"
"adaptive-revisable-grammar","303","10","lineage-303","treatment","before","3","0","0","0","true","familiar"
"adaptive-revisable-grammar","303","10","lineage-303","treatment","before","4","0","0","0","true","familiar"
"adaptive-revisable-grammar","303","10","lineage-303","treatment","before","5","0","0","0","true","familiar"
"adaptive-revisable-grammar","303","10","lineage-303","treatment","before","6","1","1","1","true","familiar"
"adaptive-revisable-grammar","303","10","lineage-303","treatment","before","7","1","1","1","true","familiar"
"adaptive-revisable-grammar","303","10","lineage-303","treatment","afterRegrowth","0","0","0","0","true","familiar"
"adaptive-revisable-grammar","303","10","lineage-303","treatment","afterRegrowth","1","1","1","1","true","familiar"
"adaptive-revisable-grammar","303","10","lineage-303","treatment","afterRegrowth","2","1","1","1","true","familiar"
"adaptive-revisable-grammar","303","10","lineage-303","treatment","afterRegrowth","3","1","1","1","true","familiar"
"adaptive-revisable-grammar","303","10","lineage-303","treatment","afterRegrowth","4","0","0","0","true","familiar"
"adaptive-revisable-grammar","303","10","lineage-303","treatment","afterRegrowth","5","0","0","0","true","familiar"
"adaptive-revisable-grammar","303","10","lineage-303","treatment","afterRegrowth","6","1","1","1","true","familiar"
"adaptive-revisable-grammar","303","10","lineage-303","treatment","afterRegrowth","7","1","1","1","true","familiar"
"adaptive-revisable-grammar","303","10","lineage-303","treatment","transfer","0","0","1","0","false","custom"
"adaptive-revisable-grammar","303","10","lineage-303","treatment","transfer","1","1","0","1","false","custom"
"adaptive-revisable-grammar","303","10","lineage-303","treatment","transfer","2","1","0","1","false","custom"
"adaptive-revisable-grammar","303","10","lineage-303","treatment","transfer","3","0","1","0","false","custom"
"adaptive-revisable-grammar","303","10","lineage-303","treatment","transfer","4","1","0","1","false","custom"
"adaptive-revisable-grammar","303","10","lineage-303","treatment","transfer","5","1","0","1","false","custom"
"adaptive-revisable-grammar","303","10","lineage-303","treatment","transfer","6","1","0","1","false","custom"
"adaptive-revisable-grammar","303","10","lineage-303","treatment","transfer","7","0","1","0","false","custom"
"adaptive-revisable-grammar","303","11","lineage-303","control","before","0","0","0","0","true","familiar"
"adaptive-revisable-grammar","303","11","lineage-303","control","before","1","1","1","1","true","familiar"
"adaptive-revisable-grammar","303","11","lineage-303","control","before","2","0","0","0","true","familiar"
"adaptive-revisable-grammar","303","11","lineage-303","control","before","3","0","0","0","true","familiar"
"adaptive-revisable-grammar","303","11","lineage-303","control","before","4","0","0","0","true","familiar"
"adaptive-revisable-grammar","303","11","lineage-303","control","before","5","0","0","0","true","familiar"
"adaptive-revisable-grammar","303","11","lineage-303","control","before","6","1","1","1","true","familiar"
"adaptive-revisable-grammar","303","11","lineage-303","control","before","7","1","1","1","true","familiar"
"adaptive-revisable-grammar","303","11","lineage-303","control","afterRegrowth","0","0","0","0","true","familiar"
"adaptive-revisable-grammar","303","11","lineage-303","control","afterRegrowth","1","1","1","1","true","familiar"
"adaptive-revisable-grammar","303","11","lineage-303","control","afterRegrowth","2","1","1","1","true","familiar"
"adaptive-revisable-grammar","303","11","lineage-303","control","afterRegrowth","3","1","1","1","true","familiar"
"adaptive-revisable-grammar","303","11","lineage-303","control","afterRegrowth","4","0","0","0","true","familiar"
"adaptive-revisable-grammar","303","11","lineage-303","control","afterRegrowth","5","0","0","0","true","familiar"
"adaptive-revisable-grammar","303","11","lineage-303","control","afterRegrowth","6","1","1","1","true","familiar"
"adaptive-revisable-grammar","303","11","lineage-303","control","afterRegrowth","7","1","1","1","true","familiar"
"adaptive-revisable-grammar","303","11","lineage-303","control","transfer","0","0","1","0","false","custom"
"adaptive-revisable-grammar","303","11","lineage-303","control","transfer","1","1","0","1","false","custom"
"adaptive-revisable-grammar","303","11","lineage-303","control","transfer","2","1","0","1","false","custom"
"adaptive-revisable-grammar","303","11","lineage-303","control","transfer","3","0","1","0","false","custom"
"adaptive-revisable-grammar","303","11","lineage-303","control","transfer","4","1","0","1","false","custom"
"adaptive-revisable-grammar","303","11","lineage-303","control","transfer","5","1","0","1","false","custom"
"adaptive-revisable-grammar","303","11","lineage-303","control","transfer","6","1","0","1","false","custom"
"adaptive-revisable-grammar","303","11","lineage-303","control","transfer","7","0","1","0","false","custom"
"adaptive-revisable-grammar","303","11","lineage-303","treatment","before","0","0","0","0","true","familiar"
"adaptive-revisable-grammar","303","11","lineage-303","treatment","before","1","1","1","1","true","familiar"
"adaptive-revisable-grammar","303","11","lineage-303","treatment","before","2","0","0","0","true","familiar"
"adaptive-revisable-grammar","303","11","lineage-303","treatment","before","3","0","0","0","true","familiar"
"adaptive-revisable-grammar","303","11","lineage-303","treatment","before","4","0","0","0","true","familiar"
"adaptive-revisable-grammar","303","11","lineage-303","treatment","before","5","0","0","0","true","familiar"
"adaptive-revisable-grammar","303","11","lineage-303","treatment","before","6","1","1","1","true","familiar"
"adaptive-revisable-grammar","303","11","lineage-303","treatment","before","7","1","1","1","true","familiar"
"adaptive-revisable-grammar","303","11","lineage-303","treatment","afterRegrowth","0","0","0","0","true","familiar"
"adaptive-revisable-grammar","303","11","lineage-303","treatment","afterRegrowth","1","1","1","1","true","familiar"
"adaptive-revisable-grammar","303","11","lineage-303","treatment","afterRegrowth","2","1","1","1","true","familiar"
"adaptive-revisable-grammar","303","11","lineage-303","treatment","afterRegrowth","3","1","1","1","true","familiar"
"adaptive-revisable-grammar","303","11","lineage-303","treatment","afterRegrowth","4","0","0","0","true","familiar"
"adaptive-revisable-grammar","303","11","lineage-303","treatment","afterRegrowth","5","0","0","0","true","familiar"
"adaptive-revisable-grammar","303","11","lineage-303","treatment","afterRegrowth","6","1","1","1","true","familiar"
"adaptive-revisable-grammar","303","11","lineage-303","treatment","afterRegrowth","7","1","1","1","true","familiar"
"adaptive-revisable-grammar","303","11","lineage-303","treatment","transfer","0","0","1","0","false","custom"
"adaptive-revisable-grammar","303","11","lineage-303","treatment","transfer","1","1","0","1","false","custom"
"adaptive-revisable-grammar","303","11","lineage-303","treatment","transfer","2","1","0","1","false","custom"
"adaptive-revisable-grammar","303","11","lineage-303","treatment","transfer","3","0","1","0","false","custom"
"adaptive-revisable-grammar","303","11","lineage-303","treatment","transfer","4","1","0","1","false","custom"
"adaptive-revisable-grammar","303","11","lineage-303","treatment","transfer","5","1","0","1","false","custom"
"adaptive-revisable-grammar","303","11","lineage-303","treatment","transfer","6","1","0","1","false","custom"
"adaptive-revisable-grammar","303","11","lineage-303","treatment","transfer","7","0","1","0","false","custom"
"adaptive-revisable-grammar","303","12","lineage-303","control","before","0","0","0","0","true","familiar"
"adaptive-revisable-grammar","303","12","lineage-303","control","before","1","1","1","1","true","familiar"
"adaptive-revisable-grammar","303","12","lineage-303","control","before","2","0","0","0","true","familiar"
"adaptive-revisable-grammar","303","12","lineage-303","control","before","3","0","0","0","true","familiar"
"adaptive-revisable-grammar","303","12","lineage-303","control","before","4","0","0","0","true","familiar"
"adaptive-revisable-grammar","303","12","lineage-303","control","before","5","0","0","0","true","familiar"
"adaptive-revisable-grammar","303","12","lineage-303","control","before","6","1","1","1","true","familiar"
"adaptive-revisable-grammar","303","12","lineage-303","control","before","7","1","1","1","true","familiar"
"adaptive-revisable-grammar","303","12","lineage-303","control","afterRegrowth","0","0","0","0","true","familiar"
"adaptive-revisable-grammar","303","12","lineage-303","control","afterRegrowth","1","1","1","1","true","familiar"
"adaptive-revisable-grammar","303","12","lineage-303","control","afterRegrowth","2","1","1","1","true","familiar"
"adaptive-revisable-grammar","303","12","lineage-303","control","afterRegrowth","3","1","1","1","true","familiar"
"adaptive-revisable-grammar","303","12","lineage-303","control","afterRegrowth","4","0","0","0","true","familiar"
"adaptive-revisable-grammar","303","12","lineage-303","control","afterRegrowth","5","0","0","0","true","familiar"
"adaptive-revisable-grammar","303","12","lineage-303","control","afterRegrowth","6","1","1","1","true","familiar"
"adaptive-revisable-grammar","303","12","lineage-303","control","afterRegrowth","7","1","1","1","true","familiar"
"adaptive-revisable-grammar","303","12","lineage-303","control","transfer","0","0","1","0","false","custom"
"adaptive-revisable-grammar","303","12","lineage-303","control","transfer","1","1","0","1","false","custom"
"adaptive-revisable-grammar","303","12","lineage-303","control","transfer","2","1","0","1","false","custom"
"adaptive-revisable-grammar","303","12","lineage-303","control","transfer","3","0","1","0","false","custom"
"adaptive-revisable-grammar","303","12","lineage-303","control","transfer","4","1","0","1","false","custom"
"adaptive-revisable-grammar","303","12","lineage-303","control","transfer","5","1","0","1","false","custom"
"adaptive-revisable-grammar","303","12","lineage-303","control","transfer","6","1","0","1","false","custom"
"adaptive-revisable-grammar","303","12","lineage-303","control","transfer","7","0","1","0","false","custom"
"adaptive-revisable-grammar","303","12","lineage-303","treatment","before","0","0","0","0","true","familiar"
"adaptive-revisable-grammar","303","12","lineage-303","treatment","before","1","1","1","1","true","familiar"
"adaptive-revisable-grammar","303","12","lineage-303","treatment","before","2","0","0","0","true","familiar"
"adaptive-revisable-grammar","303","12","lineage-303","treatment","before","3","0","0","0","true","familiar"
"adaptive-revisable-grammar","303","12","lineage-303","treatment","before","4","0","0","0","true","familiar"
"adaptive-revisable-grammar","303","12","lineage-303","treatment","before","5","0","0","0","true","familiar"
"adaptive-revisable-grammar","303","12","lineage-303","treatment","before","6","1","1","1","true","familiar"
"adaptive-revisable-grammar","303","12","lineage-303","treatment","before","7","1","1","1","true","familiar"
"adaptive-revisable-grammar","303","12","lineage-303","treatment","afterRegrowth","0","0","0","0","true","familiar"
"adaptive-revisable-grammar","303","12","lineage-303","treatment","afterRegrowth","1","1","1","1","true","familiar"
"adaptive-revisable-grammar","303","12","lineage-303","treatment","afterRegrowth","2","1","1","1","true","familiar"
"adaptive-revisable-grammar","303","12","lineage-303","treatment","afterRegrowth","3","1","1","1","true","familiar"
"adaptive-revisable-grammar","303","12","lineage-303","treatment","afterRegrowth","4","0","0","0","true","familiar"
"adaptive-revisable-grammar","303","12","lineage-303","treatment","afterRegrowth","5","0","0","0","true","familiar"
"adaptive-revisable-grammar","303","12","lineage-303","treatment","afterRegrowth","6","1","1","1","true","familiar"
"adaptive-revisable-grammar","303","12","lineage-303","treatment","afterRegrowth","7","1","1","1","true","familiar"
"adaptive-revisable-grammar","303","12","lineage-303","treatment","transfer","0","0","1","0","false","custom"
"adaptive-revisable-grammar","303","12","lineage-303","treatment","transfer","1","1","0","1","false","custom"
"adaptive-revisable-grammar","303","12","lineage-303","treatment","transfer","2","1","0","1","false","custom"
"adaptive-revisable-grammar","303","12","lineage-303","treatment","transfer","3","0","1","0","false","custom"
"adaptive-revisable-grammar","303","12","lineage-303","treatment","transfer","4","1","0","1","false","custom"
"adaptive-revisable-grammar","303","12","lineage-303","treatment","transfer","5","1","0","1","false","custom"
"adaptive-revisable-grammar","303","12","lineage-303","treatment","transfer","6","1","0","1","false","custom"
"adaptive-revisable-grammar","303","12","lineage-303","treatment","transfer","7","0","1","0","false","custom"
"adaptive-revisable-grammar","303","13","lineage-303","control","before","0","0","0","0","true","familiar"
"adaptive-revisable-grammar","303","13","lineage-303","control","before","1","1","1","1","true","familiar"
"adaptive-revisable-grammar","303","13","lineage-303","control","before","2","0","0","0","true","familiar"
"adaptive-revisable-grammar","303","13","lineage-303","control","before","3","0","0","0","true","familiar"
"adaptive-revisable-grammar","303","13","lineage-303","control","before","4","0","0","0","true","familiar"
"adaptive-revisable-grammar","303","13","lineage-303","control","before","5","0","0","0","true","familiar"
"adaptive-revisable-grammar","303","13","lineage-303","control","before","6","1","1","1","true","familiar"
"adaptive-revisable-grammar","303","13","lineage-303","control","before","7","1","1","1","true","familiar"
"adaptive-revisable-grammar","303","13","lineage-303","control","afterRegrowth","0","0","0","0","true","familiar"
"adaptive-revisable-grammar","303","13","lineage-303","control","afterRegrowth","1","1","1","1","true","familiar"
"adaptive-revisable-grammar","303","13","lineage-303","control","afterRegrowth","2","1","1","1","true","familiar"
"adaptive-revisable-grammar","303","13","lineage-303","control","afterRegrowth","3","1","1","1","true","familiar"
"adaptive-revisable-grammar","303","13","lineage-303","control","afterRegrowth","4","0","0","0","true","familiar"
"adaptive-revisable-grammar","303","13","lineage-303","control","afterRegrowth","5","0","0","0","true","familiar"
"adaptive-revisable-grammar","303","13","lineage-303","control","afterRegrowth","6","1","1","1","true","familiar"
"adaptive-revisable-grammar","303","13","lineage-303","control","afterRegrowth","7","1","1","1","true","familiar"
"adaptive-revisable-grammar","303","13","lineage-303","control","transfer","0","0","1","0","false","custom"
"adaptive-revisable-grammar","303","13","lineage-303","control","transfer","1","1","0","1","false","custom"
"adaptive-revisable-grammar","303","13","lineage-303","control","transfer","2","1","0","1","false","custom"
"adaptive-revisable-grammar","303","13","lineage-303","control","transfer","3","0","1","0","false","custom"
"adaptive-revisable-grammar","303","13","lineage-303","control","transfer","4","1","0","1","false","custom"
"adaptive-revisable-grammar","303","13","lineage-303","control","transfer","5","1","0","1","false","custom"
"adaptive-revisable-grammar","303","13","lineage-303","control","transfer","6","1","0","1","false","custom"
"adaptive-revisable-grammar","303","13","lineage-303","control","transfer","7","0","1","0","false","custom"
"adaptive-revisable-grammar","303","13","lineage-303","treatment","before","0","0","0","0","true","familiar"
"adaptive-revisable-grammar","303","13","lineage-303","treatment","before","1","1","1","1","true","familiar"
"adaptive-revisable-grammar","303","13","lineage-303","treatment","before","2","0","0","0","true","familiar"
"adaptive-revisable-grammar","303","13","lineage-303","treatment","before","3","0","0","0","true","familiar"
"adaptive-revisable-grammar","303","13","lineage-303","treatment","before","4","0","0","0","true","familiar"
"adaptive-revisable-grammar","303","13","lineage-303","treatment","before","5","0","0","0","true","familiar"
"adaptive-revisable-grammar","303","13","lineage-303","treatment","before","6","1","1","1","true","familiar"
"adaptive-revisable-grammar","303","13","lineage-303","treatment","before","7","1","1","1","true","familiar"
"adaptive-revisable-grammar","303","13","lineage-303","treatment","afterRegrowth","0","0","0","0","true","familiar"
"adaptive-revisable-grammar","303","13","lineage-303","treatment","afterRegrowth","1","1","1","1","true","familiar"
"adaptive-revisable-grammar","303","13","lineage-303","treatment","afterRegrowth","2","1","1","1","true","familiar"
"adaptive-revisable-grammar","303","13","lineage-303","treatment","afterRegrowth","3","1","1","1","true","familiar"
"adaptive-revisable-grammar","303","13","lineage-303","treatment","afterRegrowth","4","0","0","0","true","familiar"
"adaptive-revisable-grammar","303","13","lineage-303","treatment","afterRegrowth","5","0","0","0","true","familiar"
"adaptive-revisable-grammar","303","13","lineage-303","treatment","afterRegrowth","6","1","1","1","true","familiar"
"adaptive-revisable-grammar","303","13","lineage-303","treatment","afterRegrowth","7","1","1","1","true","familiar"
"adaptive-revisable-grammar","303","13","lineage-303","treatment","transfer","0","0","1","0","false","custom"
"adaptive-revisable-grammar","303","13","lineage-303","treatment","transfer","1","1","0","1","false","custom"
"adaptive-revisable-grammar","303","13","lineage-303","treatment","transfer","2","1","0","1","false","custom"
"adaptive-revisable-grammar","303","13","lineage-303","treatment","transfer","3","0","1","0","false","custom"
"adaptive-revisable-grammar","303","13","lineage-303","treatment","transfer","4","1","0","1","false","custom"
"adaptive-revisable-grammar","303","13","lineage-303","treatment","transfer","5","1","0","1","false","custom"
"adaptive-revisable-grammar","303","13","lineage-303","treatment","transfer","6","1","0","1","false","custom"
"adaptive-revisable-grammar","303","13","lineage-303","treatment","transfer","7","0","1","0","false","custom"
"adaptive-revisable-grammar","303","14","lineage-303","control","before","0","0","0","0","true","familiar"
"adaptive-revisable-grammar","303","14","lineage-303","control","before","1","1","1","1","true","familiar"
"adaptive-revisable-grammar","303","14","lineage-303","control","before","2","0","0","0","true","familiar"
"adaptive-revisable-grammar","303","14","lineage-303","control","before","3","0","0","0","true","familiar"
"adaptive-revisable-grammar","303","14","lineage-303","control","before","4","0","0","0","true","familiar"
"adaptive-revisable-grammar","303","14","lineage-303","control","before","5","0","0","0","true","familiar"
"adaptive-revisable-grammar","303","14","lineage-303","control","before","6","1","1","1","true","familiar"
"adaptive-revisable-grammar","303","14","lineage-303","control","before","7","1","1","1","true","familiar"
"adaptive-revisable-grammar","303","14","lineage-303","control","afterRegrowth","0","0","0","0","true","familiar"
"adaptive-revisable-grammar","303","14","lineage-303","control","afterRegrowth","1","1","1","1","true","familiar"
"adaptive-revisable-grammar","303","14","lineage-303","control","afterRegrowth","2","1","1","1","true","familiar"
"adaptive-revisable-grammar","303","14","lineage-303","control","afterRegrowth","3","1","1","1","true","familiar"
"adaptive-revisable-grammar","303","14","lineage-303","control","afterRegrowth","4","0","0","0","true","familiar"
"adaptive-revisable-grammar","303","14","lineage-303","control","afterRegrowth","5","0","0","0","true","familiar"
"adaptive-revisable-grammar","303","14","lineage-303","control","afterRegrowth","6","1","1","1","true","familiar"
"adaptive-revisable-grammar","303","14","lineage-303","control","afterRegrowth","7","1","1","1","true","familiar"
"adaptive-revisable-grammar","303","14","lineage-303","control","transfer","0","0","1","0","false","custom"
"adaptive-revisable-grammar","303","14","lineage-303","control","transfer","1","1","0","1","false","custom"
"adaptive-revisable-grammar","303","14","lineage-303","control","transfer","2","1","0","1","false","custom"
"adaptive-revisable-grammar","303","14","lineage-303","control","transfer","3","0","1","0","false","custom"
"adaptive-revisable-grammar","303","14","lineage-303","control","transfer","4","1","0","1","false","custom"
"adaptive-revisable-grammar","303","14","lineage-303","control","transfer","5","1","0","1","false","custom"
"adaptive-revisable-grammar","303","14","lineage-303","control","transfer","6","1","0","1","false","custom"
"adaptive-revisable-grammar","303","14","lineage-303","control","transfer","7","0","1","0","false","custom"
"adaptive-revisable-grammar","303","14","lineage-303","treatment","before","0","0","0","0","true","familiar"
"adaptive-revisable-grammar","303","14","lineage-303","treatment","before","1","1","1","1","true","familiar"
"adaptive-revisable-grammar","303","14","lineage-303","treatment","before","2","0","0","0","true","familiar"
"adaptive-revisable-grammar","303","14","lineage-303","treatment","before","3","0","0","0","true","familiar"
"adaptive-revisable-grammar","303","14","lineage-303","treatment","before","4","0","0","0","true","familiar"
"adaptive-revisable-grammar","303","14","lineage-303","treatment","before","5","0","0","0","true","familiar"
"adaptive-revisable-grammar","303","14","lineage-303","treatment","before","6","1","1","1","true","familiar"
"adaptive-revisable-grammar","303","14","lineage-303","treatment","before","7","1","1","1","true","familiar"
"adaptive-revisable-grammar","303","14","lineage-303","treatment","afterRegrowth","0","0","0","0","true","familiar"
"adaptive-revisable-grammar","303","14","lineage-303","treatment","afterRegrowth","1","1","1","1","true","familiar"
"adaptive-revisable-grammar","303","14","lineage-303","treatment","afterRegrowth","2","1","1","1","true","familiar"
"adaptive-revisable-grammar","303","14","lineage-303","treatment","afterRegrowth","3","1","1","1","true","familiar"
"adaptive-revisable-grammar","303","14","lineage-303","treatment","afterRegrowth","4","0","0","0","true","familiar"
"adaptive-revisable-grammar","303","14","lineage-303","treatment","afterRegrowth","5","0","0","0","true","familiar"
"adaptive-revisable-grammar","303","14","lineage-303","treatment","afterRegrowth","6","1","1","1","true","familiar"
"adaptive-revisable-grammar","303","14","lineage-303","treatment","afterRegrowth","7","1","1","1","true","familiar"
"adaptive-revisable-grammar","303","14","lineage-303","treatment","transfer","0","0","1","0","false","custom"
"adaptive-revisable-grammar","303","14","lineage-303","treatment","transfer","1","1","0","1","false","custom"
"adaptive-revisable-grammar","303","14","lineage-303","treatment","transfer","2","1","0","1","false","custom"
"adaptive-revisable-grammar","303","14","lineage-303","treatment","transfer","3","0","1","0","false","custom"
"adaptive-revisable-grammar","303","14","lineage-303","treatment","transfer","4","1","0","1","false","custom"
"adaptive-revisable-grammar","303","14","lineage-303","treatment","transfer","5","1","0","1","false","custom"
"adaptive-revisable-grammar","303","14","lineage-303","treatment","transfer","6","1","0","1","false","custom"
"adaptive-revisable-grammar","303","14","lineage-303","treatment","transfer","7","0","1","0","false","custom"
"fixed-one-factor","404","15","lineage-404","control","before","0","1","1","1","true","familiar"
"fixed-one-factor","404","15","lineage-404","control","before","1","1","1","1","true","familiar"
"fixed-one-factor","404","15","lineage-404","control","before","2","1","1","1","true","familiar"
"fixed-one-factor","404","15","lineage-404","control","before","3","0","0","0","true","familiar"
"fixed-one-factor","404","15","lineage-404","control","before","4","1","1","1","true","familiar"
"fixed-one-factor","404","15","lineage-404","control","before","5","1","1","1","true","familiar"
"fixed-one-factor","404","15","lineage-404","control","before","6","1","1","1","true","familiar"
"fixed-one-factor","404","15","lineage-404","control","before","7","0","0","0","true","familiar"
"fixed-one-factor","404","15","lineage-404","control","afterRegrowth","0","1","1","1","true","familiar"
"fixed-one-factor","404","15","lineage-404","control","afterRegrowth","1","0","0","0","true","familiar"
"fixed-one-factor","404","15","lineage-404","control","afterRegrowth","2","1","1","1","true","familiar"
"fixed-one-factor","404","15","lineage-404","control","afterRegrowth","3","0","0","0","true","familiar"
"fixed-one-factor","404","15","lineage-404","control","afterRegrowth","4","0","0","0","true","familiar"
"fixed-one-factor","404","15","lineage-404","control","afterRegrowth","5","1","1","1","true","familiar"
"fixed-one-factor","404","15","lineage-404","control","afterRegrowth","6","0","0","0","true","familiar"
"fixed-one-factor","404","15","lineage-404","control","afterRegrowth","7","1","1","1","true","familiar"
"fixed-one-factor","404","15","lineage-404","control","transfer","0","0","1","0","false","custom"
"fixed-one-factor","404","15","lineage-404","control","transfer","1","0","1","0","false","custom"
"fixed-one-factor","404","15","lineage-404","control","transfer","2","0","1","0","false","custom"
"fixed-one-factor","404","15","lineage-404","control","transfer","3","0","1","0","false","custom"
"fixed-one-factor","404","15","lineage-404","control","transfer","4","1","0","1","false","custom"
"fixed-one-factor","404","15","lineage-404","control","transfer","5","0","1","0","false","custom"
"fixed-one-factor","404","15","lineage-404","control","transfer","6","1","0","1","false","custom"
"fixed-one-factor","404","15","lineage-404","control","transfer","7","0","1","0","false","custom"
"fixed-one-factor","404","15","lineage-404","treatment","before","0","1","1","1","true","familiar"
"fixed-one-factor","404","15","lineage-404","treatment","before","1","1","1","1","true","familiar"
"fixed-one-factor","404","15","lineage-404","treatment","before","2","1","1","1","true","familiar"
"fixed-one-factor","404","15","lineage-404","treatment","before","3","0","0","0","true","familiar"
"fixed-one-factor","404","15","lineage-404","treatment","before","4","1","1","1","true","familiar"
"fixed-one-factor","404","15","lineage-404","treatment","before","5","1","1","1","true","familiar"
"fixed-one-factor","404","15","lineage-404","treatment","before","6","1","1","1","true","familiar"
"fixed-one-factor","404","15","lineage-404","treatment","before","7","0","0","0","true","familiar"
"fixed-one-factor","404","15","lineage-404","treatment","afterRegrowth","0","1","1","1","true","familiar"
"fixed-one-factor","404","15","lineage-404","treatment","afterRegrowth","1","0","0","0","true","familiar"
"fixed-one-factor","404","15","lineage-404","treatment","afterRegrowth","2","1","1","1","true","familiar"
"fixed-one-factor","404","15","lineage-404","treatment","afterRegrowth","3","0","0","0","true","familiar"
"fixed-one-factor","404","15","lineage-404","treatment","afterRegrowth","4","0","0","0","true","familiar"
"fixed-one-factor","404","15","lineage-404","treatment","afterRegrowth","5","1","1","1","true","familiar"
"fixed-one-factor","404","15","lineage-404","treatment","afterRegrowth","6","0","0","0","true","familiar"
"fixed-one-factor","404","15","lineage-404","treatment","afterRegrowth","7","1","1","1","true","familiar"
"fixed-one-factor","404","15","lineage-404","treatment","transfer","0","0","1","0","false","custom"
"fixed-one-factor","404","15","lineage-404","treatment","transfer","1","0","1","0","false","custom"
"fixed-one-factor","404","15","lineage-404","treatment","transfer","2","0","1","0","false","custom"
"fixed-one-factor","404","15","lineage-404","treatment","transfer","3","0","1","0","false","custom"
"fixed-one-factor","404","15","lineage-404","treatment","transfer","4","1","0","1","false","custom"
"fixed-one-factor","404","15","lineage-404","treatment","transfer","5","0","1","0","false","custom"
"fixed-one-factor","404","15","lineage-404","treatment","transfer","6","1","0","1","false","custom"
"fixed-one-factor","404","15","lineage-404","treatment","transfer","7","0","1","0","false","custom"
"fixed-one-factor","404","16","lineage-404","control","before","0","1","1","1","true","familiar"
"fixed-one-factor","404","16","lineage-404","control","before","1","1","1","1","true","familiar"
"fixed-one-factor","404","16","lineage-404","control","before","2","1","1","1","true","familiar"
"fixed-one-factor","404","16","lineage-404","control","before","3","0","0","0","true","familiar"
"fixed-one-factor","404","16","lineage-404","control","before","4","1","1","1","true","familiar"
"fixed-one-factor","404","16","lineage-404","control","before","5","1","1","1","true","familiar"
"fixed-one-factor","404","16","lineage-404","control","before","6","1","1","1","true","familiar"
"fixed-one-factor","404","16","lineage-404","control","before","7","0","0","0","true","familiar"
"fixed-one-factor","404","16","lineage-404","control","afterRegrowth","0","1","1","1","true","familiar"
"fixed-one-factor","404","16","lineage-404","control","afterRegrowth","1","0","0","0","true","familiar"
"fixed-one-factor","404","16","lineage-404","control","afterRegrowth","2","1","1","1","true","familiar"
"fixed-one-factor","404","16","lineage-404","control","afterRegrowth","3","0","0","0","true","familiar"
"fixed-one-factor","404","16","lineage-404","control","afterRegrowth","4","0","0","0","true","familiar"
"fixed-one-factor","404","16","lineage-404","control","afterRegrowth","5","1","1","1","true","familiar"
"fixed-one-factor","404","16","lineage-404","control","afterRegrowth","6","0","0","0","true","familiar"
"fixed-one-factor","404","16","lineage-404","control","afterRegrowth","7","1","1","1","true","familiar"
"fixed-one-factor","404","16","lineage-404","control","transfer","0","0","1","0","false","custom"
"fixed-one-factor","404","16","lineage-404","control","transfer","1","0","1","0","false","custom"
"fixed-one-factor","404","16","lineage-404","control","transfer","2","0","1","0","false","custom"
"fixed-one-factor","404","16","lineage-404","control","transfer","3","0","1","0","false","custom"
"fixed-one-factor","404","16","lineage-404","control","transfer","4","1","0","1","false","custom"
"fixed-one-factor","404","16","lineage-404","control","transfer","5","0","1","0","false","custom"
"fixed-one-factor","404","16","lineage-404","control","transfer","6","1","0","1","false","custom"
"fixed-one-factor","404","16","lineage-404","control","transfer","7","0","1","0","false","custom"
"fixed-one-factor","404","16","lineage-404","treatment","before","0","1","1","1","true","familiar"
"fixed-one-factor","404","16","lineage-404","treatment","before","1","1","1","1","true","familiar"
"fixed-one-factor","404","16","lineage-404","treatment","before","2","1","1","1","true","familiar"
"fixed-one-factor","404","16","lineage-404","treatment","before","3","0","0","0","true","familiar"
"fixed-one-factor","404","16","lineage-404","treatment","before","4","1","1","1","true","familiar"
"fixed-one-factor","404","16","lineage-404","treatment","before","5","1","1","1","true","familiar"
"fixed-one-factor","404","16","lineage-404","treatment","before","6","1","1","1","true","familiar"
"fixed-one-factor","404","16","lineage-404","treatment","before","7","0","0","0","true","familiar"
"fixed-one-factor","404","16","lineage-404","treatment","afterRegrowth","0","1","1","1","true","familiar"
"fixed-one-factor","404","16","lineage-404","treatment","afterRegrowth","1","0","0","0","true","familiar"
"fixed-one-factor","404","16","lineage-404","treatment","afterRegrowth","2","1","1","1","true","familiar"
"fixed-one-factor","404","16","lineage-404","treatment","afterRegrowth","3","0","0","0","true","familiar"
"fixed-one-factor","404","16","lineage-404","treatment","afterRegrowth","4","0","0","0","true","familiar"
"fixed-one-factor","404","16","lineage-404","treatment","afterRegrowth","5","1","1","1","true","familiar"
"fixed-one-factor","404","16","lineage-404","treatment","afterRegrowth","6","0","0","0","true","familiar"
"fixed-one-factor","404","16","lineage-404","treatment","afterRegrowth","7","1","1","1","true","familiar"
"fixed-one-factor","404","16","lineage-404","treatment","transfer","0","0","1","0","false","custom"
"fixed-one-factor","404","16","lineage-404","treatment","transfer","1","0","1","0","false","custom"
"fixed-one-factor","404","16","lineage-404","treatment","transfer","2","0","1","0","false","custom"
"fixed-one-factor","404","16","lineage-404","treatment","transfer","3","0","1","0","false","custom"
"fixed-one-factor","404","16","lineage-404","treatment","transfer","4","1","0","1","false","custom"
"fixed-one-factor","404","16","lineage-404","treatment","transfer","5","0","1","0","false","custom"
"fixed-one-factor","404","16","lineage-404","treatment","transfer","6","1","0","1","false","custom"
"fixed-one-factor","404","16","lineage-404","treatment","transfer","7","0","1","0","false","custom"
"fixed-one-factor","404","17","lineage-404","control","before","0","1","1","1","true","familiar"
"fixed-one-factor","404","17","lineage-404","control","before","1","1","1","1","true","familiar"
"fixed-one-factor","404","17","lineage-404","control","before","2","1","1","1","true","familiar"
"fixed-one-factor","404","17","lineage-404","control","before","3","0","0","0","true","familiar"
"fixed-one-factor","404","17","lineage-404","control","before","4","1","1","1","true","familiar"
"fixed-one-factor","404","17","lineage-404","control","before","5","1","1","1","true","familiar"
"fixed-one-factor","404","17","lineage-404","control","before","6","1","1","1","true","familiar"
"fixed-one-factor","404","17","lineage-404","control","before","7","0","0","0","true","familiar"
"fixed-one-factor","404","17","lineage-404","control","afterRegrowth","0","1","1","1","true","familiar"
"fixed-one-factor","404","17","lineage-404","control","afterRegrowth","1","0","0","0","true","familiar"
"fixed-one-factor","404","17","lineage-404","control","afterRegrowth","2","1","1","1","true","familiar"
"fixed-one-factor","404","17","lineage-404","control","afterRegrowth","3","0","0","0","true","familiar"
"fixed-one-factor","404","17","lineage-404","control","afterRegrowth","4","0","0","0","true","familiar"
"fixed-one-factor","404","17","lineage-404","control","afterRegrowth","5","1","1","1","true","familiar"
"fixed-one-factor","404","17","lineage-404","control","afterRegrowth","6","0","0","0","true","familiar"
"fixed-one-factor","404","17","lineage-404","control","afterRegrowth","7","1","1","1","true","familiar"
"fixed-one-factor","404","17","lineage-404","control","transfer","0","0","1","0","false","custom"
"fixed-one-factor","404","17","lineage-404","control","transfer","1","0","1","0","false","custom"
"fixed-one-factor","404","17","lineage-404","control","transfer","2","0","1","0","false","custom"
"fixed-one-factor","404","17","lineage-404","control","transfer","3","0","1","0","false","custom"
"fixed-one-factor","404","17","lineage-404","control","transfer","4","1","0","1","false","custom"
"fixed-one-factor","404","17","lineage-404","control","transfer","5","0","1","0","false","custom"
"fixed-one-factor","404","17","lineage-404","control","transfer","6","1","0","1","false","custom"
"fixed-one-factor","404","17","lineage-404","control","transfer","7","0","1","0","false","custom"
"fixed-one-factor","404","17","lineage-404","treatment","before","0","1","1","1","true","familiar"
"fixed-one-factor","404","17","lineage-404","treatment","before","1","1","1","1","true","familiar"
"fixed-one-factor","404","17","lineage-404","treatment","before","2","1","1","1","true","familiar"
"fixed-one-factor","404","17","lineage-404","treatment","before","3","0","0","0","true","familiar"
"fixed-one-factor","404","17","lineage-404","treatment","before","4","1","1","1","true","familiar"
"fixed-one-factor","404","17","lineage-404","treatment","before","5","1","1","1","true","familiar"
"fixed-one-factor","404","17","lineage-404","treatment","before","6","1","1","1","true","familiar"
"fixed-one-factor","404","17","lineage-404","treatment","before","7","0","0","0","true","familiar"
"fixed-one-factor","404","17","lineage-404","treatment","afterRegrowth","0","1","1","1","true","familiar"
"fixed-one-factor","404","17","lineage-404","treatment","afterRegrowth","1","0","0","0","true","familiar"
"fixed-one-factor","404","17","lineage-404","treatment","afterRegrowth","2","1","1","1","true","familiar"
"fixed-one-factor","404","17","lineage-404","treatment","afterRegrowth","3","0","0","0","true","familiar"
"fixed-one-factor","404","17","lineage-404","treatment","afterRegrowth","4","0","0","0","true","familiar"
"fixed-one-factor","404","17","lineage-404","treatment","afterRegrowth","5","1","1","1","true","familiar"
"fixed-one-factor","404","17","lineage-404","treatment","afterRegrowth","6","0","0","0","true","familiar"
"fixed-one-factor","404","17","lineage-404","treatment","afterRegrowth","7","1","1","1","true","familiar"
"fixed-one-factor","404","17","lineage-404","treatment","transfer","0","0","1","0","false","custom"
"fixed-one-factor","404","17","lineage-404","treatment","transfer","1","0","1","0","false","custom"
"fixed-one-factor","404","17","lineage-404","treatment","transfer","2","0","1","0","false","custom"
"fixed-one-factor","404","17","lineage-404","treatment","transfer","3","0","1","0","false","custom"
"fixed-one-factor","404","17","lineage-404","treatment","transfer","4","1","0","1","false","custom"
"fixed-one-factor","404","17","lineage-404","treatment","transfer","5","0","1","0","false","custom"
"fixed-one-factor","404","17","lineage-404","treatment","transfer","6","1","0","1","false","custom"
"fixed-one-factor","404","17","lineage-404","treatment","transfer","7","0","1","0","false","custom"
"fixed-one-factor","404","18","lineage-404","control","before","0","1","1","1","true","familiar"
"fixed-one-factor","404","18","lineage-404","control","before","1","1","1","1","true","familiar"
"fixed-one-factor","404","18","lineage-404","control","before","2","1","1","1","true","familiar"
"fixed-one-factor","404","18","lineage-404","control","before","3","0","0","0","true","familiar"
"fixed-one-factor","404","18","lineage-404","control","before","4","1","1","1","true","familiar"
"fixed-one-factor","404","18","lineage-404","control","before","5","1","1","1","true","familiar"
"fixed-one-factor","404","18","lineage-404","control","before","6","1","1","1","true","familiar"
"fixed-one-factor","404","18","lineage-404","control","before","7","0","0","0","true","familiar"
"fixed-one-factor","404","18","lineage-404","control","afterRegrowth","0","1","1","1","true","familiar"
"fixed-one-factor","404","18","lineage-404","control","afterRegrowth","1","0","0","0","true","familiar"
"fixed-one-factor","404","18","lineage-404","control","afterRegrowth","2","1","1","1","true","familiar"
"fixed-one-factor","404","18","lineage-404","control","afterRegrowth","3","0","0","0","true","familiar"
"fixed-one-factor","404","18","lineage-404","control","afterRegrowth","4","0","0","0","true","familiar"
"fixed-one-factor","404","18","lineage-404","control","afterRegrowth","5","1","1","1","true","familiar"
"fixed-one-factor","404","18","lineage-404","control","afterRegrowth","6","0","0","0","true","familiar"
"fixed-one-factor","404","18","lineage-404","control","afterRegrowth","7","1","1","1","true","familiar"
"fixed-one-factor","404","18","lineage-404","control","transfer","0","0","1","0","false","custom"
"fixed-one-factor","404","18","lineage-404","control","transfer","1","0","1","0","false","custom"
"fixed-one-factor","404","18","lineage-404","control","transfer","2","0","1","0","false","custom"
"fixed-one-factor","404","18","lineage-404","control","transfer","3","0","1","0","false","custom"
"fixed-one-factor","404","18","lineage-404","control","transfer","4","1","0","1","false","custom"
"fixed-one-factor","404","18","lineage-404","control","transfer","5","0","1","0","false","custom"
"fixed-one-factor","404","18","lineage-404","control","transfer","6","1","0","1","false","custom"
"fixed-one-factor","404","18","lineage-404","control","transfer","7","0","1","0","false","custom"
"fixed-one-factor","404","18","lineage-404","treatment","before","0","1","1","1","true","familiar"
"fixed-one-factor","404","18","lineage-404","treatment","before","1","1","1","1","true","familiar"
"fixed-one-factor","404","18","lineage-404","treatment","before","2","1","1","1","true","familiar"
"fixed-one-factor","404","18","lineage-404","treatment","before","3","0","0","0","true","familiar"
"fixed-one-factor","404","18","lineage-404","treatment","before","4","1","1","1","true","familiar"
"fixed-one-factor","404","18","lineage-404","treatment","before","5","1","1","1","true","familiar"
"fixed-one-factor","404","18","lineage-404","treatment","before","6","1","1","1","true","familiar"
"fixed-one-factor","404","18","lineage-404","treatment","before","7","0","0","0","true","familiar"
"fixed-one-factor","404","18","lineage-404","treatment","afterRegrowth","0","1","1","1","true","familiar"
"fixed-one-factor","404","18","lineage-404","treatment","afterRegrowth","1","0","0","0","true","familiar"
"fixed-one-factor","404","18","lineage-404","treatment","afterRegrowth","2","1","1","1","true","familiar"
"fixed-one-factor","404","18","lineage-404","treatment","afterRegrowth","3","0","0","0","true","familiar"
"fixed-one-factor","404","18","lineage-404","treatment","afterRegrowth","4","0","0","0","true","familiar"
"fixed-one-factor","404","18","lineage-404","treatment","afterRegrowth","5","1","1","1","true","familiar"
"fixed-one-factor","404","18","lineage-404","treatment","afterRegrowth","6","0","0","0","true","familiar"
"fixed-one-factor","404","18","lineage-404","treatment","afterRegrowth","7","1","1","1","true","familiar"
"fixed-one-factor","404","18","lineage-404","treatment","transfer","0","0","1","0","false","custom"
"fixed-one-factor","404","18","lineage-404","treatment","transfer","1","0","1","0","false","custom"
"fixed-one-factor","404","18","lineage-404","treatment","transfer","2","0","1","0","false","custom"
"fixed-one-factor","404","18","lineage-404","treatment","transfer","3","0","1","0","false","custom"
"fixed-one-factor","404","18","lineage-404","treatment","transfer","4","1","0","1","false","custom"
"fixed-one-factor","404","18","lineage-404","treatment","transfer","5","0","1","0","false","custom"
"fixed-one-factor","404","18","lineage-404","treatment","transfer","6","1","0","1","false","custom"
"fixed-one-factor","404","18","lineage-404","treatment","transfer","7","0","1","0","false","custom"
"fixed-one-factor","404","19","lineage-404","control","before","0","1","1","1","true","familiar"
"fixed-one-factor","404","19","lineage-404","control","before","1","1","1","1","true","familiar"
"fixed-one-factor","404","19","lineage-404","control","before","2","1","1","1","true","familiar"
"fixed-one-factor","404","19","lineage-404","control","before","3","0","0","0","true","familiar"
"fixed-one-factor","404","19","lineage-404","control","before","4","1","1","1","true","familiar"
"fixed-one-factor","404","19","lineage-404","control","before","5","1","1","1","true","familiar"
"fixed-one-factor","404","19","lineage-404","control","before","6","1","1","1","true","familiar"
"fixed-one-factor","404","19","lineage-404","control","before","7","0","0","0","true","familiar"
"fixed-one-factor","404","19","lineage-404","control","afterRegrowth","0","1","1","1","true","familiar"
"fixed-one-factor","404","19","lineage-404","control","afterRegrowth","1","0","0","0","true","familiar"
"fixed-one-factor","404","19","lineage-404","control","afterRegrowth","2","1","1","1","true","familiar"
"fixed-one-factor","404","19","lineage-404","control","afterRegrowth","3","0","0","0","true","familiar"
"fixed-one-factor","404","19","lineage-404","control","afterRegrowth","4","0","0","0","true","familiar"
"fixed-one-factor","404","19","lineage-404","control","afterRegrowth","5","1","1","1","true","familiar"
"fixed-one-factor","404","19","lineage-404","control","afterRegrowth","6","0","0","0","true","familiar"
"fixed-one-factor","404","19","lineage-404","control","afterRegrowth","7","1","1","1","true","familiar"
"fixed-one-factor","404","19","lineage-404","control","transfer","0","0","1","0","false","custom"
"fixed-one-factor","404","19","lineage-404","control","transfer","1","0","1","0","false","custom"
"fixed-one-factor","404","19","lineage-404","control","transfer","2","0","1","0","false","custom"
"fixed-one-factor","404","19","lineage-404","control","transfer","3","0","1","0","false","custom"
"fixed-one-factor","404","19","lineage-404","control","transfer","4","1","0","1","false","custom"
"fixed-one-factor","404","19","lineage-404","control","transfer","5","0","1","0","false","custom"
"fixed-one-factor","404","19","lineage-404","control","transfer","6","1","0","1","false","custom"
"fixed-one-factor","404","19","lineage-404","control","transfer","7","0","1","0","false","custom"
"fixed-one-factor","404","19","lineage-404","treatment","before","0","1","1","1","true","familiar"
"fixed-one-factor","404","19","lineage-404","treatment","before","1","1","1","1","true","familiar"
"fixed-one-factor","404","19","lineage-404","treatment","before","2","1","1","1","true","familiar"
"fixed-one-factor","404","19","lineage-404","treatment","before","3","0","0","0","true","familiar"
"fixed-one-factor","404","19","lineage-404","treatment","before","4","1","1","1","true","familiar"
"fixed-one-factor","404","19","lineage-404","treatment","before","5","1","1","1","true","familiar"
"fixed-one-factor","404","19","lineage-404","treatment","before","6","1","1","1","true","familiar"
"fixed-one-factor","404","19","lineage-404","treatment","before","7","0","0","0","true","familiar"
"fixed-one-factor","404","19","lineage-404","treatment","afterRegrowth","0","1","1","1","true","familiar"
"fixed-one-factor","404","19","lineage-404","treatment","afterRegrowth","1","0","0","0","true","familiar"
"fixed-one-factor","404","19","lineage-404","treatment","afterRegrowth","2","1","1","1","true","familiar"
"fixed-one-factor","404","19","lineage-404","treatment","afterRegrowth","3","0","0","0","true","familiar"
"fixed-one-factor","404","19","lineage-404","treatment","afterRegrowth","4","0","0","0","true","familiar"
"fixed-one-factor","404","19","lineage-404","treatment","afterRegrowth","5","1","1","1","true","familiar"
"fixed-one-factor","404","19","lineage-404","treatment","afterRegrowth","6","0","0","0","true","familiar"
"fixed-one-factor","404","19","lineage-404","treatment","afterRegrowth","7","1","1","1","true","familiar"
"fixed-one-factor","404","19","lineage-404","treatment","transfer","0","0","1","0","false","custom"
"fixed-one-factor","404","19","lineage-404","treatment","transfer","1","0","1","0","false","custom"
"fixed-one-factor","404","19","lineage-404","treatment","transfer","2","0","1","0","false","custom"
"fixed-one-factor","404","19","lineage-404","treatment","transfer","3","0","1","0","false","custom"
"fixed-one-factor","404","19","lineage-404","treatment","transfer","4","1","0","1","false","custom"
"fixed-one-factor","404","19","lineage-404","treatment","transfer","5","0","1","0","false","custom"
"fixed-one-factor","404","19","lineage-404","treatment","transfer","6","1","0","1","false","custom"
"fixed-one-factor","404","19","lineage-404","treatment","transfer","7","0","1","0","false","custom"
"fixed-factorial","404","15","lineage-404","control","before","0","1","1","1","true","familiar"
"fixed-factorial","404","15","lineage-404","control","before","1","1","1","1","true","familiar"
"fixed-factorial","404","15","lineage-404","control","before","2","1","1","1","true","familiar"
"fixed-factorial","404","15","lineage-404","control","before","3","0","0","0","true","familiar"
"fixed-factorial","404","15","lineage-404","control","before","4","1","1","1","true","familiar"
"fixed-factorial","404","15","lineage-404","control","before","5","1","1","1","true","familiar"
"fixed-factorial","404","15","lineage-404","control","before","6","1","1","1","true","familiar"
"fixed-factorial","404","15","lineage-404","control","before","7","0","0","0","true","familiar"
"fixed-factorial","404","15","lineage-404","control","afterRegrowth","0","1","1","1","true","familiar"
"fixed-factorial","404","15","lineage-404","control","afterRegrowth","1","0","0","0","true","familiar"
"fixed-factorial","404","15","lineage-404","control","afterRegrowth","2","1","1","1","true","familiar"
"fixed-factorial","404","15","lineage-404","control","afterRegrowth","3","0","0","0","true","familiar"
"fixed-factorial","404","15","lineage-404","control","afterRegrowth","4","0","0","0","true","familiar"
"fixed-factorial","404","15","lineage-404","control","afterRegrowth","5","1","1","1","true","familiar"
"fixed-factorial","404","15","lineage-404","control","afterRegrowth","6","0","0","0","true","familiar"
"fixed-factorial","404","15","lineage-404","control","afterRegrowth","7","1","1","1","true","familiar"
"fixed-factorial","404","15","lineage-404","control","transfer","0","0","1","0","false","custom"
"fixed-factorial","404","15","lineage-404","control","transfer","1","0","1","0","false","custom"
"fixed-factorial","404","15","lineage-404","control","transfer","2","0","1","0","false","custom"
"fixed-factorial","404","15","lineage-404","control","transfer","3","0","1","0","false","custom"
"fixed-factorial","404","15","lineage-404","control","transfer","4","1","0","1","false","custom"
"fixed-factorial","404","15","lineage-404","control","transfer","5","0","1","0","false","custom"
"fixed-factorial","404","15","lineage-404","control","transfer","6","1","0","1","false","custom"
"fixed-factorial","404","15","lineage-404","control","transfer","7","0","1","0","false","custom"
"fixed-factorial","404","15","lineage-404","treatment","before","0","1","1","1","true","familiar"
"fixed-factorial","404","15","lineage-404","treatment","before","1","1","1","1","true","familiar"
"fixed-factorial","404","15","lineage-404","treatment","before","2","1","1","1","true","familiar"
"fixed-factorial","404","15","lineage-404","treatment","before","3","0","0","0","true","familiar"
"fixed-factorial","404","15","lineage-404","treatment","before","4","1","1","1","true","familiar"
"fixed-factorial","404","15","lineage-404","treatment","before","5","1","1","1","true","familiar"
"fixed-factorial","404","15","lineage-404","treatment","before","6","1","1","1","true","familiar"
"fixed-factorial","404","15","lineage-404","treatment","before","7","0","0","0","true","familiar"
"fixed-factorial","404","15","lineage-404","treatment","afterRegrowth","0","1","1","1","true","familiar"
"fixed-factorial","404","15","lineage-404","treatment","afterRegrowth","1","0","0","0","true","familiar"
"fixed-factorial","404","15","lineage-404","treatment","afterRegrowth","2","1","1","1","true","familiar"
"fixed-factorial","404","15","lineage-404","treatment","afterRegrowth","3","0","0","0","true","familiar"
"fixed-factorial","404","15","lineage-404","treatment","afterRegrowth","4","0","0","0","true","familiar"
"fixed-factorial","404","15","lineage-404","treatment","afterRegrowth","5","1","1","1","true","familiar"
"fixed-factorial","404","15","lineage-404","treatment","afterRegrowth","6","0","0","0","true","familiar"
"fixed-factorial","404","15","lineage-404","treatment","afterRegrowth","7","1","1","1","true","familiar"
"fixed-factorial","404","15","lineage-404","treatment","transfer","0","0","1","0","false","custom"
"fixed-factorial","404","15","lineage-404","treatment","transfer","1","0","1","0","false","custom"
"fixed-factorial","404","15","lineage-404","treatment","transfer","2","0","1","0","false","custom"
"fixed-factorial","404","15","lineage-404","treatment","transfer","3","0","1","0","false","custom"
"fixed-factorial","404","15","lineage-404","treatment","transfer","4","1","0","1","false","custom"
"fixed-factorial","404","15","lineage-404","treatment","transfer","5","0","1","0","false","custom"
"fixed-factorial","404","15","lineage-404","treatment","transfer","6","1","0","1","false","custom"
"fixed-factorial","404","15","lineage-404","treatment","transfer","7","0","1","0","false","custom"
"fixed-factorial","404","16","lineage-404","control","before","0","1","1","1","true","familiar"
"fixed-factorial","404","16","lineage-404","control","before","1","1","1","1","true","familiar"
"fixed-factorial","404","16","lineage-404","control","before","2","1","1","1","true","familiar"
"fixed-factorial","404","16","lineage-404","control","before","3","0","0","0","true","familiar"
"fixed-factorial","404","16","lineage-404","control","before","4","1","1","1","true","familiar"
"fixed-factorial","404","16","lineage-404","control","before","5","1","1","1","true","familiar"
"fixed-factorial","404","16","lineage-404","control","before","6","1","1","1","true","familiar"
"fixed-factorial","404","16","lineage-404","control","before","7","0","0","0","true","familiar"
"fixed-factorial","404","16","lineage-404","control","afterRegrowth","0","1","1","1","true","familiar"
"fixed-factorial","404","16","lineage-404","control","afterRegrowth","1","0","0","0","true","familiar"
"fixed-factorial","404","16","lineage-404","control","afterRegrowth","2","1","1","1","true","familiar"
"fixed-factorial","404","16","lineage-404","control","afterRegrowth","3","0","0","0","true","familiar"
"fixed-factorial","404","16","lineage-404","control","afterRegrowth","4","0","0","0","true","familiar"
"fixed-factorial","404","16","lineage-404","control","afterRegrowth","5","1","1","1","true","familiar"
"fixed-factorial","404","16","lineage-404","control","afterRegrowth","6","0","0","0","true","familiar"
"fixed-factorial","404","16","lineage-404","control","afterRegrowth","7","1","1","1","true","familiar"
"fixed-factorial","404","16","lineage-404","control","transfer","0","0","1","0","false","custom"
"fixed-factorial","404","16","lineage-404","control","transfer","1","0","1","0","false","custom"
"fixed-factorial","404","16","lineage-404","control","transfer","2","0","1","0","false","custom"
"fixed-factorial","404","16","lineage-404","control","transfer","3","0","1","0","false","custom"
"fixed-factorial","404","16","lineage-404","control","transfer","4","1","0","1","false","custom"
"fixed-factorial","404","16","lineage-404","control","transfer","5","0","1","0","false","custom"
"fixed-factorial","404","16","lineage-404","control","transfer","6","1","0","1","false","custom"
"fixed-factorial","404","16","lineage-404","control","transfer","7","0","1","0","false","custom"
"fixed-factorial","404","16","lineage-404","treatment","before","0","1","1","1","true","familiar"
"fixed-factorial","404","16","lineage-404","treatment","before","1","1","1","1","true","familiar"
"fixed-factorial","404","16","lineage-404","treatment","before","2","1","1","1","true","familiar"
"fixed-factorial","404","16","lineage-404","treatment","before","3","0","0","0","true","familiar"
"fixed-factorial","404","16","lineage-404","treatment","before","4","1","1","1","true","familiar"
"fixed-factorial","404","16","lineage-404","treatment","before","5","1","1","1","true","familiar"
"fixed-factorial","404","16","lineage-404","treatment","before","6","1","1","1","true","familiar"
"fixed-factorial","404","16","lineage-404","treatment","before","7","0","0","0","true","familiar"
"fixed-factorial","404","16","lineage-404","treatment","afterRegrowth","0","1","1","1","true","familiar"
"fixed-factorial","404","16","lineage-404","treatment","afterRegrowth","1","0","0","0","true","familiar"
"fixed-factorial","404","16","lineage-404","treatment","afterRegrowth","2","1","1","1","true","familiar"
"fixed-factorial","404","16","lineage-404","treatment","afterRegrowth","3","0","0","0","true","familiar"
"fixed-factorial","404","16","lineage-404","treatment","afterRegrowth","4","0","0","0","true","familiar"
"fixed-factorial","404","16","lineage-404","treatment","afterRegrowth","5","1","1","1","true","familiar"
"fixed-factorial","404","16","lineage-404","treatment","afterRegrowth","6","0","0","0","true","familiar"
"fixed-factorial","404","16","lineage-404","treatment","afterRegrowth","7","1","1","1","true","familiar"
"fixed-factorial","404","16","lineage-404","treatment","transfer","0","0","1","0","false","custom"
"fixed-factorial","404","16","lineage-404","treatment","transfer","1","0","1","0","false","custom"
"fixed-factorial","404","16","lineage-404","treatment","transfer","2","0","1","0","false","custom"
"fixed-factorial","404","16","lineage-404","treatment","transfer","3","0","1","0","false","custom"
"fixed-factorial","404","16","lineage-404","treatment","transfer","4","1","0","1","false","custom"
"fixed-factorial","404","16","lineage-404","treatment","transfer","5","0","1","0","false","custom"
"fixed-factorial","404","16","lineage-404","treatment","transfer","6","1","0","1","false","custom"
"fixed-factorial","404","16","lineage-404","treatment","transfer","7","0","1","0","false","custom"
"fixed-factorial","404","17","lineage-404","control","before","0","1","1","1","true","familiar"
"fixed-factorial","404","17","lineage-404","control","before","1","1","1","1","true","familiar"
"fixed-factorial","404","17","lineage-404","control","before","2","1","1","1","true","familiar"
"fixed-factorial","404","17","lineage-404","control","before","3","0","0","0","true","familiar"
"fixed-factorial","404","17","lineage-404","control","before","4","1","1","1","true","familiar"
"fixed-factorial","404","17","lineage-404","control","before","5","1","1","1","true","familiar"
"fixed-factorial","404","17","lineage-404","control","before","6","1","1","1","true","familiar"
"fixed-factorial","404","17","lineage-404","control","before","7","0","0","0","true","familiar"
"fixed-factorial","404","17","lineage-404","control","afterRegrowth","0","1","1","1","true","familiar"
"fixed-factorial","404","17","lineage-404","control","afterRegrowth","1","0","0","0","true","familiar"
"fixed-factorial","404","17","lineage-404","control","afterRegrowth","2","1","1","1","true","familiar"
"fixed-factorial","404","17","lineage-404","control","afterRegrowth","3","0","0","0","true","familiar"
"fixed-factorial","404","17","lineage-404","control","afterRegrowth","4","0","0","0","true","familiar"
"fixed-factorial","404","17","lineage-404","control","afterRegrowth","5","1","1","1","true","familiar"
"fixed-factorial","404","17","lineage-404","control","afterRegrowth","6","0","0","0","true","familiar"
"fixed-factorial","404","17","lineage-404","control","afterRegrowth","7","1","1","1","true","familiar"
"fixed-factorial","404","17","lineage-404","control","transfer","0","0","1","0","false","custom"
"fixed-factorial","404","17","lineage-404","control","transfer","1","0","1","0","false","custom"
"fixed-factorial","404","17","lineage-404","control","transfer","2","0","1","0","false","custom"
"fixed-factorial","404","17","lineage-404","control","transfer","3","0","1","0","false","custom"
"fixed-factorial","404","17","lineage-404","control","transfer","4","1","0","1","false","custom"
"fixed-factorial","404","17","lineage-404","control","transfer","5","0","1","0","false","custom"
"fixed-factorial","404","17","lineage-404","control","transfer","6","1","0","1","false","custom"
"fixed-factorial","404","17","lineage-404","control","transfer","7","0","1","0","false","custom"
"fixed-factorial","404","17","lineage-404","treatment","before","0","1","1","1","true","familiar"
"fixed-factorial","404","17","lineage-404","treatment","before","1","1","1","1","true","familiar"
"fixed-factorial","404","17","lineage-404","treatment","before","2","1","1","1","true","familiar"
"fixed-factorial","404","17","lineage-404","treatment","before","3","0","0","0","true","familiar"
"fixed-factorial","404","17","lineage-404","treatment","before","4","1","1","1","true","familiar"
"fixed-factorial","404","17","lineage-404","treatment","before","5","1","1","1","true","familiar"
"fixed-factorial","404","17","lineage-404","treatment","before","6","1","1","1","true","familiar"
"fixed-factorial","404","17","lineage-404","treatment","before","7","0","0","0","true","familiar"
"fixed-factorial","404","17","lineage-404","treatment","afterRegrowth","0","1","1","1","true","familiar"
"fixed-factorial","404","17","lineage-404","treatment","afterRegrowth","1","0","0","0","true","familiar"
"fixed-factorial","404","17","lineage-404","treatment","afterRegrowth","2","1","1","1","true","familiar"
"fixed-factorial","404","17","lineage-404","treatment","afterRegrowth","3","0","0","0","true","familiar"
"fixed-factorial","404","17","lineage-404","treatment","afterRegrowth","4","0","0","0","true","familiar"
"fixed-factorial","404","17","lineage-404","treatment","afterRegrowth","5","1","1","1","true","familiar"
"fixed-factorial","404","17","lineage-404","treatment","afterRegrowth","6","0","0","0","true","familiar"
"fixed-factorial","404","17","lineage-404","treatment","afterRegrowth","7","1","1","1","true","familiar"
"fixed-factorial","404","17","lineage-404","treatment","transfer","0","0","1","0","false","custom"
"fixed-factorial","404","17","lineage-404","treatment","transfer","1","0","1","0","false","custom"
"fixed-factorial","404","17","lineage-404","treatment","transfer","2","0","1","0","false","custom"
"fixed-factorial","404","17","lineage-404","treatment","transfer","3","0","1","0","false","custom"
"fixed-factorial","404","17","lineage-404","treatment","transfer","4","1","0","1","false","custom"
"fixed-factorial","404","17","lineage-404","treatment","transfer","5","0","1","0","false","custom"
"fixed-factorial","404","17","lineage-404","treatment","transfer","6","1","0","1","false","custom"
"fixed-factorial","404","17","lineage-404","treatment","transfer","7","0","1","0","false","custom"
"fixed-factorial","404","18","lineage-404","control","before","0","1","1","1","true","familiar"
"fixed-factorial","404","18","lineage-404","control","before","1","1","1","1","true","familiar"
"fixed-factorial","404","18","lineage-404","control","before","2","1","1","1","true","familiar"
"fixed-factorial","404","18","lineage-404","control","before","3","0","0","0","true","familiar"
"fixed-factorial","404","18","lineage-404","control","before","4","1","1","1","true","familiar"
"fixed-factorial","404","18","lineage-404","control","before","5","1","1","1","true","familiar"
"fixed-factorial","404","18","lineage-404","control","before","6","1","1","1","true","familiar"
"fixed-factorial","404","18","lineage-404","control","before","7","0","0","0","true","familiar"
"fixed-factorial","404","18","lineage-404","control","afterRegrowth","0","1","1","1","true","familiar"
"fixed-factorial","404","18","lineage-404","control","afterRegrowth","1","0","0","0","true","familiar"
"fixed-factorial","404","18","lineage-404","control","afterRegrowth","2","1","1","1","true","familiar"
"fixed-factorial","404","18","lineage-404","control","afterRegrowth","3","0","0","0","true","familiar"
"fixed-factorial","404","18","lineage-404","control","afterRegrowth","4","0","0","0","true","familiar"
"fixed-factorial","404","18","lineage-404","control","afterRegrowth","5","1","1","1","true","familiar"
"fixed-factorial","404","18","lineage-404","control","afterRegrowth","6","0","0","0","true","familiar"
"fixed-factorial","404","18","lineage-404","control","afterRegrowth","7","1","1","1","true","familiar"
"fixed-factorial","404","18","lineage-404","control","transfer","0","0","1","0","false","custom"
"fixed-factorial","404","18","lineage-404","control","transfer","1","0","1","0","false","custom"
"fixed-factorial","404","18","lineage-404","control","transfer","2","0","1","0","false","custom"
"fixed-factorial","404","18","lineage-404","control","transfer","3","0","1","0","false","custom"
"fixed-factorial","404","18","lineage-404","control","transfer","4","1","0","1","false","custom"
"fixed-factorial","404","18","lineage-404","control","transfer","5","0","1","0","false","custom"
"fixed-factorial","404","18","lineage-404","control","transfer","6","1","0","1","false","custom"
"fixed-factorial","404","18","lineage-404","control","transfer","7","0","1","0","false","custom"
"fixed-factorial","404","18","lineage-404","treatment","before","0","1","1","1","true","familiar"
"fixed-factorial","404","18","lineage-404","treatment","before","1","1","1","1","true","familiar"
"fixed-factorial","404","18","lineage-404","treatment","before","2","1","1","1","true","familiar"
"fixed-factorial","404","18","lineage-404","treatment","before","3","0","0","0","true","familiar"
"fixed-factorial","404","18","lineage-404","treatment","before","4","1","1","1","true","familiar"
"fixed-factorial","404","18","lineage-404","treatment","before","5","1","1","1","true","familiar"
"fixed-factorial","404","18","lineage-404","treatment","before","6","1","1","1","true","familiar"
"fixed-factorial","404","18","lineage-404","treatment","before","7","0","0","0","true","familiar"
"fixed-factorial","404","18","lineage-404","treatment","afterRegrowth","0","1","1","1","true","familiar"
"fixed-factorial","404","18","lineage-404","treatment","afterRegrowth","1","0","0","0","true","familiar"
"fixed-factorial","404","18","lineage-404","treatment","afterRegrowth","2","1","1","1","true","familiar"
"fixed-factorial","404","18","lineage-404","treatment","afterRegrowth","3","0","0","0","true","familiar"
"fixed-factorial","404","18","lineage-404","treatment","afterRegrowth","4","0","0","0","true","familiar"
"fixed-factorial","404","18","lineage-404","treatment","afterRegrowth","5","1","1","1","true","familiar"
"fixed-factorial","404","18","lineage-404","treatment","afterRegrowth","6","0","0","0","true","familiar"
"fixed-factorial","404","18","lineage-404","treatment","afterRegrowth","7","1","1","1","true","familiar"
"fixed-factorial","404","18","lineage-404","treatment","transfer","0","0","1","0","false","custom"
"fixed-factorial","404","18","lineage-404","treatment","transfer","1","0","1","0","false","custom"
"fixed-factorial","404","18","lineage-404","treatment","transfer","2","0","1","0","false","custom"
"fixed-factorial","404","18","lineage-404","treatment","transfer","3","0","1","0","false","custom"
"fixed-factorial","404","18","lineage-404","treatment","transfer","4","1","0","1","false","custom"
"fixed-factorial","404","18","lineage-404","treatment","transfer","5","0","1","0","false","custom"
"fixed-factorial","404","18","lineage-404","treatment","transfer","6","1","0","1","false","custom"
"fixed-factorial","404","18","lineage-404","treatment","transfer","7","0","1","0","false","custom"
"fixed-factorial","404","19","lineage-404","control","before","0","1","1","1","true","familiar"
"fixed-factorial","404","19","lineage-404","control","before","1","1","1","1","true","familiar"
"fixed-factorial","404","19","lineage-404","control","before","2","1","1","1","true","familiar"
"fixed-factorial","404","19","lineage-404","control","before","3","0","0","0","true","familiar"
"fixed-factorial","404","19","lineage-404","control","before","4","1","1","1","true","familiar"
"fixed-factorial","404","19","lineage-404","control","before","5","1","1","1","true","familiar"
"fixed-factorial","404","19","lineage-404","control","before","6","1","1","1","true","familiar"
"fixed-factorial","404","19","lineage-404","control","before","7","0","0","0","true","familiar"
"fixed-factorial","404","19","lineage-404","control","afterRegrowth","0","1","1","1","true","familiar"
"fixed-factorial","404","19","lineage-404","control","afterRegrowth","1","0","0","0","true","familiar"
"fixed-factorial","404","19","lineage-404","control","afterRegrowth","2","1","1","1","true","familiar"
"fixed-factorial","404","19","lineage-404","control","afterRegrowth","3","0","0","0","true","familiar"
"fixed-factorial","404","19","lineage-404","control","afterRegrowth","4","0","0","0","true","familiar"
"fixed-factorial","404","19","lineage-404","control","afterRegrowth","5","1","1","1","true","familiar"
"fixed-factorial","404","19","lineage-404","control","afterRegrowth","6","0","0","0","true","familiar"
"fixed-factorial","404","19","lineage-404","control","afterRegrowth","7","1","1","1","true","familiar"
"fixed-factorial","404","19","lineage-404","control","transfer","0","0","1","0","false","custom"
"fixed-factorial","404","19","lineage-404","control","transfer","1","0","1","0","false","custom"
"fixed-factorial","404","19","lineage-404","control","transfer","2","0","1","0","false","custom"
"fixed-factorial","404","19","lineage-404","control","transfer","3","0","1","0","false","custom"
"fixed-factorial","404","19","lineage-404","control","transfer","4","1","0","1","false","custom"
"fixed-factorial","404","19","lineage-404","control","transfer","5","0","1","0","false","custom"
"fixed-factorial","404","19","lineage-404","control","transfer","6","1","0","1","false","custom"
"fixed-factorial","404","19","lineage-404","control","transfer","7","0","1","0","false","custom"
"fixed-factorial","404","19","lineage-404","treatment","before","0","1","1","1","true","familiar"
"fixed-factorial","404","19","lineage-404","treatment","before","1","1","1","1","true","familiar"
"fixed-factorial","404","19","lineage-404","treatment","before","2","1","1","1","true","familiar"
"fixed-factorial","404","19","lineage-404","treatment","before","3","0","0","0","true","familiar"
"fixed-factorial","404","19","lineage-404","treatment","before","4","1","1","1","true","familiar"
"fixed-factorial","404","19","lineage-404","treatment","before","5","1","1","1","true","familiar"
"fixed-factorial","404","19","lineage-404","treatment","before","6","1","1","1","true","familiar"
"fixed-factorial","404","19","lineage-404","treatment","before","7","0","0","0","true","familiar"
"fixed-factorial","404","19","lineage-404","treatment","afterRegrowth","0","1","1","1","true","familiar"
"fixed-factorial","404","19","lineage-404","treatment","afterRegrowth","1","0","0","0","true","familiar"
"fixed-factorial","404","19","lineage-404","treatment","afterRegrowth","2","1","1","1","true","familiar"
"fixed-factorial","404","19","lineage-404","treatment","afterRegrowth","3","0","0","0","true","familiar"
"fixed-factorial","404","19","lineage-404","treatment","afterRegrowth","4","0","0","0","true","familiar"
"fixed-factorial","404","19","lineage-404","treatment","afterRegrowth","5","1","1","1","true","familiar"
"fixed-factorial","404","19","lineage-404","treatment","afterRegrowth","6","0","0","0","true","familiar"
"fixed-factorial","404","19","lineage-404","treatment","afterRegrowth","7","1","1","1","true","familiar"
"fixed-factorial","404","19","lineage-404","treatment","transfer","0","0","1","0","false","custom"
"fixed-factorial","404","19","lineage-404","treatment","transfer","1","0","1","0","false","custom"
"fixed-factorial","404","19","lineage-404","treatment","transfer","2","0","1","0","false","custom"
"fixed-factorial","404","19","lineage-404","treatment","transfer","3","0","1","0","false","custom"
"fixed-factorial","404","19","lineage-404","treatment","transfer","4","1","0","1","false","custom"
"fixed-factorial","404","19","lineage-404","treatment","transfer","5","0","1","0","false","custom"
"fixed-factorial","404","19","lineage-404","treatment","transfer","6","1","0","1","false","custom"
"fixed-factorial","404","19","lineage-404","treatment","transfer","7","0","1","0","false","custom"
"random-equal-budget","404","15","lineage-404","control","before","0","1","1","1","true","familiar"
"random-equal-budget","404","15","lineage-404","control","before","1","1","1","1","true","familiar"
"random-equal-budget","404","15","lineage-404","control","before","2","1","1","1","true","familiar"
"random-equal-budget","404","15","lineage-404","control","before","3","0","0","0","true","familiar"
"random-equal-budget","404","15","lineage-404","control","before","4","1","1","1","true","familiar"
"random-equal-budget","404","15","lineage-404","control","before","5","1","1","1","true","familiar"
"random-equal-budget","404","15","lineage-404","control","before","6","1","1","1","true","familiar"
"random-equal-budget","404","15","lineage-404","control","before","7","0","0","0","true","familiar"
"random-equal-budget","404","15","lineage-404","control","afterRegrowth","0","1","1","1","true","familiar"
"random-equal-budget","404","15","lineage-404","control","afterRegrowth","1","0","0","0","true","familiar"
"random-equal-budget","404","15","lineage-404","control","afterRegrowth","2","1","1","1","true","familiar"
"random-equal-budget","404","15","lineage-404","control","afterRegrowth","3","0","0","0","true","familiar"
"random-equal-budget","404","15","lineage-404","control","afterRegrowth","4","0","0","0","true","familiar"
"random-equal-budget","404","15","lineage-404","control","afterRegrowth","5","1","1","1","true","familiar"
"random-equal-budget","404","15","lineage-404","control","afterRegrowth","6","0","0","0","true","familiar"
"random-equal-budget","404","15","lineage-404","control","afterRegrowth","7","1","1","1","true","familiar"
"random-equal-budget","404","15","lineage-404","control","transfer","0","0","1","0","false","custom"
"random-equal-budget","404","15","lineage-404","control","transfer","1","0","1","0","false","custom"
"random-equal-budget","404","15","lineage-404","control","transfer","2","0","1","0","false","custom"
"random-equal-budget","404","15","lineage-404","control","transfer","3","0","1","0","false","custom"
"random-equal-budget","404","15","lineage-404","control","transfer","4","1","0","1","false","custom"
"random-equal-budget","404","15","lineage-404","control","transfer","5","0","1","0","false","custom"
"random-equal-budget","404","15","lineage-404","control","transfer","6","1","0","1","false","custom"
"random-equal-budget","404","15","lineage-404","control","transfer","7","0","1","0","false","custom"
"random-equal-budget","404","15","lineage-404","treatment","before","0","1","1","1","true","familiar"
"random-equal-budget","404","15","lineage-404","treatment","before","1","1","1","1","true","familiar"
"random-equal-budget","404","15","lineage-404","treatment","before","2","1","1","1","true","familiar"
"random-equal-budget","404","15","lineage-404","treatment","before","3","0","0","0","true","familiar"
"random-equal-budget","404","15","lineage-404","treatment","before","4","1","1","1","true","familiar"
"random-equal-budget","404","15","lineage-404","treatment","before","5","1","1","1","true","familiar"
"random-equal-budget","404","15","lineage-404","treatment","before","6","1","1","1","true","familiar"
"random-equal-budget","404","15","lineage-404","treatment","before","7","0","0","0","true","familiar"
"random-equal-budget","404","15","lineage-404","treatment","afterRegrowth","0","1","1","1","true","familiar"
"random-equal-budget","404","15","lineage-404","treatment","afterRegrowth","1","0","0","0","true","familiar"
"random-equal-budget","404","15","lineage-404","treatment","afterRegrowth","2","1","1","1","true","familiar"
"random-equal-budget","404","15","lineage-404","treatment","afterRegrowth","3","0","0","0","true","familiar"
"random-equal-budget","404","15","lineage-404","treatment","afterRegrowth","4","0","0","0","true","familiar"
"random-equal-budget","404","15","lineage-404","treatment","afterRegrowth","5","1","1","1","true","familiar"
"random-equal-budget","404","15","lineage-404","treatment","afterRegrowth","6","0","0","0","true","familiar"
"random-equal-budget","404","15","lineage-404","treatment","afterRegrowth","7","1","1","1","true","familiar"
"random-equal-budget","404","15","lineage-404","treatment","transfer","0","0","1","0","false","custom"
"random-equal-budget","404","15","lineage-404","treatment","transfer","1","0","1","0","false","custom"
"random-equal-budget","404","15","lineage-404","treatment","transfer","2","0","1","0","false","custom"
"random-equal-budget","404","15","lineage-404","treatment","transfer","3","0","1","0","false","custom"
"random-equal-budget","404","15","lineage-404","treatment","transfer","4","1","0","1","false","custom"
"random-equal-budget","404","15","lineage-404","treatment","transfer","5","0","1","0","false","custom"
"random-equal-budget","404","15","lineage-404","treatment","transfer","6","1","0","1","false","custom"
"random-equal-budget","404","15","lineage-404","treatment","transfer","7","0","1","0","false","custom"
"random-equal-budget","404","16","lineage-404","control","before","0","1","1","1","true","familiar"
"random-equal-budget","404","16","lineage-404","control","before","1","1","1","1","true","familiar"
"random-equal-budget","404","16","lineage-404","control","before","2","1","1","1","true","familiar"
"random-equal-budget","404","16","lineage-404","control","before","3","0","0","0","true","familiar"
"random-equal-budget","404","16","lineage-404","control","before","4","1","1","1","true","familiar"
"random-equal-budget","404","16","lineage-404","control","before","5","1","1","1","true","familiar"
"random-equal-budget","404","16","lineage-404","control","before","6","1","1","1","true","familiar"
"random-equal-budget","404","16","lineage-404","control","before","7","0","0","0","true","familiar"
"random-equal-budget","404","16","lineage-404","control","afterRegrowth","0","1","1","1","true","familiar"
"random-equal-budget","404","16","lineage-404","control","afterRegrowth","1","0","0","0","true","familiar"
"random-equal-budget","404","16","lineage-404","control","afterRegrowth","2","1","1","1","true","familiar"
"random-equal-budget","404","16","lineage-404","control","afterRegrowth","3","0","0","0","true","familiar"
"random-equal-budget","404","16","lineage-404","control","afterRegrowth","4","0","0","0","true","familiar"
"random-equal-budget","404","16","lineage-404","control","afterRegrowth","5","1","1","1","true","familiar"
"random-equal-budget","404","16","lineage-404","control","afterRegrowth","6","0","0","0","true","familiar"
"random-equal-budget","404","16","lineage-404","control","afterRegrowth","7","1","1","1","true","familiar"
"random-equal-budget","404","16","lineage-404","control","transfer","0","0","1","0","false","custom"
"random-equal-budget","404","16","lineage-404","control","transfer","1","0","1","0","false","custom"
"random-equal-budget","404","16","lineage-404","control","transfer","2","0","1","0","false","custom"
"random-equal-budget","404","16","lineage-404","control","transfer","3","0","1","0","false","custom"
"random-equal-budget","404","16","lineage-404","control","transfer","4","1","0","1","false","custom"
"random-equal-budget","404","16","lineage-404","control","transfer","5","0","1","0","false","custom"
"random-equal-budget","404","16","lineage-404","control","transfer","6","1","0","1","false","custom"
"random-equal-budget","404","16","lineage-404","control","transfer","7","0","1","0","false","custom"
"random-equal-budget","404","16","lineage-404","treatment","before","0","1","1","1","true","familiar"
"random-equal-budget","404","16","lineage-404","treatment","before","1","1","1","1","true","familiar"
"random-equal-budget","404","16","lineage-404","treatment","before","2","1","1","1","true","familiar"
"random-equal-budget","404","16","lineage-404","treatment","before","3","0","0","0","true","familiar"
"random-equal-budget","404","16","lineage-404","treatment","before","4","1","1","1","true","familiar"
"random-equal-budget","404","16","lineage-404","treatment","before","5","1","1","1","true","familiar"
"random-equal-budget","404","16","lineage-404","treatment","before","6","1","1","1","true","familiar"
"random-equal-budget","404","16","lineage-404","treatment","before","7","0","0","0","true","familiar"
"random-equal-budget","404","16","lineage-404","treatment","afterRegrowth","0","1","1","1","true","familiar"
"random-equal-budget","404","16","lineage-404","treatment","afterRegrowth","1","0","0","0","true","familiar"
"random-equal-budget","404","16","lineage-404","treatment","afterRegrowth","2","1","1","1","true","familiar"
"random-equal-budget","404","16","lineage-404","treatment","afterRegrowth","3","0","0","0","true","familiar"
"random-equal-budget","404","16","lineage-404","treatment","afterRegrowth","4","0","0","0","true","familiar"
"random-equal-budget","404","16","lineage-404","treatment","afterRegrowth","5","1","1","1","true","familiar"
"random-equal-budget","404","16","lineage-404","treatment","afterRegrowth","6","0","0","0","true","familiar"
"random-equal-budget","404","16","lineage-404","treatment","afterRegrowth","7","1","1","1","true","familiar"
"random-equal-budget","404","16","lineage-404","treatment","transfer","0","0","1","0","false","custom"
"random-equal-budget","404","16","lineage-404","treatment","transfer","1","0","1","0","false","custom"
"random-equal-budget","404","16","lineage-404","treatment","transfer","2","0","1","0","false","custom"
"random-equal-budget","404","16","lineage-404","treatment","transfer","3","0","1","0","false","custom"
"random-equal-budget","404","16","lineage-404","treatment","transfer","4","1","0","1","false","custom"
"random-equal-budget","404","16","lineage-404","treatment","transfer","5","0","1","0","false","custom"
"random-equal-budget","404","16","lineage-404","treatment","transfer","6","1","0","1","false","custom"
"random-equal-budget","404","16","lineage-404","treatment","transfer","7","0","1","0","false","custom"
"random-equal-budget","404","17","lineage-404","control","before","0","1","1","1","true","familiar"
"random-equal-budget","404","17","lineage-404","control","before","1","1","1","1","true","familiar"
"random-equal-budget","404","17","lineage-404","control","before","2","1","1","1","true","familiar"
"random-equal-budget","404","17","lineage-404","control","before","3","0","0","0","true","familiar"
"random-equal-budget","404","17","lineage-404","control","before","4","1","1","1","true","familiar"
"random-equal-budget","404","17","lineage-404","control","before","5","1","1","1","true","familiar"
"random-equal-budget","404","17","lineage-404","control","before","6","1","1","1","true","familiar"
"random-equal-budget","404","17","lineage-404","control","before","7","0","0","0","true","familiar"
"random-equal-budget","404","17","lineage-404","control","afterRegrowth","0","1","1","1","true","familiar"
"random-equal-budget","404","17","lineage-404","control","afterRegrowth","1","0","0","0","true","familiar"
"random-equal-budget","404","17","lineage-404","control","afterRegrowth","2","1","1","1","true","familiar"
"random-equal-budget","404","17","lineage-404","control","afterRegrowth","3","0","0","0","true","familiar"
"random-equal-budget","404","17","lineage-404","control","afterRegrowth","4","0","0","0","true","familiar"
"random-equal-budget","404","17","lineage-404","control","afterRegrowth","5","1","1","1","true","familiar"
"random-equal-budget","404","17","lineage-404","control","afterRegrowth","6","0","0","0","true","familiar"
"random-equal-budget","404","17","lineage-404","control","afterRegrowth","7","1","1","1","true","familiar"
"random-equal-budget","404","17","lineage-404","control","transfer","0","0","1","0","false","custom"
"random-equal-budget","404","17","lineage-404","control","transfer","1","0","1","0","false","custom"
"random-equal-budget","404","17","lineage-404","control","transfer","2","0","1","0","false","custom"
"random-equal-budget","404","17","lineage-404","control","transfer","3","0","1","0","false","custom"
"random-equal-budget","404","17","lineage-404","control","transfer","4","1","0","1","false","custom"
"random-equal-budget","404","17","lineage-404","control","transfer","5","0","1","0","false","custom"
"random-equal-budget","404","17","lineage-404","control","transfer","6","1","0","1","false","custom"
"random-equal-budget","404","17","lineage-404","control","transfer","7","0","1","0","false","custom"
"random-equal-budget","404","17","lineage-404","treatment","before","0","1","1","1","true","familiar"
"random-equal-budget","404","17","lineage-404","treatment","before","1","1","1","1","true","familiar"
"random-equal-budget","404","17","lineage-404","treatment","before","2","1","1","1","true","familiar"
"random-equal-budget","404","17","lineage-404","treatment","before","3","0","0","0","true","familiar"
"random-equal-budget","404","17","lineage-404","treatment","before","4","1","1","1","true","familiar"
"random-equal-budget","404","17","lineage-404","treatment","before","5","1","1","1","true","familiar"
"random-equal-budget","404","17","lineage-404","treatment","before","6","1","1","1","true","familiar"
"random-equal-budget","404","17","lineage-404","treatment","before","7","0","0","0","true","familiar"
"random-equal-budget","404","17","lineage-404","treatment","afterRegrowth","0","1","1","1","true","familiar"
"random-equal-budget","404","17","lineage-404","treatment","afterRegrowth","1","0","0","0","true","familiar"
"random-equal-budget","404","17","lineage-404","treatment","afterRegrowth","2","1","1","1","true","familiar"
"random-equal-budget","404","17","lineage-404","treatment","afterRegrowth","3","0","0","0","true","familiar"
"random-equal-budget","404","17","lineage-404","treatment","afterRegrowth","4","0","0","0","true","familiar"
"random-equal-budget","404","17","lineage-404","treatment","afterRegrowth","5","1","1","1","true","familiar"
"random-equal-budget","404","17","lineage-404","treatment","afterRegrowth","6","0","0","0","true","familiar"
"random-equal-budget","404","17","lineage-404","treatment","afterRegrowth","7","1","1","1","true","familiar"
"random-equal-budget","404","17","lineage-404","treatment","transfer","0","0","1","0","false","custom"
"random-equal-budget","404","17","lineage-404","treatment","transfer","1","0","1","0","false","custom"
"random-equal-budget","404","17","lineage-404","treatment","transfer","2","0","1","0","false","custom"
"random-equal-budget","404","17","lineage-404","treatment","transfer","3","0","1","0","false","custom"
"random-equal-budget","404","17","lineage-404","treatment","transfer","4","1","0","1","false","custom"
"random-equal-budget","404","17","lineage-404","treatment","transfer","5","0","1","0","false","custom"
"random-equal-budget","404","17","lineage-404","treatment","transfer","6","1","0","1","false","custom"
"random-equal-budget","404","17","lineage-404","treatment","transfer","7","0","1","0","false","custom"
"random-equal-budget","404","18","lineage-404","control","before","0","1","1","1","true","familiar"
"random-equal-budget","404","18","lineage-404","control","before","1","1","1","1","true","familiar"
"random-equal-budget","404","18","lineage-404","control","before","2","1","1","1","true","familiar"
"random-equal-budget","404","18","lineage-404","control","before","3","0","0","0","true","familiar"
"random-equal-budget","404","18","lineage-404","control","before","4","1","1","1","true","familiar"
"random-equal-budget","404","18","lineage-404","control","before","5","1","1","1","true","familiar"
"random-equal-budget","404","18","lineage-404","control","before","6","1","1","1","true","familiar"
"random-equal-budget","404","18","lineage-404","control","before","7","0","0","0","true","familiar"
"random-equal-budget","404","18","lineage-404","control","afterRegrowth","0","1","1","1","true","familiar"
"random-equal-budget","404","18","lineage-404","control","afterRegrowth","1","0","0","0","true","familiar"
"random-equal-budget","404","18","lineage-404","control","afterRegrowth","2","1","1","1","true","familiar"
"random-equal-budget","404","18","lineage-404","control","afterRegrowth","3","0","0","0","true","familiar"
"random-equal-budget","404","18","lineage-404","control","afterRegrowth","4","0","0","0","true","familiar"
"random-equal-budget","404","18","lineage-404","control","afterRegrowth","5","1","1","1","true","familiar"
"random-equal-budget","404","18","lineage-404","control","afterRegrowth","6","0","0","0","true","familiar"
"random-equal-budget","404","18","lineage-404","control","afterRegrowth","7","1","1","1","true","familiar"
"random-equal-budget","404","18","lineage-404","control","transfer","0","0","1","0","false","custom"
"random-equal-budget","404","18","lineage-404","control","transfer","1","0","1","0","false","custom"
"random-equal-budget","404","18","lineage-404","control","transfer","2","0","1","0","false","custom"
"random-equal-budget","404","18","lineage-404","control","transfer","3","0","1","0","false","custom"
"random-equal-budget","404","18","lineage-404","control","transfer","4","1","0","1","false","custom"
"random-equal-budget","404","18","lineage-404","control","transfer","5","0","1","0","false","custom"
"random-equal-budget","404","18","lineage-404","control","transfer","6","1","0","1","false","custom"
"random-equal-budget","404","18","lineage-404","control","transfer","7","0","1","0","false","custom"
"random-equal-budget","404","18","lineage-404","treatment","before","0","1","1","1","true","familiar"
"random-equal-budget","404","18","lineage-404","treatment","before","1","1","1","1","true","familiar"
"random-equal-budget","404","18","lineage-404","treatment","before","2","1","1","1","true","familiar"
"random-equal-budget","404","18","lineage-404","treatment","before","3","0","0","0","true","familiar"
"random-equal-budget","404","18","lineage-404","treatment","before","4","1","1","1","true","familiar"
"random-equal-budget","404","18","lineage-404","treatment","before","5","1","1","1","true","familiar"
"random-equal-budget","404","18","lineage-404","treatment","before","6","1","1","1","true","familiar"
"random-equal-budget","404","18","lineage-404","treatment","before","7","0","0","0","true","familiar"
"random-equal-budget","404","18","lineage-404","treatment","afterRegrowth","0","1","1","1","true","familiar"
"random-equal-budget","404","18","lineage-404","treatment","afterRegrowth","1","0","0","0","true","familiar"
"random-equal-budget","404","18","lineage-404","treatment","afterRegrowth","2","1","1","1","true","familiar"
"random-equal-budget","404","18","lineage-404","treatment","afterRegrowth","3","0","0","0","true","familiar"
"random-equal-budget","404","18","lineage-404","treatment","afterRegrowth","4","0","0","0","true","familiar"
"random-equal-budget","404","18","lineage-404","treatment","afterRegrowth","5","1","1","1","true","familiar"
"random-equal-budget","404","18","lineage-404","treatment","afterRegrowth","6","0","0","0","true","familiar"
"random-equal-budget","404","18","lineage-404","treatment","afterRegrowth","7","1","1","1","true","familiar"
"random-equal-budget","404","18","lineage-404","treatment","transfer","0","0","1","0","false","custom"
"random-equal-budget","404","18","lineage-404","treatment","transfer","1","0","1","0","false","custom"
"random-equal-budget","404","18","lineage-404","treatment","transfer","2","0","1","0","false","custom"
"random-equal-budget","404","18","lineage-404","treatment","transfer","3","0","1","0","false","custom"
"random-equal-budget","404","18","lineage-404","treatment","transfer","4","1","0","1","false","custom"
"random-equal-budget","404","18","lineage-404","treatment","transfer","5","0","1","0","false","custom"
"random-equal-budget","404","18","lineage-404","treatment","transfer","6","1","0","1","false","custom"
"random-equal-budget","404","18","lineage-404","treatment","transfer","7","0","1","0","false","custom"
"random-equal-budget","404","19","lineage-404","control","before","0","1","1","1","true","familiar"
"random-equal-budget","404","19","lineage-404","control","before","1","1","1","1","true","familiar"
"random-equal-budget","404","19","lineage-404","control","before","2","1","1","1","true","familiar"
"random-equal-budget","404","19","lineage-404","control","before","3","0","0","0","true","familiar"
"random-equal-budget","404","19","lineage-404","control","before","4","1","1","1","true","familiar"
"random-equal-budget","404","19","lineage-404","control","before","5","1","1","1","true","familiar"
"random-equal-budget","404","19","lineage-404","control","before","6","1","1","1","true","familiar"
"random-equal-budget","404","19","lineage-404","control","before","7","0","0","0","true","familiar"
"random-equal-budget","404","19","lineage-404","control","afterRegrowth","0","1","1","1","true","familiar"
"random-equal-budget","404","19","lineage-404","control","afterRegrowth","1","0","0","0","true","familiar"
"random-equal-budget","404","19","lineage-404","control","afterRegrowth","2","1","1","1","true","familiar"
"random-equal-budget","404","19","lineage-404","control","afterRegrowth","3","0","0","0","true","familiar"
"random-equal-budget","404","19","lineage-404","control","afterRegrowth","4","0","0","0","true","familiar"
"random-equal-budget","404","19","lineage-404","control","afterRegrowth","5","1","1","1","true","familiar"
"random-equal-budget","404","19","lineage-404","control","afterRegrowth","6","0","0","0","true","familiar"
"random-equal-budget","404","19","lineage-404","control","afterRegrowth","7","1","1","1","true","familiar"
"random-equal-budget","404","19","lineage-404","control","transfer","0","0","1","0","false","custom"
"random-equal-budget","404","19","lineage-404","control","transfer","1","0","1","0","false","custom"
"random-equal-budget","404","19","lineage-404","control","transfer","2","0","1","0","false","custom"
"random-equal-budget","404","19","lineage-404","control","transfer","3","0","1","0","false","custom"
"random-equal-budget","404","19","lineage-404","control","transfer","4","1","0","1","false","custom"
"random-equal-budget","404","19","lineage-404","control","transfer","5","0","1","0","false","custom"
"random-equal-budget","404","19","lineage-404","control","transfer","6","1","0","1","false","custom"
"random-equal-budget","404","19","lineage-404","control","transfer","7","0","1","0","false","custom"
"random-equal-budget","404","19","lineage-404","treatment","before","0","1","1","1","true","familiar"
"random-equal-budget","404","19","lineage-404","treatment","before","1","1","1","1","true","familiar"
"random-equal-budget","404","19","lineage-404","treatment","before","2","1","1","1","true","familiar"
"random-equal-budget","404","19","lineage-404","treatment","before","3","0","0","0","true","familiar"
"random-equal-budget","404","19","lineage-404","treatment","before","4","1","1","1","true","familiar"
"random-equal-budget","404","19","lineage-404","treatment","before","5","1","1","1","true","familiar"
"random-equal-budget","404","19","lineage-404","treatment","before","6","1","1","1","true","familiar"
"random-equal-budget","404","19","lineage-404","treatment","before","7","0","0","0","true","familiar"
"random-equal-budget","404","19","lineage-404","treatment","afterRegrowth","0","1","1","1","true","familiar"
"random-equal-budget","404","19","lineage-404","treatment","afterRegrowth","1","0","0","0","true","familiar"
"random-equal-budget","404","19","lineage-404","treatment","afterRegrowth","2","1","1","1","true","familiar"
"random-equal-budget","404","19","lineage-404","treatment","afterRegrowth","3","0","0","0","true","familiar"
"random-equal-budget","404","19","lineage-404","treatment","afterRegrowth","4","0","0","0","true","familiar"
"random-equal-budget","404","19","lineage-404","treatment","afterRegrowth","5","1","1","1","true","familiar"
"random-equal-budget","404","19","lineage-404","treatment","afterRegrowth","6","0","0","0","true","familiar"
"random-equal-budget","404","19","lineage-404","treatment","afterRegrowth","7","1","1","1","true","familiar"
"random-equal-budget","404","19","lineage-404","treatment","transfer","0","0","1","0","false","custom"
"random-equal-budget","404","19","lineage-404","treatment","transfer","1","0","1","0","false","custom"
"random-equal-budget","404","19","lineage-404","treatment","transfer","2","0","1","0","false","custom"
"random-equal-budget","404","19","lineage-404","treatment","transfer","3","0","1","0","false","custom"
"random-equal-budget","404","19","lineage-404","treatment","transfer","4","1","0","1","false","custom"
"random-equal-budget","404","19","lineage-404","treatment","transfer","5","0","1","0","false","custom"
"random-equal-budget","404","19","lineage-404","treatment","transfer","6","1","0","1","false","custom"
"random-equal-budget","404","19","lineage-404","treatment","transfer","7","0","1","0","false","custom"
"frozen-grammar-information-gain","404","15","lineage-404","control","before","0","1","1","1","true","familiar"
"frozen-grammar-information-gain","404","15","lineage-404","control","before","1","1","1","1","true","familiar"
"frozen-grammar-information-gain","404","15","lineage-404","control","before","2","1","1","1","true","familiar"
"frozen-grammar-information-gain","404","15","lineage-404","control","before","3","0","0","0","true","familiar"
"frozen-grammar-information-gain","404","15","lineage-404","control","before","4","1","1","1","true","familiar"
"frozen-grammar-information-gain","404","15","lineage-404","control","before","5","1","1","1","true","familiar"
"frozen-grammar-information-gain","404","15","lineage-404","control","before","6","1","1","1","true","familiar"
"frozen-grammar-information-gain","404","15","lineage-404","control","before","7","0","0","0","true","familiar"
"frozen-grammar-information-gain","404","15","lineage-404","control","afterRegrowth","0","1","1","1","true","familiar"
"frozen-grammar-information-gain","404","15","lineage-404","control","afterRegrowth","1","0","0","0","true","familiar"
"frozen-grammar-information-gain","404","15","lineage-404","control","afterRegrowth","2","1","1","1","true","familiar"
"frozen-grammar-information-gain","404","15","lineage-404","control","afterRegrowth","3","0","0","0","true","familiar"
"frozen-grammar-information-gain","404","15","lineage-404","control","afterRegrowth","4","0","0","0","true","familiar"
"frozen-grammar-information-gain","404","15","lineage-404","control","afterRegrowth","5","1","1","1","true","familiar"
"frozen-grammar-information-gain","404","15","lineage-404","control","afterRegrowth","6","0","0","0","true","familiar"
"frozen-grammar-information-gain","404","15","lineage-404","control","afterRegrowth","7","1","1","1","true","familiar"
"frozen-grammar-information-gain","404","15","lineage-404","control","transfer","0","0","1","0","false","custom"
"frozen-grammar-information-gain","404","15","lineage-404","control","transfer","1","0","1","0","false","custom"
"frozen-grammar-information-gain","404","15","lineage-404","control","transfer","2","0","1","0","false","custom"
"frozen-grammar-information-gain","404","15","lineage-404","control","transfer","3","0","1","0","false","custom"
"frozen-grammar-information-gain","404","15","lineage-404","control","transfer","4","1","0","1","false","custom"
"frozen-grammar-information-gain","404","15","lineage-404","control","transfer","5","0","1","0","false","custom"
"frozen-grammar-information-gain","404","15","lineage-404","control","transfer","6","1","0","1","false","custom"
"frozen-grammar-information-gain","404","15","lineage-404","control","transfer","7","0","1","0","false","custom"
"frozen-grammar-information-gain","404","15","lineage-404","treatment","before","0","1","1","1","true","familiar"
"frozen-grammar-information-gain","404","15","lineage-404","treatment","before","1","1","1","1","true","familiar"
"frozen-grammar-information-gain","404","15","lineage-404","treatment","before","2","1","1","1","true","familiar"
"frozen-grammar-information-gain","404","15","lineage-404","treatment","before","3","0","0","0","true","familiar"
"frozen-grammar-information-gain","404","15","lineage-404","treatment","before","4","1","1","1","true","familiar"
"frozen-grammar-information-gain","404","15","lineage-404","treatment","before","5","1","1","1","true","familiar"
"frozen-grammar-information-gain","404","15","lineage-404","treatment","before","6","1","1","1","true","familiar"
"frozen-grammar-information-gain","404","15","lineage-404","treatment","before","7","0","0","0","true","familiar"
"frozen-grammar-information-gain","404","15","lineage-404","treatment","afterRegrowth","0","1","1","1","true","familiar"
"frozen-grammar-information-gain","404","15","lineage-404","treatment","afterRegrowth","1","0","0","0","true","familiar"
"frozen-grammar-information-gain","404","15","lineage-404","treatment","afterRegrowth","2","1","1","1","true","familiar"
"frozen-grammar-information-gain","404","15","lineage-404","treatment","afterRegrowth","3","0","0","0","true","familiar"
"frozen-grammar-information-gain","404","15","lineage-404","treatment","afterRegrowth","4","0","0","0","true","familiar"
"frozen-grammar-information-gain","404","15","lineage-404","treatment","afterRegrowth","5","1","1","1","true","familiar"
"frozen-grammar-information-gain","404","15","lineage-404","treatment","afterRegrowth","6","0","0","0","true","familiar"
"frozen-grammar-information-gain","404","15","lineage-404","treatment","afterRegrowth","7","1","1","1","true","familiar"
"frozen-grammar-information-gain","404","15","lineage-404","treatment","transfer","0","0","1","0","false","custom"
"frozen-grammar-information-gain","404","15","lineage-404","treatment","transfer","1","0","1","0","false","custom"
"frozen-grammar-information-gain","404","15","lineage-404","treatment","transfer","2","0","1","0","false","custom"
"frozen-grammar-information-gain","404","15","lineage-404","treatment","transfer","3","0","1","0","false","custom"
"frozen-grammar-information-gain","404","15","lineage-404","treatment","transfer","4","1","0","1","false","custom"
"frozen-grammar-information-gain","404","15","lineage-404","treatment","transfer","5","0","1","0","false","custom"
"frozen-grammar-information-gain","404","15","lineage-404","treatment","transfer","6","1","0","1","false","custom"
"frozen-grammar-information-gain","404","15","lineage-404","treatment","transfer","7","0","1","0","false","custom"
"frozen-grammar-information-gain","404","16","lineage-404","control","before","0","1","1","1","true","familiar"
"frozen-grammar-information-gain","404","16","lineage-404","control","before","1","1","1","1","true","familiar"
"frozen-grammar-information-gain","404","16","lineage-404","control","before","2","1","1","1","true","familiar"
"frozen-grammar-information-gain","404","16","lineage-404","control","before","3","0","0","0","true","familiar"
"frozen-grammar-information-gain","404","16","lineage-404","control","before","4","1","1","1","true","familiar"
"frozen-grammar-information-gain","404","16","lineage-404","control","before","5","1","1","1","true","familiar"
"frozen-grammar-information-gain","404","16","lineage-404","control","before","6","1","1","1","true","familiar"
"frozen-grammar-information-gain","404","16","lineage-404","control","before","7","0","0","0","true","familiar"
"frozen-grammar-information-gain","404","16","lineage-404","control","afterRegrowth","0","1","1","1","true","familiar"
"frozen-grammar-information-gain","404","16","lineage-404","control","afterRegrowth","1","0","0","0","true","familiar"
"frozen-grammar-information-gain","404","16","lineage-404","control","afterRegrowth","2","1","1","1","true","familiar"
"frozen-grammar-information-gain","404","16","lineage-404","control","afterRegrowth","3","0","0","0","true","familiar"
"frozen-grammar-information-gain","404","16","lineage-404","control","afterRegrowth","4","0","0","0","true","familiar"
"frozen-grammar-information-gain","404","16","lineage-404","control","afterRegrowth","5","1","1","1","true","familiar"
"frozen-grammar-information-gain","404","16","lineage-404","control","afterRegrowth","6","0","0","0","true","familiar"
"frozen-grammar-information-gain","404","16","lineage-404","control","afterRegrowth","7","1","1","1","true","familiar"
"frozen-grammar-information-gain","404","16","lineage-404","control","transfer","0","0","1","0","false","custom"
"frozen-grammar-information-gain","404","16","lineage-404","control","transfer","1","0","1","0","false","custom"
"frozen-grammar-information-gain","404","16","lineage-404","control","transfer","2","0","1","0","false","custom"
"frozen-grammar-information-gain","404","16","lineage-404","control","transfer","3","0","1","0","false","custom"
"frozen-grammar-information-gain","404","16","lineage-404","control","transfer","4","1","0","1","false","custom"
"frozen-grammar-information-gain","404","16","lineage-404","control","transfer","5","0","1","0","false","custom"
"frozen-grammar-information-gain","404","16","lineage-404","control","transfer","6","1","0","1","false","custom"
"frozen-grammar-information-gain","404","16","lineage-404","control","transfer","7","0","1","0","false","custom"
"frozen-grammar-information-gain","404","16","lineage-404","treatment","before","0","1","1","1","true","familiar"
"frozen-grammar-information-gain","404","16","lineage-404","treatment","before","1","1","1","1","true","familiar"
"frozen-grammar-information-gain","404","16","lineage-404","treatment","before","2","1","1","1","true","familiar"
"frozen-grammar-information-gain","404","16","lineage-404","treatment","before","3","0","0","0","true","familiar"
"frozen-grammar-information-gain","404","16","lineage-404","treatment","before","4","1","1","1","true","familiar"
"frozen-grammar-information-gain","404","16","lineage-404","treatment","before","5","1","1","1","true","familiar"
"frozen-grammar-information-gain","404","16","lineage-404","treatment","before","6","1","1","1","true","familiar"
"frozen-grammar-information-gain","404","16","lineage-404","treatment","before","7","0","0","0","true","familiar"
"frozen-grammar-information-gain","404","16","lineage-404","treatment","afterRegrowth","0","1","1","1","true","familiar"
"frozen-grammar-information-gain","404","16","lineage-404","treatment","afterRegrowth","1","0","0","0","true","familiar"
"frozen-grammar-information-gain","404","16","lineage-404","treatment","afterRegrowth","2","1","1","1","true","familiar"
"frozen-grammar-information-gain","404","16","lineage-404","treatment","afterRegrowth","3","0","0","0","true","familiar"
"frozen-grammar-information-gain","404","16","lineage-404","treatment","afterRegrowth","4","0","0","0","true","familiar"
"frozen-grammar-information-gain","404","16","lineage-404","treatment","afterRegrowth","5","1","1","1","true","familiar"
"frozen-grammar-information-gain","404","16","lineage-404","treatment","afterRegrowth","6","0","0","0","true","familiar"
"frozen-grammar-information-gain","404","16","lineage-404","treatment","afterRegrowth","7","1","1","1","true","familiar"
"frozen-grammar-information-gain","404","16","lineage-404","treatment","transfer","0","0","1","0","false","custom"
"frozen-grammar-information-gain","404","16","lineage-404","treatment","transfer","1","0","1","0","false","custom"
"frozen-grammar-information-gain","404","16","lineage-404","treatment","transfer","2","0","1","0","false","custom"
"frozen-grammar-information-gain","404","16","lineage-404","treatment","transfer","3","0","1","0","false","custom"
"frozen-grammar-information-gain","404","16","lineage-404","treatment","transfer","4","1","0","1","false","custom"
"frozen-grammar-information-gain","404","16","lineage-404","treatment","transfer","5","0","1","0","false","custom"
"frozen-grammar-information-gain","404","16","lineage-404","treatment","transfer","6","1","0","1","false","custom"
"frozen-grammar-information-gain","404","16","lineage-404","treatment","transfer","7","0","1","0","false","custom"
"frozen-grammar-information-gain","404","17","lineage-404","control","before","0","1","1","1","true","familiar"
"frozen-grammar-information-gain","404","17","lineage-404","control","before","1","1","1","1","true","familiar"
"frozen-grammar-information-gain","404","17","lineage-404","control","before","2","1","1","1","true","familiar"
"frozen-grammar-information-gain","404","17","lineage-404","control","before","3","0","0","0","true","familiar"
"frozen-grammar-information-gain","404","17","lineage-404","control","before","4","1","1","1","true","familiar"
"frozen-grammar-information-gain","404","17","lineage-404","control","before","5","1","1","1","true","familiar"
"frozen-grammar-information-gain","404","17","lineage-404","control","before","6","1","1","1","true","familiar"
"frozen-grammar-information-gain","404","17","lineage-404","control","before","7","0","0","0","true","familiar"
"frozen-grammar-information-gain","404","17","lineage-404","control","afterRegrowth","0","1","1","1","true","familiar"
"frozen-grammar-information-gain","404","17","lineage-404","control","afterRegrowth","1","0","0","0","true","familiar"
"frozen-grammar-information-gain","404","17","lineage-404","control","afterRegrowth","2","1","1","1","true","familiar"
"frozen-grammar-information-gain","404","17","lineage-404","control","afterRegrowth","3","0","0","0","true","familiar"
"frozen-grammar-information-gain","404","17","lineage-404","control","afterRegrowth","4","0","0","0","true","familiar"
"frozen-grammar-information-gain","404","17","lineage-404","control","afterRegrowth","5","1","1","1","true","familiar"
"frozen-grammar-information-gain","404","17","lineage-404","control","afterRegrowth","6","0","0","0","true","familiar"
"frozen-grammar-information-gain","404","17","lineage-404","control","afterRegrowth","7","1","1","1","true","familiar"
"frozen-grammar-information-gain","404","17","lineage-404","control","transfer","0","0","1","0","false","custom"
"frozen-grammar-information-gain","404","17","lineage-404","control","transfer","1","0","1","0","false","custom"
"frozen-grammar-information-gain","404","17","lineage-404","control","transfer","2","0","1","0","false","custom"
"frozen-grammar-information-gain","404","17","lineage-404","control","transfer","3","0","1","0","false","custom"
"frozen-grammar-information-gain","404","17","lineage-404","control","transfer","4","1","0","1","false","custom"
"frozen-grammar-information-gain","404","17","lineage-404","control","transfer","5","0","1","0","false","custom"
"frozen-grammar-information-gain","404","17","lineage-404","control","transfer","6","1","0","1","false","custom"
"frozen-grammar-information-gain","404","17","lineage-404","control","transfer","7","0","1","0","false","custom"
"frozen-grammar-information-gain","404","17","lineage-404","treatment","before","0","1","1","1","true","familiar"
"frozen-grammar-information-gain","404","17","lineage-404","treatment","before","1","1","1","1","true","familiar"
"frozen-grammar-information-gain","404","17","lineage-404","treatment","before","2","1","1","1","true","familiar"
"frozen-grammar-information-gain","404","17","lineage-404","treatment","before","3","0","0","0","true","familiar"
"frozen-grammar-information-gain","404","17","lineage-404","treatment","before","4","1","1","1","true","familiar"
"frozen-grammar-information-gain","404","17","lineage-404","treatment","before","5","1","1","1","true","familiar"
"frozen-grammar-information-gain","404","17","lineage-404","treatment","before","6","1","1","1","true","familiar"
"frozen-grammar-information-gain","404","17","lineage-404","treatment","before","7","0","0","0","true","familiar"
"frozen-grammar-information-gain","404","17","lineage-404","treatment","afterRegrowth","0","1","1","1","true","familiar"
"frozen-grammar-information-gain","404","17","lineage-404","treatment","afterRegrowth","1","0","0","0","true","familiar"
"frozen-grammar-information-gain","404","17","lineage-404","treatment","afterRegrowth","2","1","1","1","true","familiar"
"frozen-grammar-information-gain","404","17","lineage-404","treatment","afterRegrowth","3","0","0","0","true","familiar"
"frozen-grammar-information-gain","404","17","lineage-404","treatment","afterRegrowth","4","0","0","0","true","familiar"
"frozen-grammar-information-gain","404","17","lineage-404","treatment","afterRegrowth","5","1","1","1","true","familiar"
"frozen-grammar-information-gain","404","17","lineage-404","treatment","afterRegrowth","6","0","0","0","true","familiar"
"frozen-grammar-information-gain","404","17","lineage-404","treatment","afterRegrowth","7","1","1","1","true","familiar"
"frozen-grammar-information-gain","404","17","lineage-404","treatment","transfer","0","0","1","0","false","custom"
"frozen-grammar-information-gain","404","17","lineage-404","treatment","transfer","1","0","1","0","false","custom"
"frozen-grammar-information-gain","404","17","lineage-404","treatment","transfer","2","0","1","0","false","custom"
"frozen-grammar-information-gain","404","17","lineage-404","treatment","transfer","3","0","1","0","false","custom"
"frozen-grammar-information-gain","404","17","lineage-404","treatment","transfer","4","1","0","1","false","custom"
"frozen-grammar-information-gain","404","17","lineage-404","treatment","transfer","5","0","1","0","false","custom"
"frozen-grammar-information-gain","404","17","lineage-404","treatment","transfer","6","1","0","1","false","custom"
"frozen-grammar-information-gain","404","17","lineage-404","treatment","transfer","7","0","1","0","false","custom"
"frozen-grammar-information-gain","404","18","lineage-404","control","before","0","1","1","1","true","familiar"
"frozen-grammar-information-gain","404","18","lineage-404","control","before","1","1","1","1","true","familiar"
"frozen-grammar-information-gain","404","18","lineage-404","control","before","2","1","1","1","true","familiar"
"frozen-grammar-information-gain","404","18","lineage-404","control","before","3","0","0","0","true","familiar"
"frozen-grammar-information-gain","404","18","lineage-404","control","before","4","1","1","1","true","familiar"
"frozen-grammar-information-gain","404","18","lineage-404","control","before","5","1","1","1","true","familiar"
"frozen-grammar-information-gain","404","18","lineage-404","control","before","6","1","1","1","true","familiar"
"frozen-grammar-information-gain","404","18","lineage-404","control","before","7","0","0","0","true","familiar"
"frozen-grammar-information-gain","404","18","lineage-404","control","afterRegrowth","0","1","1","1","true","familiar"
"frozen-grammar-information-gain","404","18","lineage-404","control","afterRegrowth","1","0","0","0","true","familiar"
"frozen-grammar-information-gain","404","18","lineage-404","control","afterRegrowth","2","1","1","1","true","familiar"
"frozen-grammar-information-gain","404","18","lineage-404","control","afterRegrowth","3","0","0","0","true","familiar"
"frozen-grammar-information-gain","404","18","lineage-404","control","afterRegrowth","4","0","0","0","true","familiar"
"frozen-grammar-information-gain","404","18","lineage-404","control","afterRegrowth","5","1","1","1","true","familiar"
"frozen-grammar-information-gain","404","18","lineage-404","control","afterRegrowth","6","0","0","0","true","familiar"
"frozen-grammar-information-gain","404","18","lineage-404","control","afterRegrowth","7","1","1","1","true","familiar"
"frozen-grammar-information-gain","404","18","lineage-404","control","transfer","0","0","1","0","false","custom"
"frozen-grammar-information-gain","404","18","lineage-404","control","transfer","1","0","1","0","false","custom"
"frozen-grammar-information-gain","404","18","lineage-404","control","transfer","2","0","1","0","false","custom"
"frozen-grammar-information-gain","404","18","lineage-404","control","transfer","3","0","1","0","false","custom"
"frozen-grammar-information-gain","404","18","lineage-404","control","transfer","4","1","0","1","false","custom"
"frozen-grammar-information-gain","404","18","lineage-404","control","transfer","5","0","1","0","false","custom"
"frozen-grammar-information-gain","404","18","lineage-404","control","transfer","6","1","0","1","false","custom"
"frozen-grammar-information-gain","404","18","lineage-404","control","transfer","7","0","1","0","false","custom"
"frozen-grammar-information-gain","404","18","lineage-404","treatment","before","0","1","1","1","true","familiar"
"frozen-grammar-information-gain","404","18","lineage-404","treatment","before","1","1","1","1","true","familiar"
"frozen-grammar-information-gain","404","18","lineage-404","treatment","before","2","1","1","1","true","familiar"
"frozen-grammar-information-gain","404","18","lineage-404","treatment","before","3","0","0","0","true","familiar"
"frozen-grammar-information-gain","404","18","lineage-404","treatment","before","4","1","1","1","true","familiar"
"frozen-grammar-information-gain","404","18","lineage-404","treatment","before","5","1","1","1","true","familiar"
"frozen-grammar-information-gain","404","18","lineage-404","treatment","before","6","1","1","1","true","familiar"
"frozen-grammar-information-gain","404","18","lineage-404","treatment","before","7","0","0","0","true","familiar"
"frozen-grammar-information-gain","404","18","lineage-404","treatment","afterRegrowth","0","1","1","1","true","familiar"
"frozen-grammar-information-gain","404","18","lineage-404","treatment","afterRegrowth","1","0","0","0","true","familiar"
"frozen-grammar-information-gain","404","18","lineage-404","treatment","afterRegrowth","2","1","1","1","true","familiar"
"frozen-grammar-information-gain","404","18","lineage-404","treatment","afterRegrowth","3","0","0","0","true","familiar"
"frozen-grammar-information-gain","404","18","lineage-404","treatment","afterRegrowth","4","0","0","0","true","familiar"
"frozen-grammar-information-gain","404","18","lineage-404","treatment","afterRegrowth","5","1","1","1","true","familiar"
"frozen-grammar-information-gain","404","18","lineage-404","treatment","afterRegrowth","6","0","0","0","true","familiar"
"frozen-grammar-information-gain","404","18","lineage-404","treatment","afterRegrowth","7","1","1","1","true","familiar"
"frozen-grammar-information-gain","404","18","lineage-404","treatment","transfer","0","0","1","0","false","custom"
"frozen-grammar-information-gain","404","18","lineage-404","treatment","transfer","1","0","1","0","false","custom"
"frozen-grammar-information-gain","404","18","lineage-404","treatment","transfer","2","0","1","0","false","custom"
"frozen-grammar-information-gain","404","18","lineage-404","treatment","transfer","3","0","1","0","false","custom"
"frozen-grammar-information-gain","404","18","lineage-404","treatment","transfer","4","1","0","1","false","custom"
"frozen-grammar-information-gain","404","18","lineage-404","treatment","transfer","5","0","1","0","false","custom"
"frozen-grammar-information-gain","404","18","lineage-404","treatment","transfer","6","1","0","1","false","custom"
"frozen-grammar-information-gain","404","18","lineage-404","treatment","transfer","7","0","1","0","false","custom"
"frozen-grammar-information-gain","404","19","lineage-404","control","before","0","1","1","1","true","familiar"
"frozen-grammar-information-gain","404","19","lineage-404","control","before","1","1","1","1","true","familiar"
"frozen-grammar-information-gain","404","19","lineage-404","control","before","2","1","1","1","true","familiar"
"frozen-grammar-information-gain","404","19","lineage-404","control","before","3","0","0","0","true","familiar"
"frozen-grammar-information-gain","404","19","lineage-404","control","before","4","1","1","1","true","familiar"
"frozen-grammar-information-gain","404","19","lineage-404","control","before","5","1","1","1","true","familiar"
"frozen-grammar-information-gain","404","19","lineage-404","control","before","6","1","1","1","true","familiar"
"frozen-grammar-information-gain","404","19","lineage-404","control","before","7","0","0","0","true","familiar"
"frozen-grammar-information-gain","404","19","lineage-404","control","afterRegrowth","0","1","1","1","true","familiar"
"frozen-grammar-information-gain","404","19","lineage-404","control","afterRegrowth","1","0","0","0","true","familiar"
"frozen-grammar-information-gain","404","19","lineage-404","control","afterRegrowth","2","1","1","1","true","familiar"
"frozen-grammar-information-gain","404","19","lineage-404","control","afterRegrowth","3","0","0","0","true","familiar"
"frozen-grammar-information-gain","404","19","lineage-404","control","afterRegrowth","4","0","0","0","true","familiar"
"frozen-grammar-information-gain","404","19","lineage-404","control","afterRegrowth","5","1","1","1","true","familiar"
"frozen-grammar-information-gain","404","19","lineage-404","control","afterRegrowth","6","0","0","0","true","familiar"
"frozen-grammar-information-gain","404","19","lineage-404","control","afterRegrowth","7","1","1","1","true","familiar"
"frozen-grammar-information-gain","404","19","lineage-404","control","transfer","0","0","1","0","false","custom"
"frozen-grammar-information-gain","404","19","lineage-404","control","transfer","1","0","1","0","false","custom"
"frozen-grammar-information-gain","404","19","lineage-404","control","transfer","2","0","1","0","false","custom"
"frozen-grammar-information-gain","404","19","lineage-404","control","transfer","3","0","1","0","false","custom"
"frozen-grammar-information-gain","404","19","lineage-404","control","transfer","4","1","0","1","false","custom"
"frozen-grammar-information-gain","404","19","lineage-404","control","transfer","5","0","1","0","false","custom"
"frozen-grammar-information-gain","404","19","lineage-404","control","transfer","6","1","0","1","false","custom"
"frozen-grammar-information-gain","404","19","lineage-404","control","transfer","7","0","1","0","false","custom"
"frozen-grammar-information-gain","404","19","lineage-404","treatment","before","0","1","1","1","true","familiar"
"frozen-grammar-information-gain","404","19","lineage-404","treatment","before","1","1","1","1","true","familiar"
"frozen-grammar-information-gain","404","19","lineage-404","treatment","before","2","1","1","1","true","familiar"
"frozen-grammar-information-gain","404","19","lineage-404","treatment","before","3","0","0","0","true","familiar"
"frozen-grammar-information-gain","404","19","lineage-404","treatment","before","4","1","1","1","true","familiar"
"frozen-grammar-information-gain","404","19","lineage-404","treatment","before","5","1","1","1","true","familiar"
"frozen-grammar-information-gain","404","19","lineage-404","treatment","before","6","1","1","1","true","familiar"
"frozen-grammar-information-gain","404","19","lineage-404","treatment","before","7","0","0","0","true","familiar"
"frozen-grammar-information-gain","404","19","lineage-404","treatment","afterRegrowth","0","1","1","1","true","familiar"
"frozen-grammar-information-gain","404","19","lineage-404","treatment","afterRegrowth","1","0","0","0","true","familiar"
"frozen-grammar-information-gain","404","19","lineage-404","treatment","afterRegrowth","2","1","1","1","true","familiar"
"frozen-grammar-information-gain","404","19","lineage-404","treatment","afterRegrowth","3","0","0","0","true","familiar"
"frozen-grammar-information-gain","404","19","lineage-404","treatment","afterRegrowth","4","0","0","0","true","familiar"
"frozen-grammar-information-gain","404","19","lineage-404","treatment","afterRegrowth","5","1","1","1","true","familiar"
"frozen-grammar-information-gain","404","19","lineage-404","treatment","afterRegrowth","6","0","0","0","true","familiar"
"frozen-grammar-information-gain","404","19","lineage-404","treatment","afterRegrowth","7","1","1","1","true","familiar"
"frozen-grammar-information-gain","404","19","lineage-404","treatment","transfer","0","0","1","0","false","custom"
"frozen-grammar-information-gain","404","19","lineage-404","treatment","transfer","1","0","1","0","false","custom"
"frozen-grammar-information-gain","404","19","lineage-404","treatment","transfer","2","0","1","0","false","custom"
"frozen-grammar-information-gain","404","19","lineage-404","treatment","transfer","3","0","1","0","false","custom"
"frozen-grammar-information-gain","404","19","lineage-404","treatment","transfer","4","1","0","1","false","custom"
"frozen-grammar-information-gain","404","19","lineage-404","treatment","transfer","5","0","1","0","false","custom"
"frozen-grammar-information-gain","404","19","lineage-404","treatment","transfer","6","1","0","1","false","custom"
"frozen-grammar-information-gain","404","19","lineage-404","treatment","transfer","7","0","1","0","false","custom"
"adaptive-revisable-grammar","404","15","lineage-404","control","before","0","1","1","1","true","familiar"
"adaptive-revisable-grammar","404","15","lineage-404","control","before","1","1","1","1","true","familiar"
"adaptive-revisable-grammar","404","15","lineage-404","control","before","2","1","1","1","true","familiar"
"adaptive-revisable-grammar","404","15","lineage-404","control","before","3","0","0","0","true","familiar"
"adaptive-revisable-grammar","404","15","lineage-404","control","before","4","1","1","1","true","familiar"
"adaptive-revisable-grammar","404","15","lineage-404","control","before","5","1","1","1","true","familiar"
"adaptive-revisable-grammar","404","15","lineage-404","control","before","6","1","1","1","true","familiar"
"adaptive-revisable-grammar","404","15","lineage-404","control","before","7","0","0","0","true","familiar"
"adaptive-revisable-grammar","404","15","lineage-404","control","afterRegrowth","0","1","1","1","true","familiar"
"adaptive-revisable-grammar","404","15","lineage-404","control","afterRegrowth","1","0","0","0","true","familiar"
"adaptive-revisable-grammar","404","15","lineage-404","control","afterRegrowth","2","1","1","1","true","familiar"
"adaptive-revisable-grammar","404","15","lineage-404","control","afterRegrowth","3","0","0","0","true","familiar"
"adaptive-revisable-grammar","404","15","lineage-404","control","afterRegrowth","4","0","0","0","true","familiar"
"adaptive-revisable-grammar","404","15","lineage-404","control","afterRegrowth","5","1","1","1","true","familiar"
"adaptive-revisable-grammar","404","15","lineage-404","control","afterRegrowth","6","0","0","0","true","familiar"
"adaptive-revisable-grammar","404","15","lineage-404","control","afterRegrowth","7","1","1","1","true","familiar"
"adaptive-revisable-grammar","404","15","lineage-404","control","transfer","0","0","1","0","false","custom"
"adaptive-revisable-grammar","404","15","lineage-404","control","transfer","1","0","1","0","false","custom"
"adaptive-revisable-grammar","404","15","lineage-404","control","transfer","2","0","1","0","false","custom"
"adaptive-revisable-grammar","404","15","lineage-404","control","transfer","3","0","1","0","false","custom"
"adaptive-revisable-grammar","404","15","lineage-404","control","transfer","4","1","0","1","false","custom"
"adaptive-revisable-grammar","404","15","lineage-404","control","transfer","5","0","1","0","false","custom"
"adaptive-revisable-grammar","404","15","lineage-404","control","transfer","6","1","0","1","false","custom"
"adaptive-revisable-grammar","404","15","lineage-404","control","transfer","7","0","1","0","false","custom"
"adaptive-revisable-grammar","404","15","lineage-404","treatment","before","0","1","1","1","true","familiar"
"adaptive-revisable-grammar","404","15","lineage-404","treatment","before","1","1","1","1","true","familiar"
"adaptive-revisable-grammar","404","15","lineage-404","treatment","before","2","1","1","1","true","familiar"
"adaptive-revisable-grammar","404","15","lineage-404","treatment","before","3","0","0","0","true","familiar"
"adaptive-revisable-grammar","404","15","lineage-404","treatment","before","4","1","1","1","true","familiar"
"adaptive-revisable-grammar","404","15","lineage-404","treatment","before","5","1","1","1","true","familiar"
"adaptive-revisable-grammar","404","15","lineage-404","treatment","before","6","1","1","1","true","familiar"
"adaptive-revisable-grammar","404","15","lineage-404","treatment","before","7","0","0","0","true","familiar"
"adaptive-revisable-grammar","404","15","lineage-404","treatment","afterRegrowth","0","1","1","1","true","familiar"
"adaptive-revisable-grammar","404","15","lineage-404","treatment","afterRegrowth","1","0","0","0","true","familiar"
"adaptive-revisable-grammar","404","15","lineage-404","treatment","afterRegrowth","2","1","1","1","true","familiar"
"adaptive-revisable-grammar","404","15","lineage-404","treatment","afterRegrowth","3","0","0","0","true","familiar"
"adaptive-revisable-grammar","404","15","lineage-404","treatment","afterRegrowth","4","0","0","0","true","familiar"
"adaptive-revisable-grammar","404","15","lineage-404","treatment","afterRegrowth","5","1","1","1","true","familiar"
"adaptive-revisable-grammar","404","15","lineage-404","treatment","afterRegrowth","6","0","0","0","true","familiar"
"adaptive-revisable-grammar","404","15","lineage-404","treatment","afterRegrowth","7","1","1","1","true","familiar"
"adaptive-revisable-grammar","404","15","lineage-404","treatment","transfer","0","0","1","0","false","custom"
"adaptive-revisable-grammar","404","15","lineage-404","treatment","transfer","1","0","1","0","false","custom"
"adaptive-revisable-grammar","404","15","lineage-404","treatment","transfer","2","0","1","0","false","custom"
"adaptive-revisable-grammar","404","15","lineage-404","treatment","transfer","3","0","1","0","false","custom"
"adaptive-revisable-grammar","404","15","lineage-404","treatment","transfer","4","1","0","1","false","custom"
"adaptive-revisable-grammar","404","15","lineage-404","treatment","transfer","5","0","1","0","false","custom"
"adaptive-revisable-grammar","404","15","lineage-404","treatment","transfer","6","1","0","1","false","custom"
"adaptive-revisable-grammar","404","15","lineage-404","treatment","transfer","7","0","1","0","false","custom"
"adaptive-revisable-grammar","404","16","lineage-404","control","before","0","1","1","1","true","familiar"
"adaptive-revisable-grammar","404","16","lineage-404","control","before","1","1","1","1","true","familiar"
"adaptive-revisable-grammar","404","16","lineage-404","control","before","2","1","1","1","true","familiar"
"adaptive-revisable-grammar","404","16","lineage-404","control","before","3","0","0","0","true","familiar"
"adaptive-revisable-grammar","404","16","lineage-404","control","before","4","1","1","1","true","familiar"
"adaptive-revisable-grammar","404","16","lineage-404","control","before","5","1","1","1","true","familiar"
"adaptive-revisable-grammar","404","16","lineage-404","control","before","6","1","1","1","true","familiar"
"adaptive-revisable-grammar","404","16","lineage-404","control","before","7","0","0","0","true","familiar"
"adaptive-revisable-grammar","404","16","lineage-404","control","afterRegrowth","0","1","1","1","true","familiar"
"adaptive-revisable-grammar","404","16","lineage-404","control","afterRegrowth","1","0","0","0","true","familiar"
"adaptive-revisable-grammar","404","16","lineage-404","control","afterRegrowth","2","1","1","1","true","familiar"
"adaptive-revisable-grammar","404","16","lineage-404","control","afterRegrowth","3","0","0","0","true","familiar"
"adaptive-revisable-grammar","404","16","lineage-404","control","afterRegrowth","4","0","0","0","true","familiar"
"adaptive-revisable-grammar","404","16","lineage-404","control","afterRegrowth","5","1","1","1","true","familiar"
"adaptive-revisable-grammar","404","16","lineage-404","control","afterRegrowth","6","0","0","0","true","familiar"
"adaptive-revisable-grammar","404","16","lineage-404","control","afterRegrowth","7","1","1","1","true","familiar"
"adaptive-revisable-grammar","404","16","lineage-404","control","transfer","0","0","1","0","false","custom"
"adaptive-revisable-grammar","404","16","lineage-404","control","transfer","1","0","1","0","false","custom"
"adaptive-revisable-grammar","404","16","lineage-404","control","transfer","2","0","1","0","false","custom"
"adaptive-revisable-grammar","404","16","lineage-404","control","transfer","3","0","1","0","false","custom"
"adaptive-revisable-grammar","404","16","lineage-404","control","transfer","4","1","0","1","false","custom"
"adaptive-revisable-grammar","404","16","lineage-404","control","transfer","5","0","1","0","false","custom"
"adaptive-revisable-grammar","404","16","lineage-404","control","transfer","6","1","0","1","false","custom"
"adaptive-revisable-grammar","404","16","lineage-404","control","transfer","7","0","1","0","false","custom"
"adaptive-revisable-grammar","404","16","lineage-404","treatment","before","0","1","1","1","true","familiar"
"adaptive-revisable-grammar","404","16","lineage-404","treatment","before","1","1","1","1","true","familiar"
"adaptive-revisable-grammar","404","16","lineage-404","treatment","before","2","1","1","1","true","familiar"
"adaptive-revisable-grammar","404","16","lineage-404","treatment","before","3","0","0","0","true","familiar"
"adaptive-revisable-grammar","404","16","lineage-404","treatment","before","4","1","1","1","true","familiar"
"adaptive-revisable-grammar","404","16","lineage-404","treatment","before","5","1","1","1","true","familiar"
"adaptive-revisable-grammar","404","16","lineage-404","treatment","before","6","1","1","1","true","familiar"
"adaptive-revisable-grammar","404","16","lineage-404","treatment","before","7","0","0","0","true","familiar"
"adaptive-revisable-grammar","404","16","lineage-404","treatment","afterRegrowth","0","1","1","1","true","familiar"
"adaptive-revisable-grammar","404","16","lineage-404","treatment","afterRegrowth","1","0","0","0","true","familiar"
"adaptive-revisable-grammar","404","16","lineage-404","treatment","afterRegrowth","2","1","1","1","true","familiar"
"adaptive-revisable-grammar","404","16","lineage-404","treatment","afterRegrowth","3","0","0","0","true","familiar"
"adaptive-revisable-grammar","404","16","lineage-404","treatment","afterRegrowth","4","0","0","0","true","familiar"
"adaptive-revisable-grammar","404","16","lineage-404","treatment","afterRegrowth","5","1","1","1","true","familiar"
"adaptive-revisable-grammar","404","16","lineage-404","treatment","afterRegrowth","6","0","0","0","true","familiar"
"adaptive-revisable-grammar","404","16","lineage-404","treatment","afterRegrowth","7","1","1","1","true","familiar"
"adaptive-revisable-grammar","404","16","lineage-404","treatment","transfer","0","0","1","0","false","custom"
"adaptive-revisable-grammar","404","16","lineage-404","treatment","transfer","1","0","1","0","false","custom"
"adaptive-revisable-grammar","404","16","lineage-404","treatment","transfer","2","0","1","0","false","custom"
"adaptive-revisable-grammar","404","16","lineage-404","treatment","transfer","3","0","1","0","false","custom"
"adaptive-revisable-grammar","404","16","lineage-404","treatment","transfer","4","1","0","1","false","custom"
"adaptive-revisable-grammar","404","16","lineage-404","treatment","transfer","5","0","1","0","false","custom"
"adaptive-revisable-grammar","404","16","lineage-404","treatment","transfer","6","1","0","1","false","custom"
"adaptive-revisable-grammar","404","16","lineage-404","treatment","transfer","7","0","1","0","false","custom"
"adaptive-revisable-grammar","404","17","lineage-404","control","before","0","1","1","1","true","familiar"
"adaptive-revisable-grammar","404","17","lineage-404","control","before","1","1","1","1","true","familiar"
"adaptive-revisable-grammar","404","17","lineage-404","control","before","2","1","1","1","true","familiar"
"adaptive-revisable-grammar","404","17","lineage-404","control","before","3","0","0","0","true","familiar"
"adaptive-revisable-grammar","404","17","lineage-404","control","before","4","1","1","1","true","familiar"
"adaptive-revisable-grammar","404","17","lineage-404","control","before","5","1","1","1","true","familiar"
"adaptive-revisable-grammar","404","17","lineage-404","control","before","6","1","1","1","true","familiar"
"adaptive-revisable-grammar","404","17","lineage-404","control","before","7","0","0","0","true","familiar"
"adaptive-revisable-grammar","404","17","lineage-404","control","afterRegrowth","0","1","1","1","true","familiar"
"adaptive-revisable-grammar","404","17","lineage-404","control","afterRegrowth","1","0","0","0","true","familiar"
"adaptive-revisable-grammar","404","17","lineage-404","control","afterRegrowth","2","1","1","1","true","familiar"
"adaptive-revisable-grammar","404","17","lineage-404","control","afterRegrowth","3","0","0","0","true","familiar"
"adaptive-revisable-grammar","404","17","lineage-404","control","afterRegrowth","4","0","0","0","true","familiar"
"adaptive-revisable-grammar","404","17","lineage-404","control","afterRegrowth","5","1","1","1","true","familiar"
"adaptive-revisable-grammar","404","17","lineage-404","control","afterRegrowth","6","0","0","0","true","familiar"
"adaptive-revisable-grammar","404","17","lineage-404","control","afterRegrowth","7","1","1","1","true","familiar"
"adaptive-revisable-grammar","404","17","lineage-404","control","transfer","0","0","1","0","false","custom"
"adaptive-revisable-grammar","404","17","lineage-404","control","transfer","1","0","1","0","false","custom"
"adaptive-revisable-grammar","404","17","lineage-404","control","transfer","2","0","1","0","false","custom"
"adaptive-revisable-grammar","404","17","lineage-404","control","transfer","3","0","1","0","false","custom"
"adaptive-revisable-grammar","404","17","lineage-404","control","transfer","4","1","0","1","false","custom"
"adaptive-revisable-grammar","404","17","lineage-404","control","transfer","5","0","1","0","false","custom"
"adaptive-revisable-grammar","404","17","lineage-404","control","transfer","6","1","0","1","false","custom"
"adaptive-revisable-grammar","404","17","lineage-404","control","transfer","7","0","1","0","false","custom"
"adaptive-revisable-grammar","404","17","lineage-404","treatment","before","0","1","1","1","true","familiar"
"adaptive-revisable-grammar","404","17","lineage-404","treatment","before","1","1","1","1","true","familiar"
"adaptive-revisable-grammar","404","17","lineage-404","treatment","before","2","1","1","1","true","familiar"
"adaptive-revisable-grammar","404","17","lineage-404","treatment","before","3","0","0","0","true","familiar"
"adaptive-revisable-grammar","404","17","lineage-404","treatment","before","4","1","1","1","true","familiar"
"adaptive-revisable-grammar","404","17","lineage-404","treatment","before","5","1","1","1","true","familiar"
"adaptive-revisable-grammar","404","17","lineage-404","treatment","before","6","1","1","1","true","familiar"
"adaptive-revisable-grammar","404","17","lineage-404","treatment","before","7","0","0","0","true","familiar"
"adaptive-revisable-grammar","404","17","lineage-404","treatment","afterRegrowth","0","1","1","1","true","familiar"
"adaptive-revisable-grammar","404","17","lineage-404","treatment","afterRegrowth","1","0","0","0","true","familiar"
"adaptive-revisable-grammar","404","17","lineage-404","treatment","afterRegrowth","2","1","1","1","true","familiar"
"adaptive-revisable-grammar","404","17","lineage-404","treatment","afterRegrowth","3","0","0","0","true","familiar"
"adaptive-revisable-grammar","404","17","lineage-404","treatment","afterRegrowth","4","0","0","0","true","familiar"
"adaptive-revisable-grammar","404","17","lineage-404","treatment","afterRegrowth","5","1","1","1","true","familiar"
"adaptive-revisable-grammar","404","17","lineage-404","treatment","afterRegrowth","6","0","0","0","true","familiar"
"adaptive-revisable-grammar","404","17","lineage-404","treatment","afterRegrowth","7","1","1","1","true","familiar"
"adaptive-revisable-grammar","404","17","lineage-404","treatment","transfer","0","0","1","0","false","custom"
"adaptive-revisable-grammar","404","17","lineage-404","treatment","transfer","1","0","1","0","false","custom"
"adaptive-revisable-grammar","404","17","lineage-404","treatment","transfer","2","0","1","0","false","custom"
"adaptive-revisable-grammar","404","17","lineage-404","treatment","transfer","3","0","1","0","false","custom"
"adaptive-revisable-grammar","404","17","lineage-404","treatment","transfer","4","1","0","1","false","custom"
"adaptive-revisable-grammar","404","17","lineage-404","treatment","transfer","5","0","1","0","false","custom"
"adaptive-revisable-grammar","404","17","lineage-404","treatment","transfer","6","1","0","1","false","custom"
"adaptive-revisable-grammar","404","17","lineage-404","treatment","transfer","7","0","1","0","false","custom"
"adaptive-revisable-grammar","404","18","lineage-404","control","before","0","1","1","1","true","familiar"
"adaptive-revisable-grammar","404","18","lineage-404","control","before","1","1","1","1","true","familiar"
"adaptive-revisable-grammar","404","18","lineage-404","control","before","2","1","1","1","true","familiar"
"adaptive-revisable-grammar","404","18","lineage-404","control","before","3","0","0","0","true","familiar"
"adaptive-revisable-grammar","404","18","lineage-404","control","before","4","1","1","1","true","familiar"
"adaptive-revisable-grammar","404","18","lineage-404","control","before","5","1","1","1","true","familiar"
"adaptive-revisable-grammar","404","18","lineage-404","control","before","6","1","1","1","true","familiar"
"adaptive-revisable-grammar","404","18","lineage-404","control","before","7","0","0","0","true","familiar"
"adaptive-revisable-grammar","404","18","lineage-404","control","afterRegrowth","0","1","1","1","true","familiar"
"adaptive-revisable-grammar","404","18","lineage-404","control","afterRegrowth","1","0","0","0","true","familiar"
"adaptive-revisable-grammar","404","18","lineage-404","control","afterRegrowth","2","1","1","1","true","familiar"
"adaptive-revisable-grammar","404","18","lineage-404","control","afterRegrowth","3","0","0","0","true","familiar"
"adaptive-revisable-grammar","404","18","lineage-404","control","afterRegrowth","4","0","0","0","true","familiar"
"adaptive-revisable-grammar","404","18","lineage-404","control","afterRegrowth","5","1","1","1","true","familiar"
"adaptive-revisable-grammar","404","18","lineage-404","control","afterRegrowth","6","0","0","0","true","familiar"
"adaptive-revisable-grammar","404","18","lineage-404","control","afterRegrowth","7","1","1","1","true","familiar"
"adaptive-revisable-grammar","404","18","lineage-404","control","transfer","0","0","1","0","false","custom"
"adaptive-revisable-grammar","404","18","lineage-404","control","transfer","1","0","1","0","false","custom"
"adaptive-revisable-grammar","404","18","lineage-404","control","transfer","2","0","1","0","false","custom"
"adaptive-revisable-grammar","404","18","lineage-404","control","transfer","3","0","1","0","false","custom"
"adaptive-revisable-grammar","404","18","lineage-404","control","transfer","4","1","0","1","false","custom"
"adaptive-revisable-grammar","404","18","lineage-404","control","transfer","5","0","1","0","false","custom"
"adaptive-revisable-grammar","404","18","lineage-404","control","transfer","6","1","0","1","false","custom"
"adaptive-revisable-grammar","404","18","lineage-404","control","transfer","7","0","1","0","false","custom"
"adaptive-revisable-grammar","404","18","lineage-404","treatment","before","0","1","1","1","true","familiar"
"adaptive-revisable-grammar","404","18","lineage-404","treatment","before","1","1","1","1","true","familiar"
"adaptive-revisable-grammar","404","18","lineage-404","treatment","before","2","1","1","1","true","familiar"
"adaptive-revisable-grammar","404","18","lineage-404","treatment","before","3","0","0","0","true","familiar"
"adaptive-revisable-grammar","404","18","lineage-404","treatment","before","4","1","1","1","true","familiar"
"adaptive-revisable-grammar","404","18","lineage-404","treatment","before","5","1","1","1","true","familiar"
"adaptive-revisable-grammar","404","18","lineage-404","treatment","before","6","1","1","1","true","familiar"
"adaptive-revisable-grammar","404","18","lineage-404","treatment","before","7","0","0","0","true","familiar"
"adaptive-revisable-grammar","404","18","lineage-404","treatment","afterRegrowth","0","1","1","1","true","familiar"
"adaptive-revisable-grammar","404","18","lineage-404","treatment","afterRegrowth","1","0","0","0","true","familiar"
"adaptive-revisable-grammar","404","18","lineage-404","treatment","afterRegrowth","2","1","1","1","true","familiar"
"adaptive-revisable-grammar","404","18","lineage-404","treatment","afterRegrowth","3","0","0","0","true","familiar"
"adaptive-revisable-grammar","404","18","lineage-404","treatment","afterRegrowth","4","0","0","0","true","familiar"
"adaptive-revisable-grammar","404","18","lineage-404","treatment","afterRegrowth","5","1","1","1","true","familiar"
"adaptive-revisable-grammar","404","18","lineage-404","treatment","afterRegrowth","6","0","0","0","true","familiar"
"adaptive-revisable-grammar","404","18","lineage-404","treatment","afterRegrowth","7","1","1","1","true","familiar"
"adaptive-revisable-grammar","404","18","lineage-404","treatment","transfer","0","0","1","0","false","custom"
"adaptive-revisable-grammar","404","18","lineage-404","treatment","transfer","1","0","1","0","false","custom"
"adaptive-revisable-grammar","404","18","lineage-404","treatment","transfer","2","0","1","0","false","custom"
"adaptive-revisable-grammar","404","18","lineage-404","treatment","transfer","3","0","1","0","false","custom"
"adaptive-revisable-grammar","404","18","lineage-404","treatment","transfer","4","1","0","1","false","custom"
"adaptive-revisable-grammar","404","18","lineage-404","treatment","transfer","5","0","1","0","false","custom"
"adaptive-revisable-grammar","404","18","lineage-404","treatment","transfer","6","1","0","1","false","custom"
"adaptive-revisable-grammar","404","18","lineage-404","treatment","transfer","7","0","1","0","false","custom"
"adaptive-revisable-grammar","404","19","lineage-404","control","before","0","1","1","1","true","familiar"
"adaptive-revisable-grammar","404","19","lineage-404","control","before","1","1","1","1","true","familiar"
"adaptive-revisable-grammar","404","19","lineage-404","control","before","2","1","1","1","true","familiar"
"adaptive-revisable-grammar","404","19","lineage-404","control","before","3","0","0","0","true","familiar"
"adaptive-revisable-grammar","404","19","lineage-404","control","before","4","1","1","1","true","familiar"
"adaptive-revisable-grammar","404","19","lineage-404","control","before","5","1","1","1","true","familiar"
"adaptive-revisable-grammar","404","19","lineage-404","control","before","6","1","1","1","true","familiar"
"adaptive-revisable-grammar","404","19","lineage-404","control","before","7","0","0","0","true","familiar"
"adaptive-revisable-grammar","404","19","lineage-404","control","afterRegrowth","0","1","1","1","true","familiar"
"adaptive-revisable-grammar","404","19","lineage-404","control","afterRegrowth","1","0","0","0","true","familiar"
"adaptive-revisable-grammar","404","19","lineage-404","control","afterRegrowth","2","1","1","1","true","familiar"
"adaptive-revisable-grammar","404","19","lineage-404","control","afterRegrowth","3","0","0","0","true","familiar"
"adaptive-revisable-grammar","404","19","lineage-404","control","afterRegrowth","4","0","0","0","true","familiar"
"adaptive-revisable-grammar","404","19","lineage-404","control","afterRegrowth","5","1","1","1","true","familiar"
"adaptive-revisable-grammar","404","19","lineage-404","control","afterRegrowth","6","0","0","0","true","familiar"
"adaptive-revisable-grammar","404","19","lineage-404","control","afterRegrowth","7","1","1","1","true","familiar"
"adaptive-revisable-grammar","404","19","lineage-404","control","transfer","0","0","1","0","false","custom"
"adaptive-revisable-grammar","404","19","lineage-404","control","transfer","1","0","1","0","false","custom"
"adaptive-revisable-grammar","404","19","lineage-404","control","transfer","2","0","1","0","false","custom"
"adaptive-revisable-grammar","404","19","lineage-404","control","transfer","3","0","1","0","false","custom"
"adaptive-revisable-grammar","404","19","lineage-404","control","transfer","4","1","0","1","false","custom"
"adaptive-revisable-grammar","404","19","lineage-404","control","transfer","5","0","1","0","false","custom"
"adaptive-revisable-grammar","404","19","lineage-404","control","transfer","6","1","0","1","false","custom"
"adaptive-revisable-grammar","404","19","lineage-404","control","transfer","7","0","1","0","false","custom"
"adaptive-revisable-grammar","404","19","lineage-404","treatment","before","0","1","1","1","true","familiar"
"adaptive-revisable-grammar","404","19","lineage-404","treatment","before","1","1","1","1","true","familiar"
"adaptive-revisable-grammar","404","19","lineage-404","treatment","before","2","1","1","1","true","familiar"
"adaptive-revisable-grammar","404","19","lineage-404","treatment","before","3","0","0","0","true","familiar"
"adaptive-revisable-grammar","404","19","lineage-404","treatment","before","4","1","1","1","true","familiar"
"adaptive-revisable-grammar","404","19","lineage-404","treatment","before","5","1","1","1","true","familiar"
"adaptive-revisable-grammar","404","19","lineage-404","treatment","before","6","1","1","1","true","familiar"
"adaptive-revisable-grammar","404","19","lineage-404","treatment","before","7","0","0","0","true","familiar"
"adaptive-revisable-grammar","404","19","lineage-404","treatment","afterRegrowth","0","1","1","1","true","familiar"
"adaptive-revisable-grammar","404","19","lineage-404","treatment","afterRegrowth","1","0","0","0","true","familiar"
"adaptive-revisable-grammar","404","19","lineage-404","treatment","afterRegrowth","2","1","1","1","true","familiar"
"adaptive-revisable-grammar","404","19","lineage-404","treatment","afterRegrowth","3","0","0","0","true","familiar"
"adaptive-revisable-grammar","404","19","lineage-404","treatment","afterRegrowth","4","0","0","0","true","familiar"
"adaptive-revisable-grammar","404","19","lineage-404","treatment","afterRegrowth","5","1","1","1","true","familiar"
"adaptive-revisable-grammar","404","19","lineage-404","treatment","afterRegrowth","6","0","0","0","true","familiar"
"adaptive-revisable-grammar","404","19","lineage-404","treatment","afterRegrowth","7","1","1","1","true","familiar"
"adaptive-revisable-grammar","404","19","lineage-404","treatment","transfer","0","0","1","0","false","custom"
"adaptive-revisable-grammar","404","19","lineage-404","treatment","transfer","1","0","1","0","false","custom"
"adaptive-revisable-grammar","404","19","lineage-404","treatment","transfer","2","0","1","0","false","custom"
"adaptive-revisable-grammar","404","19","lineage-404","treatment","transfer","3","0","1","0","false","custom"
"adaptive-revisable-grammar","404","19","lineage-404","treatment","transfer","4","1","0","1","false","custom"
"adaptive-revisable-grammar","404","19","lineage-404","treatment","transfer","5","0","1","0","false","custom"
"adaptive-revisable-grammar","404","19","lineage-404","treatment","transfer","6","1","0","1","false","custom"
"adaptive-revisable-grammar","404","19","lineage-404","treatment","transfer","7","0","1","0","false","custom"
